,event id,width,length,azwidth,p_spot,p_track,p_worm
0,48,0.5100271885879457,1.9848679070376296,0.3771483042628821,0.9526500701904296,0.008539022877812386,0.030275724828243256
1,49,0.8363174927223791,0.8961108085126581,0.7978709570031424,0.9999445676803588,1.8338067093282007e-05,3.682047099573538e-05
2,50,1.0215125500435651,1.3757950054023462,1.4148573794316444,0.9999468326568604,1.016677742882166e-05,3.907603240804747e-05
