,event id,width,length,azwidth,p_spot,p_track,p_worm
0,90,0.546023110302936,1.7181802959316568,2.898688338778665,0.3838496208190918,0.5164783596992493,0.09738251566886902
