,event id,width,length,azwidth,p_spot,p_track,p_worm
0,11,3.033041812830967,8.588778666250404,35.93144653359953,0.00013421988114714622,0.04774705320596695,0.952025830745697
