,event id,width,length,azwidth,p_spot,p_track,p_worm
0,8,0.8236800711500091,0.9233764484044776,0.7899489255178918,0.9999991655349731,2.6156007493227657e-07,5.519133310372124e-07
1,22,0.3056045826562976,0.5030022679017683,0.19424271679917884,0.999995231628418,2.7762810077547333e-06,2.0033946839248533e-06
