,event id,width,length,azwidth,p_spot,p_track,p_worm
0,51,1.000050782131995,1.0407708186966642,1.0272174258666842,0.999992609024048,1.8591158550407272e-06,5.539111043617595e-06
