,event id,width,length,azwidth,p_spot,p_track,p_worm
0,44,0.8805964815294034,1.0443670498324518,0.7763139104299485,0.5003213286399841,0.24156689643859866,0.20853407680988312
