,event id,width,length,azwidth,p_spot,p_track,p_worm
0,8,0.8393238532161078,0.9906373662316714,0.7509574796680963,0.999998927116394,3.6126965596849924e-07,7.707394047429261e-07
