,event id,width,length,azwidth,p_spot,p_track,p_worm
0,72,1.0203083030464999,9.21192156507364,3.0053838113931715,0.0001827134110499173,0.8894311189651489,0.1103641763329506
