,event id,width,length,azwidth,p_spot,p_track,p_worm
0,3,0.8191404454359821,0.9376171060325332,0.8785888343099982,0.9999996423721312,1.0234936098640901e-07,2.3006633398381385e-07
