,event id,width,length,azwidth,p_spot,p_track,p_worm
0,34,1.3478279076967543,10.833659180636651,82.78727129596135,0.0003104862116742879,0.27424249053001404,0.7254059314727783
1,88,0.6286037513593862,0.7743900796951504,0.4412916868931249,0.9999061822891236,2.6470033844816503e-06,4.770025498146424e-06
