,event id,width,length,azwidth,p_spot,p_track,p_worm
0,8,0.5512791831225405,0.579009860563509,0.3179701298737299,0.9999977350234984,1.1663081522783614e-06,1.1264654631304438e-06
