,event id,width,length,azwidth,p_spot,p_track,p_worm
0,57,0.3400092544562577,0.7171275137102879,0.2812327380555756,0.9998446702957152,8.980961138149723e-05,6.528089579660445e-05
