,event id,width,length,azwidth,p_spot,p_track,p_worm
0,79,0.7472758091336071,0.8651715877911278,0.6143078514313511,0.9999997615814208,7.567236792738186e-08,1.1949751410611498e-07
1,100,1.0167108990205431,1.7411403295036951,2.4544680379164485,0.9931126236915588,0.0005890299216844141,0.006290426012128592
