,event id,width,length,azwidth,p_spot,p_track,p_worm
0,23,0.514330126019068,0.9229252919609532,0.4435068386211531,0.9994718432426452,0.0003548927197698504,0.0001720463624224067
