,event id,width,length,azwidth,p_spot,p_track,p_worm
0,30,0.7298281467840813,0.7460472675973427,0.532657660160687,0.9999991655349731,3.1733307537251676e-07,5.009156325286312e-07
