,event id,width,length,azwidth,p_spot,p_track,p_worm
0,13,0.8542366297352977,1.175346638465556,0.8519687524238806,0.9980785846710204,0.000589125556871295,0.0013243226567283273
