,event id,width,length,azwidth,p_spot,p_track,p_worm
0,26,0.7233682891117319,1.269816501636322,1.3224498292052924,0.9973551034927368,0.0007115101907402277,0.0019007053924724464
1,54,0.8911158939498033,0.9592690289717484,0.8030367578480427,0.9999995231628418,1.217289167243507e-07,3.460189077486575e-07
