,event id,width,length,azwidth,p_spot,p_track,p_worm
0,45,0.9796847575807988,2.067238303751936,1.7908336261514646,0.5650646686553955,0.263307124376297,0.1698056012392044
