,event id,width,length,azwidth,p_spot,p_track,p_worm
0,1,0.4297343024966028,0.5190196599869876,0.2027184418248131,0.9999997615814208,1.1695589563487375e-07,1.336509001248487e-07
1,67,0.8692146909403936,1.0294689059716755,0.7912601216572868,0.9999598264694214,1.031075771606993e-05,2.9772520065307617e-05
