,event id,width,length,azwidth,p_spot,p_track,p_worm
0,9,0.6175545606728925,30.28722695946618,32.990285694735604,0.0002054325450444594,0.7585371732711792,0.24092184007167816
1,14,0.37175807245396136,35.35014104143001,25.702176119837883,5.42838961337111e-06,0.9985600113868712,0.0013737953267991545
2,79,0.4032859650114346,34.637134824001016,314.15781111100887,4.534797881206032e-06,0.9990524649620056,0.0009282298269681633
3,95,0.3789914319423734,38.44470943110752,225.2847993791968,2.891925419135077e-07,0.9988964796066284,0.0010747292544692757
