,event id,width,length,azwidth,p_spot,p_track,p_worm
0,28,10.094532953606807,328.5826999853918,107869.20311057068,0.0034701589029282327,0.8360137343406677,0.15835294127464294
1,45,0.3802471030771367,1.0037421988308504,0.14475028550542401,0.008337128907442093,0.9651489853858948,0.022144801914691925
2,54,0.10081442221190808,6.601976234659093,38.91579955918828,0.00795926433056593,0.9519140124320984,0.039842087775468826
