,event id,width,length,azwidth,p_spot,p_track,p_worm
0,25,0.6347816649422132,14.13664109296845,14.594271695151507,0.0013906096573919056,0.9357206225395204,0.06286302208900453
1,54,0.7116499504617755,9.866474641366713,17.83244600791808,3.5512064641807235e-05,0.9664760231971741,0.03348817303776741
2,61,0.563933879660664,12.28053653162165,25.627249512971385,4.667080702347448e-06,0.9972323775291444,0.002741754753515125
3,77,1.0180216191123377,504.1749910921425,107560.39330746305,4.744020770885982e-06,0.99572092294693,0.004270368255674839
