,event id,width,length,azwidth,p_spot,p_track,p_worm
0,58,0.43244184349921183,43.35910157938025,1.8866623571655348,0.0003429119824431837,0.9649925827980042,0.03372770547866821
1,64,11.076377307831152,61.1524951618893,168.0896602862479,0.0006358678219839928,0.8898198008537292,0.10867638140916824
2,95,0.5488070937501366,44.45074703122451,553.7233383809685,0.0032660544384270906,0.5649749636650085,0.4216558337211609
