,event id,width,length,azwidth,p_spot,p_track,p_worm
0,58,0.7668008243053703,44.36572899939463,978.8735826412253,0.8656267523765564,0.0029207156039774427,0.13143113255500793
1,89,0.3215836032215801,36.010223937718436,816.1555044403708,0.0003984470968134701,0.970277726650238,0.02929924800992012
