,event id,width,length,azwidth,p_spot,p_track,p_worm
0,39,314.092257326194,596.0754894697433,127506.61956131546,0.006384918000549078,0.9603379964828492,0.03321407362818718
