,event id,width,length,azwidth,p_spot,p_track,p_worm
0,19,0.24340478867438,12.327070447966491,61.741131759176,0.0011612935923039913,0.9904938340187072,0.008316829800605774
1,76,2.236839033879188,6.936467193533902,23.046089530596472,7.534329779446125e-05,0.6799498796463013,0.3199736773967743
2,82,5.751886884718082,694.0154562918326,37914.48046624696,0.002157929353415966,0.9834312796592712,0.01438251230865717
3,83,0.31090024013213485,18.872894575474568,26.59001951899549,4.336317215347663e-05,0.9948191046714784,0.0047799451276659966
