,event id,width,length,azwidth,p_spot,p_track,p_worm
0,17,0.2020395340005683,5.423634838699441,3.8444553634027363,0.04405436664819717,0.7930986881256104,0.1550447642803192
1,96,0.7096841072468687,6.018114733620738,8.153636047180395,0.0003268492582719773,0.07885470241308212,0.9206643104553224
