,event id,width,length,azwidth,p_spot,p_track,p_worm
0,5,0.6106802206077624,163.95988931974472,26796.38028333324,1.0,3.560153771786645e-08,3.811671334119637e-08
1,55,0.6770191851491989,10.336883168333914,82.02556677299586,1.1275562428636475e-05,0.0001231416390510276,0.9998655319213868
