,event id,width,length,azwidth,p_spot,p_track,p_worm
0,4,0.3302098234029559,1.277130381751302,0.9915778055202572,0.13275429606437686,0.8015006184577942,0.06358694285154343
1,43,0.4399733381610331,9.144776179458528,28.62529047698834,6.9617344706784925e-06,0.9975065588951112,0.002466461155563593
