,event id,width,length,azwidth,p_spot,p_track,p_worm
0,25,0.3071502117659307,4.283552622198476,4.092496242552834,-1.0,-1.0,-1.0
1,31,3.1025654273778525,54.68216064553185,620.179172780681,0.00017434342589695007,0.9762150645256042,0.02355789951980114
2,64,3.528329782490789,77.92909373240516,5317.337619284594,0.0014410604489967227,0.9086241722106934,0.0889025330543518
