,event id,width,length,azwidth,p_spot,p_track,p_worm
0,4,1.381782490145517,152.625745667511,82.59946942404048,5.833982413605552e-06,0.9811274409294128,0.018684420734643936
1,32,0.4626455694123995,8.40947489941201,21.31015721601784,0.02848391607403755,0.33726534247398376,0.6338716149330139
2,84,0.3975945126081323,8.626623005977871,43.547958545064326,0.06195961311459541,0.6570147275924683,0.2741904854774475
3,89,4.412635189846644,85.92607816597099,1650.9631761410212,0.00017477611254435033,0.0217710379511118,0.9780519604682922
