,event id,width,length,azwidth,p_spot,p_track,p_worm
0,23,11.667132569713822,179.0189564134246,1275.021642780484,0.0011992697836831212,0.1761787384748459,0.8221872448921204
1,32,0.9840643225010176,116.55187674555546,10100.075599591062,0.0009316192590631544,0.5943549275398254,0.40327921509742737
