,event id,width,length,azwidth,p_spot,p_track,p_worm
0,93,0.7979213787829001,584.1768188066371,126091.07595573668,0.00016561597294639796,0.9168059825897216,0.08233023434877396
1,97,0.43726432140067534,4.224286769815789,0.2029986798908045,5.566067557083444e-06,0.994831919670105,0.005081768147647381
