,event id,width,length,azwidth,p_spot,p_track,p_worm
0,12,0.6289684908828511,39.60281324821806,59.24063851646344,8.76702688401565e-06,0.9935903549194336,0.0062181386165320865
1,26,2.3880531215010485,3.7883408614322787,10.17572403985026,0.00018620779155753558,0.07120899111032486,0.9285416007041932
2,32,0.3913976858387981,36.57817764939053,198.17897201691719,4.611090844264254e-06,0.9906346201896667,0.008809499442577362
3,41,2.087903400789645,1012.401936262547,448425.9409808944,0.004093582276254892,0.33990997076034546,0.6559783816337585
4,45,0.3346798187959397,31.25886632330975,314.7777390755062,5.195938229007879e-06,0.9944362640380859,0.005397701635956764
5,48,0.4134848546530197,24.528318248411264,69.70684884462996,1.3774504623143002e-05,0.992879331111908,0.007062416989356279
