,event id,width,length,azwidth,p_spot,p_track,p_worm
0,66,0.7563449099276478,224.86077562494225,31076.41710008709,0.9998682737350464,7.427576201735063e-05,5.71466407564003e-05
