,event id,width,length,azwidth,p_spot,p_track,p_worm
0,21,0.5516459879903347,28.68178967185213,428.5831741230937,0.0007549730944447218,0.8283652663230896,0.13422006368637085
1,44,5.88027720967009,243.38676779192832,13246.494249870637,0.04795458540320397,0.08574886620044707,0.8658865094184875
