,event id,width,length,azwidth,p_spot,p_track,p_worm
0,5,0.5338498298415628,22.846419744652877,157.97058768932368,3.50147092831321e-06,0.9963701963424684,0.003624060656875372
1,16,1.0939123442955474,7.485419909694937,55.55135363985077,-1.0,-1.0,-1.0
2,43,0.9188739222367488,14.646798902936967,3.876009317215497,0.0037357665132731204,0.6594337821006775,0.3344443738460541
3,54,0.3684777189582427,10.123540461340793,4.105118583185367,-1.0,-1.0,-1.0
4,57,2.3892594411685457,418.046547255,2727.637429775974,1.2983973647351375e-05,0.995189905166626,0.0047452435828745365
5,79,2.4025259314825664,218.80832418481887,23760.07247842114,1.539029472041875e-05,0.9975095987319946,0.0024594375863671303
6,97,0.4072963930221728,18.96031928561863,348.75080512338616,-1.0,-1.0,-1.0
