,event id,width,length,azwidth,p_spot,p_track,p_worm
0,57,0.379836007155524,2.034636028495285,2.3775436369193597,0.0065856636501848715,0.9411207437515259,0.05058163404464722
1,60,5.274362061903488,208.26878053225707,7307.942056536153,0.019506199285388,0.7130740284919739,0.2644343972206116
