,event id,width,length,azwidth,p_spot,p_track,p_worm
0,7,0.3460112239387914,0.6735921319998279,0.1197238285401997,0.015361372381448747,0.9592950344085692,0.02428854629397393
1,63,0.4682337569151072,3.6269089678668256,0.35764275825467545,0.003151847049593925,0.8780660033226013,0.11834722012281418
2,96,3.6293039005742607,76.47778290314194,1638.4055363754273,1.3089481399219947e-05,0.9756027460098268,0.02430232614278793
