,event id,width,length,azwidth,p_spot,p_track,p_worm
0,78,0.7959655824356413,15.554048071412735,1.0789679146429816,1.7348287656204775e-05,0.9746811389923096,0.02525332756340504
