,event id,width,length,azwidth,p_spot,p_track,p_worm
0,35,3.162139333225245,21.660250302292482,30.72036970490461,8.303541108034551e-05,0.03848378360271454,0.9614280462265016
1,42,0.6615320747187101,43.43800758739985,11.175096998679473,0.00010310664220014587,0.1304103434085846,0.8693196773529053
2,57,21.709856899283228,46.22719730749503,1509.8650110203855,5.675872307620011e-05,0.06624822318553925,0.933687686920166
