,event id,width,length,azwidth,p_spot,p_track,p_worm
0,70,0.4830791322616167,49.1620489261383,611.855001291423,1.6017521602407214e-06,0.9972870349884032,0.002704310696572065
