,event id,width,length,azwidth,p_spot,p_track,p_worm
0,17,10.291217876810768,403.0589027548112,162456.35864742164,2.1786479464935843e-07,0.9847316741943359,0.015267421491444113
1,20,0.0,1.1219551925435596,0.021598643481706443,5.893400521017611e-05,0.9953972697257996,0.00448137242347002
2,73,0.30822837969078765,5.635298204712776,3.5399913775562792,0.18694815039634705,0.7891595363616943,0.02329125441610813
