,event id,width,length,azwidth,p_spot,p_track,p_worm
0,37,4.631869474600832,141.2265104357354,17521.63588911814,0.0002554649254307151,0.961564302444458,0.03801897168159485
1,41,0.18994301320842927,7.009991058598944,0.34062645210128845,0.4064299166202545,0.4217180609703064,0.09525486826896667
2,58,0.3465372971688614,7.802530159429859,1.6088298749728118,0.0008177131530828774,0.9731940627098083,0.02596115507185459
