,event id,width,length,azwidth,p_spot,p_track,p_worm
0,31,10.139790269788008,161.61449076934426,19027.9766655187,3.4838685678550974e-05,0.7113426327705383,0.2885931134223938
