,event id,width,length,azwidth,p_spot,p_track,p_worm
0,40,0.2263421389426573,8.231156928716564,28.111582951424364,0.00028236370417289436,0.9653708338737488,0.03425318747758865
