,event id,width,length,azwidth,p_spot,p_track,p_worm
0,9,0.3946281837905775,12.289090377362529,43.63791479127472,2.617368772916961e-05,0.992210865020752,0.007711131591349841
1,32,5.67504635419644,581.6581348586886,154958.24634467563,-1.0,-1.0,-1.0
2,37,0.4972702025316812,0.8025377623017236,0.2513398830391184,0.0034148497506976128,0.9520291686058044,0.040176007896661765
3,49,3.050632461879223,243.4663555867561,9832.52009972314,0.5760450959205627,0.2319059818983078,0.19141331315040588
4,78,0.357780644389615,2.176498907246349,0.185907713567312,0.0005375888431444764,0.9432256817817688,0.02154572680592537
5,87,5.036652407111613,202.4364371657788,9970.603717232518,0.0014887056313455105,0.9631608724594116,0.026527635753154755
