,event id,width,length,azwidth,p_spot,p_track,p_worm
0,46,0.5743744123978979,20.143619416773358,4.3819170968426375,0.0017516877269372346,0.3153260350227356,0.6769833564758301
1,57,0.4227764062125304,24.897250376515412,138.95471405840513,1.2557154150272256e-05,0.9922303557395936,0.005817627068608999
2,64,0.4732639048748892,26.614913062346353,44.457595226383724,0.0009750007884576916,0.9308266639709472,0.0261997189372778
3,72,0.6038148083163266,18.452905446131144,21.425296273468486,2.3148471882450394e-05,0.9636206626892092,0.036253567785024636
