,event id,width,length,azwidth,p_spot,p_track,p_worm
0,8,0.6119430302098305,11.616319327247727,62.395342097053565,0.016183264553546906,0.09164980798959732,0.8917559385299683
1,30,8.106518410550438,150.24730167644387,11271.604160222658,0.8135331273078918,0.007262048777192831,0.17915983498096466
2,48,14.651679839531958,327.43889255055285,98020.74684336194,0.010785347782075405,0.29605939984321594,0.5651209950447083
3,90,3.2550127588906905,133.46439975162428,538.2287285736998,0.14476780593395233,0.6664716005325317,0.1857243776321411
