,event id,width,length,azwidth,p_spot,p_track,p_worm
0,80,3.0682591773500345,58.37663959233759,1150.004130275515,0.002819329733029008,0.6601219773292542,0.3363304734230041
