,event id,width,length,azwidth,p_spot,p_track,p_worm
0,3,4.117136496037832,38.27953550547323,156.16830860092884,0.0002690764958970249,0.6976082921028137,0.3020367920398712
1,39,0.5025008972604592,3.2595214687579883,5.537999200576726,0.0013946357648819685,0.7143664956092834,0.28231123089790344
2,75,2.6436145532528244,348.4685815771032,108395.29700530117,0.00039121301961131394,0.923588216304779,0.07539791613817215
