,event id,width,length,azwidth,p_spot,p_track,p_worm
0,2,0.6703401324248872,29.476283276489763,2.9673230384573834,0.7484462857246399,0.04134128987789154,0.20952099561691284
1,6,0.44347164257712296,21.14017574255452,1.6974815192162118,4.485804765863577e-06,0.9923936128616332,0.007407252211123705
2,19,0.4216673840667827,14.954261798784382,87.62179905500956,1.844054349930957e-05,0.9924982190132141,0.007424257695674895
3,55,0.6108764001836283,21.62287168618194,113.32070323957431,0.0215456485748291,0.7344732880592346,0.23625484108924866
4,62,1.013671736753289,47.105985648512316,1067.8231473768865,0.00161176105029881,0.9327544569969176,0.06016230583190917
