,event id,width,length,azwidth,p_spot,p_track,p_worm
0,6,0.4649636240046097,16.19133726461428,60.84340509835411,2.8814571123803034e-05,0.9804334044456482,0.019437173381447792
1,8,0.6478111506187398,22.255607677410197,15.72197648041924,2.110794866894139e-06,0.9799057841300964,0.020089041441679
2,22,0.32759131610188835,18.514122905121145,34.24939696430049,0.00011547114991117267,0.9941960573196412,0.00552738131955266
3,56,3.5102540842341687,16.329720060504588,200.21798921634715,5.1149385171811446e-08,1.7421907614334486e-05,0.9999825954437256
4,75,16.329011642350093,129.2778001274114,16632.59112958482,0.00017829405260272324,0.01670074462890625,0.9831209182739258
