,event id,width,length,azwidth,p_spot,p_track,p_worm
0,2,0.4004180656500243,22.0135088404563,144.44622895671702,0.0006284376722760499,0.9715099930763244,0.0266770739108324
1,4,0.8141342083002818,20.15825186830686,165.37889130763202,0.1980721652507782,0.0055416305549442785,0.7963842749595642
2,8,0.6344908559766393,27.17905438965908,90.40967786884924,0.030834654346108437,0.12156454473733902,0.8475492596626282
3,10,5.015772978609113,256.03908453500753,662.1925477840482,2.474581924616359e-05,0.8940075635910034,0.10582596808671953
4,23,0.34337611939689605,27.245440204434317,3.8503520539032654,1.83622250915505e-05,0.947257161140442,0.05269123241305351
5,34,7.277724004653961,551.2534779739857,1304.5457825027038,0.00027323502581566567,0.0144233088940382,0.985303282737732
6,67,0.6534460734820761,6.974403603371285,0.6986259882143225,0.00013313173258211464,0.7314133048057556,0.26844048500061035
7,73,0.362519062805428,17.412800791782523,116.64419485197688,8.396657358389348e-05,0.9721065759658812,0.021387740969657898
