,event id,width,length,azwidth,p_spot,p_track,p_worm
0,72,4.930653992781774,68.3125873166933,4629.392059674255,0.00403448985889554,0.7538527250289917,0.24178388714790344
1,94,6.4364596232691245,321.38257851584905,89993.17223467924,0.00011139680282212792,0.8959372639656067,0.10390303283929823
2,98,0.5634120323461748,6.6058897936646215,9.27072834639818,0.0005369464633986354,0.7643799781799316,0.2337312549352646
