,event id,width,length,azwidth,p_spot,p_track,p_worm
0,21,0.4290348316888015,3.83430097952456,4.986604353044154,0.003252164460718632,0.8195828199386597,0.17605842649936676
1,42,3.0216075802864917,73.209343114435,159.67414724208234,0.01240282505750656,0.10068761557340622,0.05307405814528465
