,event id,width,length,azwidth,p_spot,p_track,p_worm
0,8,0.7912443371857479,143.37447684295861,403.21246820162696,1.718173734843731e-05,0.028271356597542763,0.9717033505439758
1,40,3.7357922722692014,86.37066053929247,1681.2603197802002,6.802938878536224e-05,0.5726328492164612,0.4272463619709015
