,event id,width,length,azwidth,p_spot,p_track,p_worm
0,20,2.425253312439621,336.29071144276287,75242.67032167071,3.531646370902308e-06,0.9905735850334167,0.009401589632034302
1,44,18.89692608564616,29.083847385584324,543.239562805998,8.33084704936482e-05,0.8903292417526245,0.10941734164953232
