,event id,width,length,azwidth,p_spot,p_track,p_worm
0,2,0.7062862616181773,91.17088161359771,7125.992330204394,0.8621770143508911,0.09359172731637956,0.04174302890896797
