,event id,width,length,azwidth,p_spot,p_track,p_worm
0,64,1.3164561618803379,2.905207001666372,2.2841209672150566,1.945394069480244e-05,0.005515554454177618,0.9944648146629332
