,event id,width,length,azwidth,p_spot,p_track,p_worm
0,40,0.4195973458473897,17.585544961063572,33.80312800605464,0.11981358379125595,0.7206697463989258,0.14377468824386594
1,43,0.3902747134167333,17.865579609239322,0.15341076538103302,2.8909438697155565e-05,0.9912420511245728,0.008722946979105474
2,46,0.6544465935910283,10.963503174513765,32.919485356790084,0.00044497233466245234,0.9056878089904784,0.09352324157953262
3,78,1.1003833610356852,389.9203488726083,70198.72919994281,2.8587319320649836e-06,0.9928365349769592,0.007075639441609383
4,88,18.38479724315169,185.5989525674907,29960.85418915729,0.00020248224609531465,0.7497884631156921,0.2496382743120193
