,event id,width,length,azwidth,p_spot,p_track,p_worm
0,6,0.5988026234811676,51.82121193764996,1014.6594550265953,4.4416751734388535e-06,0.9989411234855652,0.0010530559811741114
1,80,6.161363287569902,608.0270943335167,657.5369109605448,1.4678788829769477e-05,0.9934766888618468,0.0065051093697547895
2,82,0.8391833335596689,34.535153670125126,1.462675756777606,0.01720643974840641,0.12417685985565186,0.8586150407791138
3,91,0.5714136183830795,24.94409194140345,5.637806992947593,1.8798235714712064e-06,0.9964274764060974,0.0035669470671564345
