,event id,width,length,azwidth,p_spot,p_track,p_worm
0,39,1.2811314620251335,24.56265452239079,246.7590652734093,0.004539728164672852,0.036098640412092216,0.95931476354599
1,40,4.921290723613359,21.882401115892524,143.46496468830176,-1.0,-1.0,-1.0
2,55,0.6582437246239439,51.03548455661914,1108.0488514178678,0.001037898357026279,0.01557960920035839,0.9833407998085022
