,event id,width,length,azwidth,p_spot,p_track,p_worm
0,5,0.4735327507797991,12.1308535382715,2.733398979828128,6.4111118263099326e-06,0.9261919260025024,0.07379757612943649
1,12,0.6305749739775088,24.101528903184427,297.45255163795747,0.03385953605175018,0.5645445585250854,0.4009340405464173
2,29,0.4580633983862298,15.905678970211024,6.4280512459290575,1.6015255823731422e-06,0.9976910352706908,0.002251981524750591
3,34,0.6093965540659965,28.03490953649527,136.83643819024806,0.00034602085361257195,0.905608594417572,0.09340378642082214
4,56,0.5421836296104919,28.06832002198193,233.3195348233959,0.008245735429227352,0.9580599069595336,0.03344685211777687
5,63,0.5378553873872846,21.719454175702698,162.28534501020036,7.797917533025611e-06,0.9932878613471984,0.006696583703160286
6,74,0.5839511241778557,29.250362930718044,65.461820530756,1.2625370800378732e-05,0.994391143321991,0.005401115398854017
