,event id,width,length,azwidth,p_spot,p_track,p_worm
0,6,1.8078876665006398,365.07215578528434,10370.793697254883,0.008567936718463898,0.9254956245422364,0.055645622313022614
1,11,0.6709718620411127,11.462477660787572,67.32741524326394,0.3644028902053833,0.14428859949111938,0.4685911536216736
2,39,0.18845771254981228,15.440506394073347,57.960540565919544,0.0023392180446535358,0.6922967433929443,0.03076871484518051
3,50,0.916458042632478,7.472518438847897,0.875183822797539,0.0003058492438867688,0.008817568421363829,0.9908746480941772
4,74,0.7777628727269089,8.271332712884478,0.6491805106346685,0.00043425403418950737,0.04972520470619202,0.949817419052124
5,78,0.5107652215998476,14.871731690910853,8.770706876048765,0.16352054476737976,0.5913719534873962,0.22207355499267573
