,event id,width,length,azwidth,p_spot,p_track,p_worm
0,8,1.3831328021027092,93.52234024119232,23.76739797816512,0.5236555337905884,0.03778257966041565,0.43813592195510864
1,16,0.4470600000444429,3.186012846454807,5.021989902811698,0.0011282343184575438,0.7255278825759888,0.2713072896003723
