,event id,width,length,azwidth,p_spot,p_track,p_worm
0,34,0.6255284056168966,25.88068907825129,468.2894171251403,0.01536628417670727,0.25520503520965576,0.7286577224731445
1,35,0.3574571407724101,13.042024011000118,77.72261534062658,0.24469229578971866,0.5791298151016235,0.17579101026058194
