,event id,width,length,azwidth,p_spot,p_track,p_worm
0,21,0.8009408993029702,85.84566856458441,4495.642936177848,0.999997854232788,7.355687898780161e-07,1.3752368204222878e-06
