,event id,width,length,azwidth,p_spot,p_track,p_worm
0,31,0.8113706474558536,120.12306907440343,2112.2445931638,0.006597733590751886,0.2911724150180817,0.7017470002174377
