,event id,width,length,azwidth,p_spot,p_track,p_worm
0,3,0.5275245066206562,10.61251736210334,34.516372027859305,2.293852776347194e-05,0.9253877997398376,0.07223189622163773
1,4,19.738528737488238,211.49093285686908,41156.601494380666,3.748536619241349e-05,0.7144734263420105,0.2854548692703247
2,64,2.0263170542640347,11.102460203219106,71.99643292575705,3.74269366147928e-05,0.6177560687065125,0.3819883167743683
