,event id,width,length,azwidth,p_spot,p_track,p_worm
0,5,0.19749572823078285,16.565233881580998,0.2554136022981613,1.0273377483827064e-05,0.9890469908714294,0.007868388667702675
1,41,3.0679496341321246,155.31792257386346,4298.0124386221705,0.0008188848732970655,0.008255955763161179,0.9909245371818542
2,60,0.17508800520752146,10.578777917161704,37.09644821813093,9.03099135030061e-06,0.9956234097480774,0.004332301206886768
3,62,1.971958640655073,674.1773703931915,91523.61515101293,2.521461510696098e-07,0.9993358254432678,0.000658718345221132
