,event id,width,length,azwidth,p_spot,p_track,p_worm
0,13,0.3565129015587286,14.294834561619501,83.39819341024344,0.0003753464843612164,0.9510074853897096,0.04826859384775162
1,28,0.9655121990928872,23.491521609056832,48.218423872113064,0.16529488563537598,0.030227486044168483,0.8044428825378418
2,30,0.4273173240634143,14.03122600919532,6.098881719882242,1.2279717793717282e-06,0.99662184715271,0.0033134236000478268
3,43,0.3228220705688441,17.46176621876341,11.553385311352622,0.00017832742014434186,0.9727484583854676,0.025564940646290786
4,51,0.7412915667828193,14.366661761509494,40.34940492703364,0.0005111205973662436,0.10775946080684662,0.8917166590690613
5,52,12.773932819187579,409.7678294552496,150640.71267873276,-1.0,-1.0,-1.0
6,73,0.5585418623332976,13.535947733068175,158.83212057786733,0.0010325610637664797,0.8732661008834839,0.12401928752660753
7,98,0.5878831681548616,26.988223270537066,109.98204786915078,0.00010877698514377698,0.9372934699058532,0.061374139040708535
