,event id,width,length,azwidth,p_spot,p_track,p_worm
0,2,25.21891937453834,263.2223263830921,65103.5246000616,0.02347780019044876,0.13946035504341125,0.8368893265724182
1,23,0.7204510190352882,2.583217507090704,2.306737869461171,-1.0,-1.0,-1.0
2,65,6.229235877861308,882.2448799692578,3098.1428752809034,0.00018650748825166366,0.9470517039299012,0.052638497203588486
3,98,2.617058631243623,20.92508570736052,74.67315709869499,8.970811904873699e-05,0.11265552788972855,0.8871662020683289
