,event id,width,length,azwidth,p_spot,p_track,p_worm
0,3,0.6925039289027685,89.00393732366085,46.62101254221052,0.9999995231628418,1.9224300729092647e-07,2.6948620757139e-07
