,event id,width,length,azwidth,p_spot,p_track,p_worm
0,13,0.28899761443532657,8.884356086972305,18.729178585137237,0.0620398186147213,0.13934938609600067,0.1974847316741944
1,87,2.0439265668376403,309.0824843418108,47587.30470846413,0.002918611746281385,0.8077966570854187,0.1781608909368515
2,92,0.3863462506082108,10.443101754718755,27.726620861064443,0.0031814691610634327,0.8612319827079773,0.06511672586202621
