,event id,width,length,azwidth,p_spot,p_track,p_worm
0,91,2.0168437588319086,340.20014151399016,114464.08009073355,0.0007448000251315534,0.8501346707344055,0.14791339635849
