,event id,width,length,azwidth,p_spot,p_track,p_worm
0,47,2.810234352145464,162.565963346476,21912.674502566555,4.571758381644032e-06,0.9516870975494384,0.04825207591056824
1,95,2.78609029840302,210.45617121810028,32606.411648629146,2.025269395744544e-06,0.9377027153968812,0.06229245290160178
