,event id,width,length,azwidth,p_spot,p_track,p_worm
0,32,0.27298635754063943,9.486460190637176,57.98675362018405,3.5018185826629637e-06,0.996448278427124,0.0035425652749836445
1,52,0.5844974115277982,7.8322975128076875,36.72320032350978,6.933035183465107e-05,0.969351589679718,0.03041601926088333
2,71,0.6577648792021363,9.039582901770938,4.0317053935560425,5.847260763403028e-05,0.9737803936004642,0.026061216369271282
3,99,0.13886836701507269,5.112422564370795,10.26737695822187,0.002633438212797045,0.9643977284431458,0.03242255002260208
