,event id,width,length,azwidth,p_spot,p_track,p_worm
0,3,0.7272321870556785,11.891152798935066,43.211586032109395,0.0016637013759464025,0.1051168292760849,0.8927954435348511
1,11,0.4346029853289631,9.671721893684165,33.44458224447116,0.002033685799688101,0.853976845741272,0.08601538091897963
2,62,8.154976122825186,77.07865092628369,5733.298420085659,0.007204790133982897,0.031188569962978363,0.9612907767295836
3,71,0.476866308702752,11.31345018063442,50.70069169599714,0.00016439337923657152,0.3296010494232178,0.6700684428215027
