,event id,width,length,azwidth,p_spot,p_track,p_worm
0,42,0.4652641730230282,12.016407112248025,0.6748496022223038,-1.0,-1.0,-1.0
1,78,0.4265405996953964,17.477727615068446,11.509290615650167,7.310105957003543e-06,0.9951663017272948,0.004823207855224609
