,event id,width,length,azwidth,p_spot,p_track,p_worm
0,50,0.6473127501396884,182.5872452368647,1838.9788224233466,7.713111699558794e-05,0.9118732213974,0.08796073496341705
