,event id,width,length,azwidth,p_spot,p_track,p_worm
0,5,1.3424873386488199,640.5091099491641,88600.53653808236,1.7387515981681645e-05,0.9923434853553772,0.007260877173393966
1,35,4.149662050796039,112.24252023788364,12171.149162852207,0.005819109734147787,0.6931098103523254,0.2977045178413391
2,50,4.376614505404535,668.1255757961306,446328.1695556975,0.0017846252303570511,0.8246485590934753,0.17251145839691162
3,90,0.3277196198955916,4.748077746975182,13.511056252201405,0.004492734093219042,0.9492623805999756,0.04540608823299408
