,event id,width,length,azwidth,p_spot,p_track,p_worm
0,8,0.2085488822324736,12.12593540578592,17.318380925429164,0.7906197905540466,0.1495700180530548,0.026840122416615486
1,20,6.34709237647847,44.81522876431711,180.82656181383427,5.1983279263367876e-05,0.9835573434829712,0.016032392159104347
2,66,11.570327584835667,187.16143400510572,29887.83735309709,0.868401825428009,0.008742029778659344,0.12284327298402785
3,87,3.1240197540226333,100.78854218787916,330.7554780537209,0.035659756511449814,0.7494524717330933,0.2135678678750992
4,90,0.5212231538168236,4.73417030458333,0.8884536860705966,0.011027882806956768,0.3330751359462738,0.6178897619247437
