,event id,width,length,azwidth,p_spot,p_track,p_worm
0,6,0.4748451074586622,12.982173994771992,114.58924043492094,0.0009180399938486515,0.9858040809631348,0.011415336281061172
1,14,0.3046752151676469,13.645365860033342,185.39233440259918,5.867967956874054e-06,0.9984278678894044,0.001560115604661405
2,18,23.694725849166737,62.14609667437344,3681.066057186735,0.03841330483555794,0.8062951564788818,0.15506693720817566
3,39,0.4537761904305893,14.736601835281927,130.90766355543485,6.752055924152955e-05,0.15432468056678772,0.8455135822296143
4,45,5.239557455865177,12.792526878400695,35.14672507008733,6.929425580892712e-05,0.9906208515167236,0.008452906273305416
5,51,0.5402864867419698,13.93032525158718,169.31313948692318,1.7173212185639386e-08,6.276302156038581e-05,0.9999371767044068
