,event id,width,length,azwidth,p_spot,p_track,p_worm
0,5,3.786713740300715,354.0338150333945,12270.603108770883,0.002792724408209324,0.31551700830459595,0.6813274621963501
1,57,10.272383500283752,133.4779184198174,10736.63305144315,0.24099144339561465,0.5932376384735107,0.16554053127765656
2,91,10.016771318275607,292.3479189329842,51588.495589036895,0.09534995257854463,0.7689791917800903,0.13239358365535736
