,event id,width,length,azwidth,p_spot,p_track,p_worm
0,24,0.3588644449708291,14.14739915459392,1.7034121653511292,5.6657768254808624e-06,0.9892601966857908,0.005061853211373091
1,55,0.5651074946649348,12.171124986089904,15.149446299064586,3.970472789660562e-06,0.9702422618865968,0.029732584953308105
2,61,7.579255852489476,113.32978694943834,11402.794393553515,0.0002461238473188132,0.1465306580066681,0.8531908392906189
