,event id,width,length,azwidth,p_spot,p_track,p_worm
0,33,10.274533999432386,106.3993567903813,11297.337037148545,2.1852886220585788e-06,0.9854031801223756,0.014588668942451475
1,36,0.05690523579167731,6.654685349996708,1.5400896867285094,0.013701064512133598,0.6513177752494812,0.1615716964006424
