,event id,width,length,azwidth,p_spot,p_track,p_worm
0,26,0.6307014308163207,34.84646598000028,1008.5147244374783,-1.0,-1.0,-1.0
1,27,0.4086689241902678,29.090695360279287,594.5440086183752,1.1270214599790053e-05,0.9952055215835572,0.004751193337142468
2,34,0.5677680004042968,31.910914248110966,585.2310008645841,0.018707800656557083,0.9043172597885132,0.07581838965415955
3,52,0.3937579133066309,28.99443965772183,787.0081763478073,4.420707045937888e-05,0.9957051873207092,0.004226585850119591
4,62,0.7956262124450914,31.090042246122504,597.2967547538735,0.05950511991977692,0.10789797455072404,0.8325517177581787
5,79,0.5185504686681379,23.67834160741694,509.4247734267869,2.1106759959366173e-05,0.9844425320625304,0.0155242457985878
6,98,0.2702262153874581,17.91407631872577,184.2981907573936,4.5876176955061965e-06,0.996567726135254,0.0034034994896501303
