,event id,width,length,azwidth,p_spot,p_track,p_worm
0,14,5.155137018539805,275.9942346164729,8757.544357537334,0.0009770625038072467,0.9537938237190248,0.04497527331113815
1,37,0.253118695815087,10.285623723667653,28.464821801204646,4.170614556642249e-05,0.9929484128952026,0.0068845902569592
2,43,0.6721399273601839,7.751384506031113,18.87533266275953,0.0008829157450236381,0.8767448663711548,0.12202256172895433
3,54,1.6458966290994377,3.779737690452819,7.873863662593847,0.009975981898605824,0.06882622838020325,0.9207693338394164
4,63,13.296001988335426,77.13970392308634,5854.18431571293,0.0008922702982090414,0.8866114020347595,0.11219939589500427
5,74,0.8371883259108633,877.6927431273452,37301.524954477616,0.0001316312118433416,0.992466390132904,0.0072125899605453014
6,80,0.27855097789647354,13.36672413092453,31.22253286804496,0.0008073969511315228,0.9466089606285096,0.05152338743209839
