,event id,width,length,azwidth,p_spot,p_track,p_worm
0,30,0.4382904174791542,2.6344167428130083,0.44451779183660495,0.0003884036850649864,0.5538591742515564,0.014270714484155178
1,51,0.6023885362613841,6.57568094171314,1.9183056620893504,0.0004392227856442332,0.7642778158187866,0.235179603099823
2,59,0.4926374443526933,9.152336335991453,12.04986770814168,0.006110265385359526,0.35610949993133545,0.6339610815048218
