,event id,width,length,azwidth,p_spot,p_track,p_worm
0,32,0.9697970125689392,5.847930243445776,9.89504898707624,2.477992438798537e-06,0.003026559017598629,0.9969683289527892
1,46,0.6930718836060823,7.663742303818222,18.680928237931173,0.17461365461349487,0.2277790009975433,0.5825442671775818
2,59,1.19937610000923,10.907960318210234,68.74463493639371,0.018658198416233063,0.14048194885253906,0.8354001641273499
