,event id,width,length,azwidth,p_spot,p_track,p_worm
0,3,3.3274647078216035,84.4084013517498,2018.8868592468946,1.4523317986459006e-05,0.9839916825294496,0.015760937705636024
1,16,4.731125031391377,29.103494709553466,568.8429874105396,0.001736403559334576,0.8361260890960693,0.1461305320262909
2,27,3.593985170496949,12.772125751930606,72.82058546812063,3.461112282820977e-05,0.6290234923362732,0.3709226548671721
3,35,0.8520483040202103,18.26105262667549,156.93531833189138,0.00028231137548573315,0.94847971200943,0.05057522282004357
4,46,0.4447668713282052,16.900016400327306,131.34377902660827,9.017977475878072e-08,0.9991703033447266,0.0008256686851382256
5,52,1.9545315162882944,14.832268282637134,99.90129903771593,0.00019848995725624266,0.0024999941233545533,0.0059049567207694045
6,72,1.7999242236162052,47.618136829208915,1440.1355796712546,6.339359970297663e-05,0.9007212519645692,0.09911132603883743
