,event id,width,length,azwidth,p_spot,p_track,p_worm
0,27,4.473388968093367,44.735409419923144,1832.6049287473327,0.0007020152406767013,0.9568376541137696,0.04108811169862747
