,event id,width,length,azwidth,p_spot,p_track,p_worm
0,11,1.8484222170397604,7.147259806537722,20.314708544956925,3.0294044336187653e-05,0.04780663549900055,0.9512743353843688
1,70,1.3648666627499555,5.583431713337541,9.424688470241323,0.0010584753472357988,0.6782633662223816,0.31987008452415466
2,85,0.9473647510958508,11.286119766870591,63.5786867590099,0.00477161817252636,0.595840573310852,0.3622922599315643
3,99,0.7629248287530582,8.791545211829035,51.03125858741186,0.0002893651835620404,0.2809385061264038,0.7187204360961914
