,event id,width,length,azwidth,p_spot,p_track,p_worm
0,3,0.6089562474080001,16.257770487182924,13.664785685614186,7.822371230759019e-07,0.9966179728507996,0.0033544269390404224
1,56,1.1164595985140775,55.679584812433745,238.52062921455155,0.02804289199411869,0.7619638442993164,0.20997095108032227
2,60,4.749797611130466,17.699463618687073,47.24840669578751,0.00024712245794944465,0.0998397171497345,0.8957850933074951
3,80,0.4121607402352188,12.067630840517065,7.6217365171495794,0.0007816488505341113,0.9785793423652648,0.02008626237511635
