,event id,width,length,azwidth,p_spot,p_track,p_worm
0,5,7.187723952923279,408.0455601715324,3451.081616270268,7.177865427365759e-06,0.0008357042097486558,0.9991569519042968
1,7,5.372229750024731,23.55322700830892,29.52050780083284,0.00022803575848229232,0.0740431547164917,0.9256943464279176
2,26,2.455300771322273,26.46280424404107,6.316921402489902,3.1681971449870616e-05,0.6520644426345825,0.1342690885066986
3,52,1.6972339837785344,67.32270603251523,127.48261526525968,0.00020365310774650425,0.941474676132202,0.058214802294969566
4,72,10.575818428912491,17.201272769002244,117.53620024833063,0.0011046204017475247,0.29207056760787964,0.7054091691970825
