,event id,width,length,azwidth,p_spot,p_track,p_worm
0,78,0.7493677677753255,0.7946438926925118,0.6230085545423878,0.9999966621398926,1.104429998122214e-06,2.2211952455108985e-06
