,event id,width,length,azwidth,p_spot,p_track,p_worm
0,6,0.6298248485124868,3.5593578287645617,0.6232128891232084,5.394511026679538e-05,0.8348540663719177,0.16505166888237
1,69,0.6342046743173633,3.70141964752465,0.5225950819673417,4.603618071996607e-05,0.8405584096908569,0.1593378782272339
