,event id,width,length,azwidth,p_spot,p_track,p_worm
0,15,0.4381604028017308,14.927932291678696,65.42615574690778,9.149538527708499e-05,0.988664448261261,0.01123585645109415
1,66,3.15193675492424,5.340391120611543,16.689350227999274,0.0002561293367762118,0.002789402846246957,0.9969479441642758
2,71,2.280025426445481,9.695366192168844,28.53409814863536,0.0004554798360913992,0.014268748462200163,0.21435533463954928
3,79,8.010278366511951,114.58446318077708,10279.132431274029,0.004820222035050392,0.5683771371841431,0.4258861839771271
