,event id,width,length,azwidth,p_spot,p_track,p_worm
0,83,0.761637281111203,4.323711652710486,3.0977850333205392,3.0993851396488026e-05,0.000332515686750412,0.9996365308761596
