,event id,width,length,azwidth,p_spot,p_track,p_worm
0,35,0.3922039398612008,10.088909754350917,21.16473112885004,0.00012538782902993262,0.976116418838501,0.02287500165402889
1,76,1.7602985590612734,11.143141129367221,22.023811812068505,0.001933542080223561,0.15359102189540866,0.8431692123413086
2,100,0.9803169155847284,13.976310039740596,47.94463047118671,0.00031874846899881964,0.009049666114151478,0.7860476970672607
