,event id,width,length,azwidth,p_spot,p_track,p_worm
0,12,0.8130031219247091,7.723850234454515,30.80828634612573,1.8717077665542086e-08,0.0018773454939946528,0.99812251329422
1,50,1.9214761463005432,24.96690762171112,248.04973005124089,0.04603949561715126,0.08185786753892899,0.8709973692893982
