,event id,width,length,azwidth,p_spot,p_track,p_worm
0,4,7.963973722869809,260.6813535744343,690.5877142861052,0.000404196121962741,0.3362109065055847,0.5020183324813843
1,9,0.6170794987321324,65.18924945532126,127.58077816544665,5.169023893358826e-07,0.9988387227058412,0.0011590145295485856
2,29,0.6327891418292789,58.779162763203814,130.3728653655943,0.0007038204930722712,0.9296223521232604,0.0696680024266243
3,34,4.4050096433206525,443.59592495494485,1467.7006051420706,0.033545028418302536,0.5665528178215027,0.3998905718326569
4,38,0.8129473972129854,24.67504795357592,19.243391559574075,9.542566203890601e-07,0.9949878454208374,0.004993710201233625
5,66,3.694187415668564,24.50568300874876,14.765091402545009,0.0010682643624022603,0.664618194103241,0.3258931636810303
6,86,2.4611262279828248,380.5063594951116,10967.53546862511,9.162960736830429e-07,0.9958564639091492,0.004141370300203562
7,90,0.8111159591768887,16.880836371967558,14.39474193719352,8.811326551949605e-06,0.9544354677200316,0.045458938926458366
