,event id,width,length,azwidth,p_spot,p_track,p_worm
0,10,0.7560156740895192,0.9537409431766386,0.8954979048267746,0.999996542930603,1.0271606925016386e-06,2.432329438306624e-06
