,event id,width,length,azwidth,p_spot,p_track,p_worm
0,50,0.6388514615024753,35.615433119534174,65.03545550566862,3.560017648851499e-05,0.9415245652198792,0.058433551341295235
1,78,5.499651559315052,79.14296539145326,1240.5130202597963,2.4479508283548057e-05,0.3546556830406189,0.6453171372413635
2,87,16.621237292840213,40.19174116958588,276.3035870011899,0.0008052315679378808,0.9249810576438904,0.07368482649326323
3,91,6.063527405309802,37.88477738946196,96.98216168645357,0.0002553774393163621,0.22269579768180847,0.7584949135780334
