,event id,width,length,azwidth,p_spot,p_track,p_worm
0,4,9.859960038724171,247.0169360824697,27757.305625551344,3.721501343534328e-05,0.966693639755249,0.03322160989046097
1,10,2.7186772746500107,20.72120359326471,104.03653539813796,0.000535933708306402,0.9106022119522096,0.08806470781564713
2,58,2.0522292773523594,10.350167800692184,14.855602437193776,9.127820521825925e-05,0.5629014372825623,0.4357043206691742
3,66,3.085068576265092,11.380085056834295,34.75619334532343,8.212439570343122e-05,0.31572091579437256,0.675017237663269
4,75,4.366405172193529,6.6551435357882776,20.54507438373296,1.6785935486041124e-06,0.10977065563201904,0.8902183771133423
5,85,2.57416338377062,9.906522424018105,11.344496711320215,3.991983976447955e-05,0.05203751474618912,0.9477206468582152
