,event id,width,length,azwidth,p_spot,p_track,p_worm
0,13,0.8771242917743759,8.784207889032817,3.0564952538373644,0.00319543550722301,0.4225018620491028,0.5687897801399231
1,22,2.9866347914387186,6.486687652518188,23.190401887102393,0.001378935179673135,0.2422433644533157,0.7554267048835754
2,46,2.010962629970697,9.623205613117245,5.201826514900028,0.00044659682316705595,0.07438918203115462,0.5278403759002686
3,59,0.5947416801789581,8.87271827147248,4.71550427145312,5.288891813393093e-08,0.998783528804779,0.0012162092607468367
4,81,1.471553944056381,8.57100810914374,2.4114497691399337,3.5476159609970632e-06,0.3280271887779236,0.67192143201828
