,event id,width,length,azwidth,p_spot,p_track,p_worm
0,23,0.9198792692538421,9.536922005613608,2.291678111394455,0.08442497998476027,0.5754206776618958,0.338661789894104
1,34,1.4454607611353434,36.14534796947343,290.75273757809316,0.0037794793024659157,0.20735737681388847,0.7879073023796082
2,40,1.512731508101051,6.346690983499293,4.889870450498156,1.7762826246325858e-05,0.12613245844841006,0.8463930487632751
3,43,0.458191972788767,5.083553001569283,0.6229642525636148,3.9851946098679036e-07,0.9987699389457704,0.0012169398833066225
