,event id,width,length,azwidth,p_spot,p_track,p_worm
0,82,2.6228399960184268,5.838763198395512,33.93798681188756,6.663891554126168e-07,0.029846373945474625,0.9697145819664
1,97,0.7490217233801947,7.426382953515817,21.302627203288267,0.0011858437210321426,0.025820733979344368,0.9729772210121156
