,event id,width,length,azwidth,p_spot,p_track,p_worm
0,6,0.7821877637787177,2.973722701711186,1.2739517983124802,0.00032672585803084075,0.8174693584442139,0.18214969336986545
