,event id,width,length,azwidth,p_spot,p_track,p_worm
0,26,1.0900748578584174,3.4755045663020683,8.627109813884314,0.002547838259488344,0.0941535383462906,0.9029878377914428
1,66,0.7645017171809921,4.265910959177684,12.425568709005447,0.00048442525439895684,0.2028290033340454,0.7965938448905945
