,event id,width,length,azwidth,p_spot,p_track,p_worm
0,51,1.1695965255791592,5.1546207098810655,3.805942834900327,1.0433833267597947e-05,0.37028810381889343,0.6290985941886902
