,event id,width,length,azwidth,p_spot,p_track,p_worm
0,36,0.9525625949075388,164.74273756892882,3237.393582247697,0.9033734798431396,0.014380600303411484,0.08223213255405426
1,45,5.2492004869252415,39.0486475752817,180.86776639565846,0.0009149832767434418,0.8516440391540527,0.14594973623752594
2,48,0.564238305428709,450.330997489941,70207.03218155325,1.8517143018925708e-07,0.9988389611244202,0.0011601876467466357
3,65,7.118792280682911,66.65525979357099,50.67741102484271,6.6314564719505125e-06,0.005652233026921749,0.9943406581878662
4,79,9.46589543237387,36.526692452789185,133.09828400281685,0.00021632254356518388,0.9215364456176758,0.0781736895442009
5,85,12.242168182816586,244.88394222879052,1336.6356181221981,5.894510832149536e-05,0.9646530151367188,0.034201223403215415
6,97,10.449786628696234,26.38548620217753,256.9036066489266,0.0003816247044596821,0.0023706592619419107,0.99724280834198
