,event id,width,length,azwidth,p_spot,p_track,p_worm
0,92,0.5685634754732154,4.951510073498058,3.9763872219667418,2.1631508673181085e-07,0.973712921142578,0.026285821571946144
