,event id,width,length,azwidth,p_spot,p_track,p_worm
0,12,5.458717554585079,14.171879004905545,175.0727834752089,0.0014071501791477206,0.6834979057312012,0.31320101022720337
1,32,0.7213076388867801,13.982918015779484,58.58133657257206,8.821064693620428e-05,0.9674122929573059,0.03248358890414238
2,68,0.9300533942665768,12.376990193953604,42.27370290782524,0.0043330746702849865,0.2523055076599121,0.7427131533622742
