,event id,width,length,azwidth,p_spot,p_track,p_worm
0,2,1.6644662809139048,227.2955413414468,31490.480736401914,0.409146785736084,0.3309653401374817,0.2580612003803253
1,21,0.5330338198348434,11.823455769257253,50.68566442608275,0.0003279650991316885,0.9282584190368652,0.07090761512517929
2,29,1.5352215880932814,13.38552706728849,51.43751211155181,0.1868431717157364,0.3006576895713806,0.4883264899253845
3,73,4.309949710246877,21.97161966298018,31.43897141226121,0.020848972722888,0.6548224091529846,0.3108380138874054
4,86,1.0958990980944232,11.517327866264287,47.44132146596525,0.019637741148471832,0.020207859575748444,0.9599016308784484
