,event id,width,length,azwidth,p_spot,p_track,p_worm
0,82,0.6298443415731321,4.674896582377173,1.0632888313910367,0.00014636589912697667,0.0016892118146643045,0.9981641173362732
