,event id,width,length,azwidth,p_spot,p_track,p_worm
0,23,0.8519183425094151,6.001734917076077,2.3630157988963223,4.773031105287373e-05,0.2805826961994171,0.7192822098731995
1,57,0.8247902729299594,7.238098991759484,3.2940848979710275,0.0012212068540975456,0.08946431428194046,0.05786008760333061
