,event id,width,length,azwidth,p_spot,p_track,p_worm
0,35,6.311103500887955,393.5713518227109,41893.298473160336,0.0006335870129987597,0.7674077153205872,0.23192423582077026
