,event id,width,length,azwidth,p_spot,p_track,p_worm
0,13,14.553024455370775,485.96051501273695,280.57569109353085,0.0010715407552197576,0.7793956398963928,0.21766901016235352
1,19,9.663598479939553,31.83434552651387,166.93929816742812,0.0006236167391762137,0.21151933073997492,0.7877922654151917
2,40,5.191956130025815,207.4501433758752,1401.2944233270593,0.003986652009189129,0.9218343496322632,0.07416273653507233
3,49,7.3262727584593765,52.87403174557039,72.03695900591883,0.07417753338813783,0.2173752635717392,0.7073531746864319
4,66,7.025576119184492,418.34377922521486,2930.059107450203,0.0007263216539286077,0.02021715976297856,0.9790542125701904
5,86,8.992065200581061,35.672785472283465,204.5995942252356,2.3117556793295084e-06,0.9917576909065248,0.008239329792559147
6,87,11.01686764914495,242.9627635086528,4006.7075304604323,6.67722815705929e-07,0.9986286163330078,0.001368625438772142
7,93,26.136486558578696,218.6500770145628,683.1212411045957,0.9614062309265136,0.022066328674554825,0.01650088652968407
