,event id,width,length,azwidth,p_spot,p_track,p_worm
0,39,0.6346419748251123,2.673340262307729,4.303804912389176,0.13714352250099182,0.18378189206123352,0.6784171462059021
