,event id,width,length,azwidth,p_spot,p_track,p_worm
0,15,1.0894569422313802,16.90446360306179,21.61134306662464,0.0060422858223319045,0.4170018136501312,0.5552574396133423
1,32,0.7981547148495445,25.30953093766845,67.05327213351704,0.22204814851284027,0.19486819207668304,0.5819319486618042
2,60,0.5488752727385074,10.384203587733284,11.00292069864588,0.00022544687089975923,0.951198935508728,0.04825311154127121
3,83,2.7630019055350497,7.031677314144857,7.833972463563242,8.261188668257091e-06,0.05761945620179176,0.942155122756958
4,88,0.9739865847316784,12.654200143406475,14.042564329727485,0.004240713082253933,0.07591936737298965,0.9100539684295654
