,event id,width,length,azwidth,p_spot,p_track,p_worm
0,19,0.6885754679018765,11.836469351154955,65.43552400296065,1.4390851902135184e-05,0.7297748327255249,0.27020567655563354
1,27,1.6099478872923194,7.885980019332927,28.43472674400785,0.012904392555356026,0.07220182567834854,0.1182909980416298
2,54,0.4940719782371464,8.95176987144665,35.616478351527405,1.5898976926109757e-05,0.9887744188308716,0.01119922287762165
