,event id,width,length,azwidth,p_spot,p_track,p_worm
0,20,0.9981181047717258,7.505756273924033,6.613853866647665,7.048940460663289e-05,0.9116981029510498,0.08813222497701645
1,60,0.6150009246153735,9.966836153611435,15.551445710216973,1.7268780538870487e-06,0.9967734217643738,0.003218581201508641
2,87,1.5927077517485235,4.300595475446228,13.646289561344275,0.00017530639888718724,0.013079653494060041,0.9866998195648192
