,event id,width,length,azwidth,p_spot,p_track,p_worm
0,18,23.078977206395358,71.50004574684206,2548.138477534358,0.8562484383583069,0.07603657245635986,0.06754150241613388
1,24,13.405610675064276,61.19866103950016,208.1426062744062,0.0009550433023832738,0.8088927268981934,0.18975664675235748
2,53,5.265519850418187,35.983260316825316,30.474021322741688,0.00017959582328330725,0.9364103078842164,0.0628456100821495
3,54,1.0948621110599264,31.041088646681967,67.75772811184339,3.7420402804855264e-05,0.983609676361084,0.016237623989582062
4,83,0.5344658233995376,26.373088778332658,48.22619993393256,0.014344540424644947,0.20941878855228424,0.7473255395889282
5,84,2.4166349459410226,180.89348508716583,3918.996726133733,7.97879183664918e-05,0.9303553700447084,0.06942661106586456
6,86,9.565543406468151,89.73349563262438,3991.627401728343,0.002456070622429252,0.4804103076457977,0.5164929032325745
7,97,2.903408309135115,26.86717958609127,59.622202928899966,2.071059725494706e-06,0.0005422139656729996,0.9994555115699768
