,event id,width,length,azwidth,p_spot,p_track,p_worm
0,11,2.234920913331065,8.520308765333828,7.525116695742303,0.018354799598455436,0.6095910668373108,0.28437066078186035
1,12,2.374247359963225,6.322572118513683,38.97892329819091,1.095027624131717e-09,7.042961078695953e-05,0.9999295473098756
2,18,4.5408673848245655,9.759861552641944,55.98375900853465,0.00021204697259236127,0.890309751033783,0.1052086502313614
3,30,0.6892824832594898,9.112018918610907,51.46296654200344,0.0021034013479948052,0.3816513419151306,0.6156781911849976
4,40,1.0634111820858627,9.14100149652903,45.10715750563581,0.013529973104596138,0.2755636870861053,0.6983560919761658
5,95,4.122189045848933,36.35145214314637,1319.1914162292,0.00011208384239580481,0.9905601143836976,0.009201929904520513
