,event id,width,length,azwidth,p_spot,p_track,p_worm
0,12,4.126640788402895,7.733740042378299,35.882812175857346,9.732199032441713e-06,0.01906858757138253,0.9802859425544742
1,15,0.553528571094083,13.08258130806426,110.18281202991837,0.0003331115294713527,0.9728797674179076,0.026449130848050117
2,17,0.3384024763810091,2.706689346054039,4.6637751106593806,0.0005314168520271778,0.9725881814956664,0.026772243902087208
3,23,5.107426482583591,10.1230654541126,47.143876060274756,0.0036591168027371172,0.2672659456729889,0.6861728429794312
4,29,1.7785264170277388,7.0382737981289445,33.555762934776865,2.5032488792930963e-06,0.0012361936969682574,0.99860817193985
5,42,0.5343985516286223,21.134729846948176,292.53727985864543,0.02745746076107025,0.8632062077522278,0.10826421529054643
6,88,5.213237091141926,10.987149261894594,98.23639735049288,0.007074194028973579,0.15403442084789276,0.4860351383686066
7,90,3.5453055297670617,13.408351553774017,173.95589402713819,0.005902507342398168,0.7189810276031494,0.27090588212013245
8,91,0.4899123450750824,12.390403221329766,97.85247609786327,0.0004261006251908839,0.9709416627883912,0.028587626293301582
