,event id,width,length,azwidth,p_spot,p_track,p_worm
0,12,0.6314868282832028,3.9992512070897255,6.014883989513234,0.0003907455538865179,0.4051216244697571,0.594355046749115
