,event id,width,length,azwidth,p_spot,p_track,p_worm
0,28,2.51594836441368,14.430126787102838,63.859888124444026,6.991020927671343e-05,0.02545647881925106,0.8716279864311218
1,35,2.13440288669049,35.637658147128555,210.13316109803398,0.20094071328639984,0.030681319534778595,0.7683305144309998
2,38,1.857926292446752,206.95168282253232,10882.472200870216,0.009986782446503641,0.9233595728874208,0.06333490461111069
3,48,2.2898824528623845,49.939767254284675,569.8607113677602,0.00012391203199513257,0.9722778201103208,0.027553584426641464
4,51,1.8670663092758009,20.16117898371024,95.57412530768306,0.06304272264242172,0.019987348467111588,0.8902923464775085
5,53,0.6785021940310365,20.60747259864286,128.63063485175084,2.4623768695164472e-05,0.996330201625824,0.0036335824988782406
6,77,4.1246529722963015,19.81997288549231,55.51435843545385,0.0064277020283043385,0.8295867443084717,0.16304339468479154
7,79,3.950228060031397,68.22741464191456,2489.7445327655373,2.8579838726727766e-06,0.00018399058899376541,0.9998131394386292
8,80,0.5281114551304384,20.33744042320372,122.23968303012327,9.140105248661712e-06,0.9975966811180116,0.002358143450692296
