,event id,width,length,azwidth,p_spot,p_track,p_worm
0,4,0.42990649885645504,8.513549994641092,0.29346126569647096,1.3230371109784755e-07,0.9996429681777954,0.00035667099291458726
1,13,0.5563111972734546,10.492713259207203,0.8966979428167343,4.008671749033965e-05,0.992330014705658,0.007624583318829536
2,59,0.39740846141969055,8.630385797406996,0.2712907012288612,1.6527931734344747e-07,0.9996732473373412,0.0003259457007516176
3,87,3.4772492390370244,17.227596130535545,25.90786212403636,7.019531767582521e-05,0.7610312700271606,0.2370343059301377
