,event id,width,length,azwidth,p_spot,p_track,p_worm
0,4,0.5828451233291417,25.18090314072477,126.12640493960258,4.337436257628724e-05,0.9691942930221558,0.029577337205410007
1,33,5.003088231165262,31.92057136338992,126.48225887475648,0.0007095890468917787,0.5140765905380249,0.454619288444519
2,36,1.9755236014961977,73.53885381774847,1666.0542593609493,0.02198505401611328,0.1877780109643936,0.7816069722175598
3,57,1.2080663247580343,21.16423445512718,107.8714278414069,0.006992471870034933,0.18713238835334772,0.8023445010185242
4,63,0.6445608818873997,25.558036474661108,137.00722855423209,4.245043237460777e-05,0.9452071189880372,0.054253239184617996
5,71,7.771955127282246,497.6538593333879,53075.42107860668,0.26133665442466736,0.08405424654483795,0.6538375616073608
6,94,26.06508343105884,83.22081472806406,2347.654583698916,0.0015508958604186773,0.017815269529819492,0.9805835485458374
