,event id,width,length,azwidth,p_spot,p_track,p_worm
0,6,2.132539481762696,8.724645345768593,4.571858439027586,0.00011063977581216022,0.022174077108502388,0.9088716506958008
1,15,4.251495524311799,55.59236306035629,232.56415826459275,4.2434119677636766e-05,0.8416657447814941,0.15819744765758514
2,25,8.144888791072429,20.9997839898342,192.05128577248868,0.004898024722933768,0.7300001978874207,0.2407938838005066
3,33,2.7614609912681534,13.053558401632099,21.59464469040002,1.2974757623851477e-07,9.035495907028236e-08,1.4390279829967767e-05
4,93,8.234766046146687,60.14350642778066,941.5657490323981,3.475022458587773e-05,0.9133411049842834,0.08660975843667984
