,event id,width,length,azwidth,p_spot,p_track,p_worm
0,8,10.772039926650894,132.89548220759065,17000.477883121534,1.6563434712679734e-07,0.0016214377246797087,0.9983783960342408
