,event id,width,length,azwidth,p_spot,p_track,p_worm
0,7,3.3576055383831536,8.046319136338509,28.00539241631093,2.634154770930764e-05,0.6764247417449951,0.32352662086486816
1,19,0.6299659116371619,3.899593132738544,2.5857642415454687,6.837370619905414e-06,0.9892616271972656,0.010727784596383572
2,43,3.7364178573193163,19.05137917927541,338.76455277199193,1.0043406291515565e-05,0.8901424407958984,0.10983492434024812
