,event id,width,length,azwidth,p_spot,p_track,p_worm
0,43,12.086878216746733,17.24454398728669,153.87538454328342,1.1816303413070273e-05,0.9841293096542358,0.0158302653580904
1,58,7.300749451616511,18.438423385998547,315.58092096820707,0.0057824021205306044,0.5446755290031433,0.3982354700565338
2,93,2.1139525565773534,14.116038110659284,112.91802944776659,6.834966188762337e-05,0.036721143871545785,0.7425366640090942
