,event id,width,length,azwidth,p_spot,p_track,p_worm
0,13,0.5187662063217875,13.669542368822091,0.946487963219932,3.831095000350615e-06,0.9962037205696106,0.003792077535763383
1,22,8.458558085547,16.9046720517495,99.44181204869508,3.9955480133357915e-06,0.5354183912277222,0.4645591080188751
2,42,3.869255676891808,17.94312877437511,58.52474578133545,7.274226663867012e-05,0.9331478476524352,0.050243962556123734
3,47,0.8890883570817225,18.30029408141152,2.9187078819416183,1.11795425254968e-05,0.9935182929039,0.006464773789048195
4,88,13.569159574803514,155.30378383287115,20610.718307997562,1.225555479322793e-05,0.9968425035476683,0.00313927442766726
