,event id,width,length,azwidth,p_spot,p_track,p_worm
0,4,1.1233959843760477,2.6663646192108,1.285648949366468,0.001224730396643281,0.0011498663807287812,0.9970781803131104
