,event id,width,length,azwidth,p_spot,p_track,p_worm
0,50,1.1884631732613282,16.431378826087986,44.614017142956506,0.003832460148259997,0.4650809168815613,0.5197428464889526
1,62,1.0706653789561025,17.111558992024733,40.39848564413514,0.0371394045650959,0.3651586472988129,0.5974729061126709
2,67,7.5333195408792815,53.913654288656026,1210.4253040228039,3.860054130200297e-05,0.7743228673934937,0.22560568153858185
3,75,2.1419590489057683,8.642987007541793,10.889747927338279,0.00015628163237124681,0.1077711582183838,0.8920622467994691
4,92,0.7564937293396449,10.96607120276599,18.511681808214284,0.0008550917846150696,0.8214567303657532,0.17758513987064362
