,event id,width,length,azwidth,p_spot,p_track,p_worm
0,9,1.4831977997284105,12.406025029212275,108.53344526311987,0.00011210042430320757,0.7178534269332886,0.28160351514816284
1,12,2.099139531856987,8.741249407132921,55.8294484019401,0.002616589423269033,0.3739430010318756,0.10090314596891403
2,14,4.853405283637959,27.24294650112493,705.4677740964827,0.02822820097208023,0.3292699158191681,0.6141480803489685
3,73,1.7560052200827212,20.960290592049148,270.2600810512715,1.7911663690028943e-06,4.185480429441668e-05,0.3268318176269531
4,74,5.380651148365388,53.472385134539,2650.597236243116,0.00038539685192517936,0.5049640536308289,0.4942918121814728
