,event id,width,length,azwidth,p_spot,p_track,p_worm
0,19,0.9874015345186404,13.786599738977886,3.9321037576580173,0.000524146540556103,0.29329195618629456,0.7061371207237244
1,30,1.9190614775424653,19.770762129075813,19.5613521313281,0.0005935112130828202,0.027705242857337,0.9617152214050292
2,62,7.208657832881787,23.219314988482534,53.319391632171794,0.0024116267450153828,0.8717873096466064,0.12550857663154602
3,63,8.119424830219357,17.051779166526412,83.69429826404317,0.002957093529403209,0.3295639157295227,0.6655834913253784
4,66,7.870521832405175,22.91907455474061,63.50045210971039,0.0002985760511364788,0.8883746266365051,0.10535362362861632
