,event id,width,length,azwidth,p_spot,p_track,p_worm
0,19,2.5937793112455108,16.208625262248756,83.83223123196035,0.0054104491136968145,0.12177789956331253,0.3181644380092621
1,37,4.115798059355651,36.57817304012863,657.1393108781158,0.0004797331348527223,0.0006619989289902153,0.998852014541626
2,40,12.804700797695697,110.27313154152156,11418.547446906534,0.007106225937604905,0.2192612886428833,0.7727990746498108
3,50,9.752502816069816,25.42516589703339,338.8949808098673,0.0029439420904964213,0.0019879704341292377,0.9947287440299988
4,57,3.9602506271615714,38.467346227395204,247.0284684645476,0.011319500394165516,0.4172869622707367,0.5293458104133606
5,80,11.854267578800842,29.14577793518351,418.0748925429784,0.3464462459087372,0.0020033526234328747,0.651529848575592
6,81,3.640892975798333,39.11797936340747,384.8553030419785,0.12642906606197354,0.49040156602859497,0.35781919956207275
7,89,3.6756214952675683,46.345754984026,1237.7348176779306,2.314433368155733e-05,0.9325913786888124,0.06666819751262665
8,94,2.2142635339807244,58.550846314568346,908.5827736308045,0.003886927384883165,0.3858610689640045,0.6055341362953186
