,event id,width,length,azwidth,p_spot,p_track,p_worm
0,25,0.7860136804737408,7.491711623541982,0.9756403017977472,1.3668266547028908e-05,0.9667813181877136,0.033026404678821564
1,83,1.1800258118811369,7.6408987419790035,1.6649352582723715,0.005651144776493311,0.06774616986513138,0.9265955090522766
