,event id,width,length,azwidth,p_spot,p_track,p_worm
0,21,0.62855029176197,7.213517871504902,10.118256272240117,8.348209667019546e-05,0.8299106359481812,0.1694282293319702
1,23,0.350597029075372,0.4942349807641999,0.13107253964449594,1.0,4.8168601551878965e-08,4.119536711755245e-08
2,99,0.4907630632119366,21.669469748845238,91.210679861271,0.0010627328883856537,0.8643761277198792,0.13201729953289032
