,event id,width,length,azwidth,p_spot,p_track,p_worm
0,2,5.613424527609601,19.496929472490198,122.08616746137487,0.0030737814959138627,0.4224753677845001,0.5706338882446289
1,65,2.3175927651212245,43.67802437068745,591.6841532549888,0.0010159759549424052,0.7864991426467896,0.09095024317502977
2,94,1.4987954154228411,28.97133210159893,114.82430849102371,0.007229666691273452,0.07687871158123016,0.7518112659454346
3,95,1.887307796075112,14.785048286301956,15.219004444610555,0.0001096107007469982,0.31458866596221924,0.5307823419570923
