,event id,width,length,azwidth,p_spot,p_track,p_worm
0,13,2.679545751837017,42.36250927499,15.616584742201779,3.751075200852938e-05,0.9869036674499512,0.01305133942514658
1,17,9.262197808225899,106.22599074169321,4456.403936979833,2.8080787160433832e-05,0.9962390661239624,0.0037322640419006335
2,38,3.818228207145468,128.9772599198069,979.6513119802124,0.0004396237200126052,0.9869259595870972,0.012554950080811977
3,52,2.8466924905516624,7.117416380444543,8.209646421740219,0.0002514093939680606,0.011381806805729866,0.2119276374578476
4,69,1.2491962547141169,19.855635171244298,9.26602275573632,0.0004876218445133418,0.859727144241333,0.12325220555067062
5,94,5.117055572298915,14.413844283249116,27.78840676983072,0.003627801313996315,0.3578606843948364,0.4055436849594116
