,event id,width,length,azwidth,p_spot,p_track,p_worm
0,32,3.835536100298083,32.51718586781668,487.858241179629,0.02256494015455246,0.0036272180732339616,0.9738010168075562
1,39,16.410977337025898,304.7768114099868,27300.90245876223,0.00027290984871797264,0.9433735609054564,0.056258846074342735
2,44,2.2505328046466238,28.016229655766374,431.4855782833422,1.5316882127081044e-06,0.0022227424196898933,0.9977747797966005
3,47,35.593068159381765,276.2184860661907,1911.8876175914475,5.536899827518481e-09,9.4751849246677e-06,0.9999905824661256
4,64,1.02136961221691,29.50690579503799,564.3240303700082,0.0014578776899725199,0.8250056505203247,0.16305404901504514
5,66,0.6638165349203626,24.598983170138197,382.535585108572,0.00211250688880682,0.3985089063644409,0.5993233323097229
6,84,7.166331930162767,19.837801230066734,308.10540749642763,0.7636496424674988,0.15241198241710666,0.08331438153982162
7,85,10.628116610706634,29.75350457036617,365.90896126987406,0.0006697364733554423,0.9246944785118104,0.07314988970756531
8,98,9.53434806121237,46.94215893126437,463.0827412091681,0.043882425874471664,0.15796512365341187,0.7971235513687134
