,event id,width,length,azwidth,p_spot,p_track,p_worm
0,12,0.6807049978227012,3.3358233775123014,6.706302536839791,0.0006428460474126041,0.8410910367965698,0.15817463397979736
1,61,0.6550210401167429,2.7965029273320283,5.105067941658521,0.0002716280287131667,0.9650879502296448,0.03461859002709389
2,69,0.7175564612847731,3.792260756340062,9.557035004855466,0.0005052173510193825,0.6094357967376709,0.3900216221809387
