,event id,width,length,azwidth,p_spot,p_track,p_worm
0,20,0.9688428291443392,7.688617176419723,9.498334535204764,6.381494313245638e-05,0.8621252775192261,0.1365387886762619
1,78,0.6078963189055586,5.035228069339786,1.8344319878872752,5.001306362828473e-06,0.95683753490448,0.043064650148153305
