,event id,width,length,azwidth,p_spot,p_track,p_worm
0,13,0.5514878330569836,59.50566488741072,334.88926543766195,3.288601146778092e-05,0.9606958627700806,0.039255332201719284
