,event id,width,length,azwidth,p_spot,p_track,p_worm
0,5,16.100335397552453,34.03164654288709,287.7188351377529,0.00177741760853678,0.6791743636131287,0.318618506193161
1,7,11.57918624657139,45.330811873428644,512.8580252528736,0.0017714658752083778,0.4914158880710602,0.5033692121505737
2,28,7.431952393674276,42.10799740195746,618.7704650741342,7.014245784375817e-05,0.9520044326782228,0.047116514295339584
3,35,1.9137071482306496,34.695114065696174,130.42232333145463,0.0005419092485681176,0.006328876130282879,0.9930452704429626
4,64,6.640717233989342,53.78933230837791,641.5033334317087,0.10403655469417572,0.1531413197517395,0.7424935102462769
5,83,4.96163434475312,191.3226312887434,147.7267477484933,0.046751294285058975,0.12121858447790144,0.8317505717277527
6,94,1.892557249372414,92.54208113213416,1752.13598112579,0.002425702754408121,0.9597799181938172,0.03731108084321022
7,98,1.1868507795849064,44.716716986324165,161.45198565779742,0.06387883424758911,0.09087863564491272,0.7402213215827942
