,event id,width,length,azwidth,p_spot,p_track,p_worm
0,38,0.9449260765725344,14.509586210849676,80.6722318716895,7.596461728098802e-06,0.01876010559499264,0.98121440410614
1,56,0.8154863244166024,18.314042049867343,118.72571330201048,0.002187986858189106,0.04864899441599847,0.948874533176422
2,70,2.7471601919590958,12.942330786920767,68.40236440770303,0.0017595206154510379,0.012774718925356865,0.6648415923118591
3,71,2.093157192555859,16.301150175962913,125.69354926667276,6.669735739706084e-05,0.008592273108661175,0.9165685772895812
4,73,2.647293379331729,13.605080910509887,57.21040649297928,0.0002803094103001058,0.03752720355987549,0.7915298938751221
5,95,0.4976959002498487,11.623046607766929,47.4885882041943,0.0012611164711415768,0.7238879799842834,0.2721303403377533
