,event id,width,length,azwidth,p_spot,p_track,p_worm
0,46,3.3269253849565965,171.9526666374151,3266.005890589829,1.0005562216974795e-05,0.2193576693534851,0.7806298136711121
