,event id,width,length,azwidth,p_spot,p_track,p_worm
0,44,4.535472193992497,8.439924461807975,35.136341926272586,0.00014115418889559805,0.8157257437705994,0.1832977682352066
1,56,1.3505592654398555,6.675055665302563,20.659551656604727,0.00136133364867419,0.011199472472071648,0.7400307059288025
