,event id,width,length,azwidth,p_spot,p_track,p_worm
0,3,2.0420014424650783,20.856042662175433,148.5762340290886,3.0241510103223845e-05,0.00819296482950449,0.9678059220314026
