,event id,width,length,azwidth,p_spot,p_track,p_worm
0,27,0.4310040314504268,12.914353958101511,3.3471861588145937,2.429712537832529e-07,0.9995433688163756,0.0004506173427216709
1,35,5.732309578093983,21.947544226691395,42.742862264634994,0.0037570924032479533,0.6845591068267822,0.2373207360506057
2,43,1.647441776215255,15.322448824573138,3.6044082617716806,0.0011068853782489896,0.7303166389465332,0.2671425938606262
3,50,3.8776900426712113,9.442776113101587,27.90547635459875,7.839989848434925e-05,0.8284977674484253,0.17125117778778076
4,51,4.419785224398458,45.55322578737382,785.4001343889639,0.0008691077237017452,0.8694887757301331,0.1295996606349945
5,52,3.69282850741969,11.304249383601706,44.26913366539787,0.002068702131509781,0.6950798630714417,0.2286493480205536
6,66,0.5359619116329367,15.206513581196447,3.0115578921906208,1.1968921853622305e-06,0.9978109002113342,0.002184512093663216
7,74,1.0196354535216359,39.82425967195557,7.584757948059827,0.0012296439381316304,0.7697264552116394,0.228814959526062
8,78,10.86674759154424,30.127864150768232,767.9349099653855,0.3941124975681305,0.5665954947471619,0.038908451795578
