,event id,width,length,azwidth,p_spot,p_track,p_worm
0,9,2.045159773698723,35.33022793435372,380.29335919223695,0.02495488524436951,0.20723706483840945,0.4723668992519378
1,88,1.634274189611301,21.036148952750448,24.763447232468266,0.0058969808742403975,0.09281063079833984,0.8773556351661682
