,event id,width,length,azwidth,p_spot,p_track,p_worm
0,10,3.7977360654992087,23.70468532523652,17.40248206092279,4.6594359446316964e-05,0.32828018069267273,0.6698201894760132
1,27,6.652260686810327,18.385111094471164,172.93125212354911,0.002241164445877075,0.8097449541091919,0.18767030537128448
2,30,0.5063768888023639,48.051951620230646,20.277140955729717,0.002383106155321002,0.5565455555915833,0.43871334195137024
3,31,4.018521896453192,101.01411100116108,516.3590442375921,0.7597785592079163,0.0075339903123676786,0.2326839715242386
4,36,9.229985622692453,27.289271586213502,99.45032528350201,0.086702860891819,0.8192344903945923,0.09389278292655943
5,42,17.57575020716918,25.022777518532077,622.5763817503657,0.0011259391903877258,0.9788055419921876,0.01998893171548844
6,96,0.5323425663115717,23.29954685811194,10.909282981690703,3.1351560210168823e-06,0.996333122253418,0.0036612222902476788
