,event id,width,length,azwidth,p_spot,p_track,p_worm
0,2,4.71886837133206,56.74150303481586,2071.1158819110433,0.002279396867379546,0.7949434518814087,0.20210173726081848
1,9,5.043979530697405,127.42948805902464,4920.106237090128,0.00412053382024169,0.7244287729263306,0.26895830035209656
2,44,8.695802786079122,58.963976585058184,2142.0945696241793,0.06690842658281326,0.08621907979249954,0.8465473055839539
3,50,4.621429999234467,34.77307869032645,575.5458411605782,5.292763034958625e-06,0.9926114678382874,0.00736147863790393
4,51,1.5725989572169188,40.69146467250051,710.5417548158989,0.0008279699832201004,0.4808400571346283,0.5085308551788329
5,52,2.2806006073483207,31.955427132975522,440.65824240379226,0.003210039809346199,0.005811913404613732,0.9903157353401184
6,57,31.029796324311565,199.36961310938457,33580.490749286604,1.874506051535718e-05,0.9841541051864624,0.015780424699187282
7,68,14.93374216147397,63.40215288718337,3928.998626149252,5.496034282259643e-05,0.9834081530570984,0.016471687704324722
8,100,16.226783588049965,38.70142223669118,471.78971798868525,0.002213791012763977,0.9653171300888062,0.03240339085459708
