,event id,width,length,azwidth,p_spot,p_track,p_worm
0,20,13.241099375655669,125.99773898681408,900.2512618422563,3.557424497557804e-05,0.9942356944084167,0.0052784299477934855
1,21,7.918891150210973,49.40880609144125,1008.9399717991299,0.007627100218087435,0.918645441532135,0.07140815258026123
2,29,4.047297924854741,176.46762864347724,12670.762793066091,0.0009042573510669172,0.7340012192726135,0.1818310022354126
3,39,10.53568315072548,85.3271926155356,547.6849153824414,1.8256789189763367e-05,0.004686530213803053,0.9952952265739441
4,59,22.70483955143512,246.5775584916079,49228.74227432612,0.00017319653125014156,0.6704517602920532,0.3287291824817657
5,73,2.746778426311606,20.38281880510072,85.10685467890198,0.0010804423363879325,0.047869186848402016,0.9509440064430236
6,74,4.063487971446119,25.389640396569646,228.6069450484573,2.190660779888276e-05,0.13985812664031982,0.8593208789825441
7,77,0.3061583503907383,5.8845136955101385,9.522742594300396,2.9260645533213388e-06,0.9969467520713806,0.003028973704203964
8,100,2.417119933858777,45.45054070541954,704.313664085385,0.014937601983547209,0.4161527156829834,0.5225206613540649
