,event id,width,length,azwidth,p_spot,p_track,p_worm
0,68,0.5237982443549932,3.281250145532171,0.7032175645366986,1.1491703162391786e-06,0.983798623085022,0.016196183860301968
