,event id,width,length,azwidth,p_spot,p_track,p_worm
0,9,3.4340400997763507,21.682247939706034,421.49578113285713,1.4866884157527233e-05,0.005044048186391592,0.9949408769607544
1,12,2.762622799338303,133.19921804374792,3890.7937083467855,0.0005613067769445479,0.031435299664735794,0.967796802520752
2,58,3.0525964300665125,7.681637110205925,58.874925773959724,0.0024343510158360004,0.7859958410263062,0.1982448548078537
