,event id,width,length,azwidth,p_spot,p_track,p_worm
0,58,0.493032550258363,53.85876939640667,83.09780570010942,1.851303608191301e-07,0.9996341466903688,0.00036566663766279817
