,event id,width,length,azwidth,p_spot,p_track,p_worm
0,9,1.04407192415528,10.775135966596643,3.0372220211030228,0.012952661141753195,0.11631567031145094,0.6780362725257874
1,50,0.5118033753230935,11.684269350795065,2.1098621090506207,3.986752744822297e-06,0.9942806959152222,0.005707885138690472
