,event id,width,length,azwidth,p_spot,p_track,p_worm
0,39,4.724798372786256,20.086678836790774,84.77953630121831,0.00039607472717761993,0.10442713648080826,0.8581563830375671
1,64,1.0403516186648192,15.100626046909351,34.978447469825525,0.012825056910514832,0.6191309094429016,0.3625719249248505
2,98,6.828969509018322,23.04713690996684,448.758326233217,0.004728675354272127,0.2561143934726715,0.7391022443771362
3,100,4.042066126479899,35.67292158067267,81.90977709952864,0.002007210161536932,0.9732804894447328,0.02419203892350197
