,event id,width,length,azwidth,p_spot,p_track,p_worm
0,3,1.7141548602182444,4.5544963264167455,13.786103553817904,5.639585243244484e-09,7.377508154604584e-05,0.999926209449768
1,22,0.9168990201597907,5.416352690928738,9.860954779302675,0.0006402265862561762,0.352527916431427,0.6467099189758301
2,31,1.0563545164116712,25.83239281872467,96.96924991440201,5.579150183621096e-06,0.9625059366226196,0.0374649353325367
3,42,0.9763322953009408,6.677149364267198,5.749306938440022,2.362571285630111e-05,0.002474830020219088,0.01974334754049778
