,event id,width,length,azwidth,p_spot,p_track,p_worm
0,47,0.7135688883044334,1.5788836006669469,1.6059232663179015,0.7958534359931946,0.09346682578325273,0.10946905612945557
