,event id,width,length,azwidth,p_spot,p_track,p_worm
0,41,0.8387473193933067,9.00538572005287,22.44605029219676,0.0009435098036192358,0.009310109540820122,0.989626169204712
1,51,1.895902177329356,5.719068998210268,10.561120729711023,1.7805357856559567e-05,9.737201617099345e-05,0.0072569171898067
2,55,1.0546615758900062,5.055460178984496,10.154961276629221,0.032666970044374466,0.0604783333837986,0.8988276124000549
