,event id,width,length,azwidth,p_spot,p_track,p_worm
0,36,5.5186472915917495,22.24465756971675,100.63841018204063,0.3252695798873901,0.37546661496162415,0.1749955266714096
1,51,0.984194474253456,12.871762487417806,57.05015238241303,0.030526515096426014,0.3694064319133759,0.2892986834049225
2,65,2.535926005736565,17.830469382441418,146.2843558271879,0.00032930989982560277,0.8766093254089355,0.12290789186954496
3,77,3.60972623589872,24.41185542099729,594.9484058465888,0.519216001033783,0.25049012899398804,0.219691202044487
