,event id,width,length,azwidth,p_spot,p_track,p_worm
0,14,0.6683684425222857,5.677391814895565,2.3897078597461134,0.00023622027947567403,0.9630998373031616,0.03642402216792106
1,27,2.955798996032754,8.538387898444466,47.84050071350706,0.0005678408197127283,0.25757622718811035,0.6856091618537903
2,41,0.5299811795564877,5.540483446553567,3.6135175522406806,0.0001134541016654111,0.9479482173919678,0.05139659717679024
3,87,1.7512696990490202,5.157369292245455,5.716544847528801,0.0002618175058159977,0.0001993533805944025,0.0045027341693639755
