,event id,width,length,azwidth,p_spot,p_track,p_worm
0,56,0.7247519787086704,0.7377782306222648,0.5370175265791046,0.9999874830245972,5.9822859839187e-06,6.547600150952349e-06
1,78,0.576747414142233,0.5800054067255892,0.3330309762719054,0.9999992847442628,3.2224676260739216e-07,3.2157566920432146e-07
2,99,0.9049532557045236,0.9732105593593984,0.8602746489840064,0.9999979734420776,5.707653940589806e-07,1.4365949709826964e-06
