,event id,width,length,azwidth,p_spot,p_track,p_worm
0,54,0.41443806893537627,0.4240407646368221,0.17313891499102688,0.9999995231628418,2.590015242276422e-07,2.970792820633505e-07
1,56,0.6177681742504939,2.9503476003726723,6.634951317633248,0.0003431267396081239,0.004613333381712437,0.9950414299964904
