,event id,width,length,azwidth,p_spot,p_track,p_worm
0,14,0.7744108723230947,0.7922687185985552,0.6263930689589491,0.9999912977218628,4.190903382550458e-06,4.518721198110144e-06
1,30,0.9365833004098106,1.0225803119685366,0.90420437592014,0.9999986886978148,3.511372881348507e-07,9.233818332177179e-07
2,64,0.8718613555690211,0.9048448433914495,0.7855761826505591,0.9999986886978148,3.5580364965426275e-07,9.999125722970348e-07
3,92,0.6586112269914405,0.7177562035941216,0.4818202264339324,0.999997854232788,9.475257343183331e-07,1.234882915923663e-06
4,96,0.8415823687746221,0.9003171865126213,0.7150501654449506,0.9999934434890748,2.6650088784663244e-06,3.969276804127729e-06
