,event id,width,length,azwidth,p_spot,p_track,p_worm
0,12,0.8765706914195407,0.9858072839413088,0.7847637703786607,0.9999986886978148,4.066164933647087e-07,9.54311758505355e-07
1,18,0.7784331865338568,0.8215136760257374,0.6731867346382676,0.9999940395355223,2.644180540301022e-06,3.3698786410241163e-06
2,47,0.6598652184957181,0.6722446209651068,0.44431670515299226,0.9999946355819702,2.9913853722973722e-06,2.372909420955693e-06
3,90,0.8182625427890481,0.8310570988047673,0.6780510266518102,0.9999864101409912,4.951828032062622e-06,8.608142707089428e-06
