,event id,width,length,azwidth,p_spot,p_track,p_worm
0,7,0.8732482997601211,1.0076026145530288,0.8068729917560555,0.9999988079071044,3.6660725299952896e-07,7.832202868485183e-07
1,9,0.7905716343833639,0.8096176433253771,0.6442869489064357,0.9999864101409912,5.248510206001812e-06,8.294791769003496e-06
2,70,0.8366424839701765,0.8561710158927943,0.7321348841129192,0.9999855756759644,3.9769065551809035e-06,1.0476634997758085e-05
3,78,0.8953905691522219,0.9680687407075892,0.9195604250044559,0.9999984502792358,4.619266462668747e-07,1.0507402521398035e-06
4,82,0.7721700736178905,0.8393161582536058,0.6843143037877893,0.9999734163284302,8.48381023388356e-06,1.8089907825924453e-05
