,event id,width,length,azwidth,p_spot,p_track,p_worm
0,63,0.9413736438433168,0.9539888825044044,0.9024729510273656,0.9999986886978148,4.0216644947577146e-07,9.276520245293795e-07
1,85,0.8955357798401945,0.9842902734332312,0.9195284364627044,0.9999982118606568,4.537798474757437e-07,1.2589030120579991e-06
