,event id,width,length,azwidth,p_spot,p_track,p_worm
0,63,0.8926872072864158,0.9449906104747102,0.8067975548201924,0.9999982118606568,5.570818757405505e-07,1.2452335340640277e-06
