,event id,width,length,azwidth,p_spot,p_track,p_worm
0,18,0.9106331805707518,1.027142092311348,0.8341030083421928,0.9999984502792358,4.435878793174197e-07,1.1223988849451416e-06
1,63,0.5518939364737105,0.6143827175276204,0.3429199636470988,0.999996781349182,1.555027779431839e-06,1.6678607153153282e-06
2,67,0.8640813598904492,0.8819217934472486,0.7777617659546809,0.9999954700469972,1.3824579809806892e-06,3.057263938899268e-06
3,83,0.6594902158363978,0.7282052866845485,0.4617805705637559,0.999995231628418,2.374765017520986e-06,2.369010417169193e-06
