,event id,width,length,azwidth,p_spot,p_track,p_worm
0,29,0.8859840486177121,0.9549574069724848,0.8608749637413141,0.9999921321868896,1.9769879600062268e-06,5.823288574902107e-06
1,77,0.7739831310865551,0.7790385652302891,0.5990896453005347,0.9999712705612184,8.821192750474436e-06,1.9826911739073694e-05
