,event id,width,length,azwidth,p_spot,p_track,p_worm
0,38,0.5958147491234456,0.6095509416806937,0.3687462145133529,0.9999971389770508,1.4005784123582998e-06,1.4346784382723854e-06
1,69,0.5687200752164613,8.014983965161202,45.42367443091855,0.0007208966999314723,0.0007340852753259243,0.9985450506210328
