,event id,width,length,azwidth,p_spot,p_track,p_worm
0,32,0.3729244464687321,0.493161402241296,0.1630273199931515,0.9999991655349731,4.00319549953565e-07,5.192583785174064e-07
1,46,0.6473662425883013,0.6993272724240799,0.4793809400443828,0.9999969005584716,1.555974449729547e-06,1.5072797623361112e-06
2,55,0.8592014040436701,0.8830625755053466,0.7689113123643451,0.9999959468841552,1.4151739833323518e-06,2.6350273856223802e-06
3,95,0.6750403215006533,0.7263170986671389,0.5034262292866696,0.9999881982803344,5.6350404520344455e-06,6.206364560057409e-06
