,event id,width,length,azwidth,p_spot,p_track,p_worm
0,18,0.7376068914450171,0.753639239855707,0.5516427569970106,0.9999970197677612,1.4095452343099169e-06,1.5746313692943659e-06
1,58,0.8805235085183293,0.9854330099070032,0.8836708780098481,0.9999961853027344,9.181915174849563e-07,2.819143219312536e-06
2,67,0.7757881815833968,0.8494266530408189,0.6134669843662095,0.9999933242797852,2.6426960175740533e-06,4.056566922372441e-06
3,80,0.4121046177948687,0.4800456472785872,0.1875932252042156,0.999998927116394,4.919615435028389e-07,6.111662855801114e-07
