,event id,width,length,azwidth,p_spot,p_track,p_worm
0,28,0.879057588148918,1.2837950359184498,0.9992259815641594,0.5107176303863525,0.005654714070260525,0.4835894107818604
1,35,0.925540659059049,0.9741223849597914,0.8568333919556079,0.999996542930603,7.631921903339389e-07,2.761497171377414e-06
2,39,0.5753427210280387,0.5866598086600378,0.3342418224355861,0.9999995231628418,2.529445737309288e-07,2.3839071161546602e-07
3,50,0.4839502922766254,0.4962847195577394,0.2413198961168202,0.9999985694885254,5.049827223047032e-07,9.30328383219603e-07
4,83,0.9357234552774296,0.9819213158736474,0.9134835667422341,0.9999988079071044,3.3995962667177077e-07,7.877117127463863e-07
5,91,0.8111819783622414,0.8461000755987188,0.6973725301322171,0.9999922513961792,3.4438437523931498e-06,4.30130421591457e-06
