,event id,width,length,azwidth,p_spot,p_track,p_worm
0,40,0.7741047490697504,0.8080634484946304,0.6095077978284963,0.9999949932098388,2.0489094367803773e-06,3.022465534741058e-06
1,46,0.9037610047225756,1.0165389275568224,0.9388014476914148,0.9999982118606568,4.939860218655667e-07,1.3205514051151113e-06
2,81,0.6795152965253027,0.7035425315145425,0.4758697523239742,0.9999614953994752,1.5827014067326672e-05,2.257722917420324e-05
3,85,0.8683224204075379,0.9349616512229032,0.7578310251076462,0.999991536140442,1.889759801088076e-06,6.539014975714963e-06
4,88,0.6950476249172596,0.7205301755273759,0.5160815717955083,0.9999976158142092,1.1890505220435443e-06,1.1493150395835985e-06
5,94,0.6799773377298934,0.7222667312001086,0.4793424175544279,0.9999935626983644,3.2971488508337643e-06,3.119335588053218e-06
