,event id,width,length,azwidth,p_spot,p_track,p_worm
0,10,0.7874832756707927,0.8544941826650895,0.6558846663508321,0.999968409538269,7.4330218922114e-06,2.418469921394717e-05
1,12,0.427391035630608,0.4712095258988632,0.1951100814803254,0.9999990463256836,3.5616022842077644e-07,6.040489779479685e-07
