,event id,width,length,azwidth,p_spot,p_track,p_worm
0,4,0.6325187123834592,2.9695426071982234,0.7595251418065893,0.004870986100286245,0.0036878716200590134,0.991348922252655
1,10,0.8906278199278173,1.009955276186384,0.9627004028224454,0.9999985694885254,2.9902949449933663e-07,1.0593481647447334e-06
2,34,0.470125529755992,0.4893859842942117,0.2284542893711951,0.9999986886978148,7.220235715976742e-07,6.322990770968318e-07
3,58,0.8130298452977505,0.8635915791230186,0.745563294911009,0.9999957084655762,1.5184739368123699e-06,2.7646938178804703e-06
4,83,0.8013318343201491,0.8579312150505269,0.7310862504221453,0.99998939037323,4.1971788959926926e-06,6.490775376732928e-06
