,event id,width,length,azwidth,p_spot,p_track,p_worm
0,7,0.6547117702808074,0.7303990228285826,0.4676318506933938,0.9999974966049194,1.3181246458771056e-06,1.1912296713489923e-06
1,8,0.8392416750900262,0.8567025752391306,0.729011550488328,0.9999938011169434,2.099985294989893e-06,4.0276649997395e-06
2,16,0.9274366540011514,1.0012139868398973,0.9416250770740946,0.9999990463256836,2.3860576447987114e-07,6.803069823035911e-07
3,49,0.4960747027675241,0.5564315688932332,0.25739823758413616,0.9999994039535522,3.006051940701582e-07,2.927128548435576e-07
4,60,0.9347691121740876,1.0426908934261516,0.9978721140581094,0.9999994039535522,1.1170558167350464e-07,4.579098344947852e-07
5,68,0.534375718530196,0.5406091032133796,0.2855672632308284,0.9999995231628418,2.387704682860204e-07,2.742015965395695e-07
6,81,0.5802276834091349,0.5966441938454485,0.3371189116993816,0.9999969005584716,1.3389054629442398e-06,1.8210103007731961e-06
7,99,0.7890125075051113,0.8810576056940994,0.652145273077041,0.9999903440475464,4.250588517606957e-06,5.3394360293168575e-06
8,100,0.7619493190158382,0.8222287620647902,0.6255187061915711,0.9999898672103882,3.675363814181765e-06,6.489484803751113e-06
