,event id,width,length,azwidth,p_spot,p_track,p_worm
0,30,0.8229021992892459,0.8740357727097225,0.7539299741422968,0.9999908208847046,3.743110255527426e-06,5.494307970366208e-06
1,49,0.8716655645690612,0.9456543500185496,0.8842995843554282,0.9999988079071044,3.9125083617364003e-07,7.969316584421905e-07
2,84,0.7748368173814045,0.8394599030007842,0.6170202839925462,0.9999921321868896,2.948401288449532e-06,4.909222298010718e-06
3,93,0.8633398931066478,0.8884252891291808,0.7588104880215937,0.9999948740005492,1.913636424433207e-06,3.2320854188583326e-06
