,event id,width,length,azwidth,p_spot,p_track,p_worm
0,34,0.5930674291039154,0.6067857185888026,0.3645980298464132,0.9999982118606568,9.865950687526492e-07,8.770858812567894e-07
1,47,0.8754825203755934,0.9906686422015516,0.8953440620437714,0.9999985694885254,3.819039591235196e-07,1.0356633310948382e-06
2,77,0.6509161628998756,0.6638611020639925,0.4360881688526124,0.999991536140442,4.307310518925078e-06,4.141486442676978e-06
