,event id,width,length,azwidth,p_spot,p_track,p_worm
0,14,0.5229334786032344,0.5528026224736834,0.27716835989471444,0.9999988079071044,5.826129836350447e-07,5.461848786580957e-07
1,45,0.8957157076649142,0.9387443848616286,0.8812382678099379,0.9999976158142092,6.682142270619806e-07,1.6895046428544447e-06
2,71,0.4214187571958456,0.4834811023222672,0.18018155633880892,0.9999991655349731,3.7113795769982966e-07,4.2452114712432376e-07
3,78,0.88886621699397,0.9711801538553124,0.7932428443807822,0.9999988079071044,2.52966572134028e-07,9.246138574781073e-07
4,82,0.9522938022208908,1.0014469362475933,0.9585796367913396,0.9999983310699464,5.252616119832965e-07,1.1798240393545714e-06
5,94,0.9022606113736968,0.9573929918558288,0.8425925816067972,0.9999988079071044,2.783436627851188e-07,9.032141292664163e-07
