,event id,width,length,azwidth,p_spot,p_track,p_worm
0,58,0.8415601535029279,0.9961293965342868,0.9917235850775076,0.9999899864196776,2.966841748275328e-06,7.015208211669232e-06
1,64,0.6392999096851036,1.4151536393121391,1.1901256497640935,0.9977937936782836,0.00097923434805125,0.0012115173740312455
