,event id,width,length,azwidth,p_spot,p_track,p_worm
0,59,0.6248101745887229,3.9367459975738814,13.685771414158815,0.0033402398694306608,0.07930228859186172,0.9170281887054444
