,event id,width,length,azwidth,p_spot,p_track,p_worm
0,71,0.33586600480020823,1.2012720445727774,0.5408598582243039,0.00011020802048733457,0.9525511264801024,0.046956516802310944
