,event id,width,length,azwidth,p_spot,p_track,p_worm
0,93,0.2825404253200814,2.8507085028670733,1.278021602501552,4.3483341869432486e-05,0.9397886395454408,0.0601206049323082
