,event id,width,length,azwidth,p_spot,p_track,p_worm
0,33,0.2893884951227079,9.599831976304015,7.675124044922332,0.00020568391482811416,0.9014316201210022,0.035182636231184006
