,event id,width,length,azwidth,p_spot,p_track,p_worm
0,2,0.527160219566461,6.840440454138862,25.72728621966307,3.4621440136106685e-05,0.9044615626335144,0.09549590200185776
1,90,10.155360224636503,666.8282525493963,320379.544844718,1.1056597486458486e-06,0.99797123670578,0.002022356726229191
