,event id,width,length,azwidth,p_spot,p_track,p_worm
0,14,0.5774858951700345,23.222208958717538,87.8093045979645,0.9956389665603638,0.00042663206113502383,0.003887618193402887
