,event id,width,length,azwidth,p_spot,p_track,p_worm
0,30,0.4490802367581073,10.365425437339232,61.01246195172802,0.006541390437632799,0.4690735638141632,0.5215840935707092
1,33,0.5958366877687888,5.471588654671872,8.901965621977832,0.003739178413525224,0.2454122006893158,0.749782383441925
