,event id,width,length,azwidth,p_spot,p_track,p_worm
0,2,0.4085388517214064,4.123986650752752,0.6728162012511073,0.013721025548875332,0.23766884207725525,0.7474942207336426
