,event id,width,length,azwidth,p_spot,p_track,p_worm
0,83,0.28792430800796426,7.20123058814059,1.773170016069107,0.1434684991836548,0.7450225949287415,0.11032329499721527
