,event id,width,length,azwidth,p_spot,p_track,p_worm
0,26,1.1255125044745096,465.1110424850512,730.372565935404,0.048816878348588943,0.7636690735816956,0.18434831500053409
