,event id,width,length,azwidth,p_spot,p_track,p_worm
0,75,0.405597828364313,12.268954821113761,4.423683109999445,0.0036253530997782963,0.9397144317626952,0.05529735609889031
