,event id,width,length,azwidth,p_spot,p_track,p_worm
0,52,0.4181356377097031,19.008746406447926,312.5824455716269,0.0004590876633301377,0.8142806887626648,0.05342281237244606
