,event id,width,length,azwidth,p_spot,p_track,p_worm
0,99,6.317117915862907,32.877850302798265,961.0423667031364,5.146632611285895e-05,0.9179732203483582,0.08178973942995071
