,event id,width,length,azwidth,p_spot,p_track,p_worm
0,8,0.4705136664330593,3.7516181460293287,4.230684108680407,2.418477924948093e-05,0.9883990287780762,0.011238149367272854
1,81,0.7960601241025507,5.501670231616304,0.8873912250586967,0.00013344836770556867,0.4600560069084168,0.5397569537162781
