,event id,width,length,azwidth,p_spot,p_track,p_worm
0,59,0.5998977398704209,9.06775062685915,39.22726374254046,0.00012098511069780214,0.9846091270446776,0.015185907483100891
