,event id,width,length,azwidth,p_spot,p_track,p_worm
0,45,0.7560605505790686,1.0255700505469965,1.0508263476726771,0.9999960660934448,1.620692614778818e-06,2.2773403998144204e-06
