,event id,width,length,azwidth,p_spot,p_track,p_worm
0,49,0.44276292551082014,11.282558756670484,38.20207687398341,0.0009313958580605686,0.8328112363815308,0.16569973528385162
