,event id,width,length,azwidth,p_spot,p_track,p_worm
0,53,0.4246159846612663,11.359738192187404,2.428216170610208,0.0001832534180721268,0.9863237142562866,0.013439783826470377
