,event id,width,length,azwidth,p_spot,p_track,p_worm
0,1,0.6006659230540745,6.3560209917564165,2.2112665726931557,7.041496428428218e-05,0.4240204393863678,0.5758624076843262
1,79,0.2912039927904607,9.000661597740681,60.11425653150067,0.0022757083643227816,0.8826446533203125,0.1146199032664299
