,event id,width,length,azwidth,p_spot,p_track,p_worm
0,53,0.4078342537521214,18.266216633864946,43.81748502378847,1.0211551852989942e-06,0.9995964169502258,0.0004026197420898825
