,event id,width,length,azwidth,p_spot,p_track,p_worm
0,38,0.6231302669116773,1.0342645068118996,0.9626460328406872,0.9999983310699464,6.74577904646867e-07,8.955602766036462e-07
1,49,0.6146928313307285,0.8983843168135982,0.7503564345247249,0.9999961853027344,1.6852393400768047e-06,2.0929444417561167e-06
