,event id,width,length,azwidth,p_spot,p_track,p_worm
0,19,0.5805006049048872,19.303193278916204,145.6503880966153,0.0010869872057810426,0.9132220149040222,0.08415547013282776
