,event id,width,length,azwidth,p_spot,p_track,p_worm
0,19,0.535512933490408,11.442027711171262,60.48401421848194,2.337294972676318e-06,0.990839421749115,0.009129567071795464
1,24,0.3924518469158856,5.03325904537178,10.681726870061473,-1.0,-1.0,-1.0
