,event id,width,length,azwidth,p_spot,p_track,p_worm
0,71,0.4602051231172269,0.9820590522546212,0.7658092346232156,0.9999744892120358,1.4326709788292645e-05,1.01185769381118e-05
