,event id,width,length,azwidth,p_spot,p_track,p_worm
0,66,0.9116083435492608,2.8929663109963926,3.0768249863988846,0.08094371110200882,0.15249046683311462,0.7659034132957458
1,77,0.4259955729379595,0.77892440633001,0.2867858299382007,0.9999998807907104,6.01994400994954e-08,5.6257142944105005e-08
