,event id,width,length,azwidth,p_spot,p_track,p_worm
0,1,0.3666299333874274,5.342897054216045,8.88368669096915,0.00013254034274723378,0.967236578464508,0.031667128205299384
