,event id,width,length,azwidth,p_spot,p_track,p_worm
0,63,0.2853838562827588,5.026563444588424,0.2240910798953839,0.012898356653749945,0.9067847728729248,0.07710151374340057
