,event id,width,length,azwidth,p_spot,p_track,p_worm
0,3,0.6590189127486454,1.567570150031829,0.9970110851433254,0.9996576309204102,0.0001985712442547083,0.00014246042701415718
1,29,0.7105960604734095,11.441878181405174,51.97382126379215,0.4104010164737701,0.10511987656354904,0.4832900762557984
2,79,0.3439818680171886,10.581691258497775,3.0907016995598173,0.003101461101323366,0.9610083103179932,0.03239662572741508
