,event id,width,length,azwidth,p_spot,p_track,p_worm
0,87,2.263244167376973e-05,2.193554987403793,1.1265402507828133,0.0006539853056892753,0.9425066709518432,0.056672509759664536
