,event id,width,length,azwidth,p_spot,p_track,p_worm
0,21,4.779907473682846,16.063833938128628,235.62621193660505,7.847652159398422e-05,0.012865484692156315,0.9869612455368042
1,98,0.6077948994949076,3.709062342724733,3.3431238082390338,0.0003192191943526268,0.8728966116905212,0.12667638063430786
