,event id,width,length,azwidth,p_spot,p_track,p_worm
0,89,0.3679446597070564,5.149901035380188,13.029398344635355,0.056702524423599236,0.5829722285270691,0.3597897291183472
