,event id,width,length,azwidth,p_spot,p_track,p_worm
0,82,13.973827709114802,50.187907539396654,2506.697465450591,0.0004990216111764312,0.6629369258880615,0.33615148067474365
