,event id,width,length,azwidth,p_spot,p_track,p_worm
0,67,0.8872607026660946,1.4442871704101592,1.9926054882095816,0.9993440508842468,0.00020884245168417687,0.00044355535646900535
