,event id,width,length,azwidth,p_spot,p_track,p_worm
0,66,0.8465015234073671,3.006184646725567,2.092572584557608,0.0015028996858745813,0.02858002670109272,0.96988844871521
