,event id,width,length,azwidth,p_spot,p_track,p_worm
0,23,0.3395971526320256,0.5650712605501703,0.31924545877984745,0.5198124647140503,0.09066364169120787,0.10898961871862413
