,event id,width,length,azwidth,p_spot,p_track,p_worm
0,62,0.4583625621992473,2.1784247089466486,4.314047827555232,0.17988212406635284,0.620649516582489,0.1965273916721344
