,event id,width,length,azwidth,p_spot,p_track,p_worm
0,43,0.9185711020156916,5.229203944070003,14.321068238364651,0.0004066220426466317,0.10723434388637544,0.8923523426055908
