,event id,width,length,azwidth,p_spot,p_track,p_worm
0,57,0.7415024578531002,7.15355773184687,39.33932093820946,0.001708360156044364,0.4197218120098114,0.5784168839454651
