,event id,width,length,azwidth,p_spot,p_track,p_worm
0,3,0.5588618807447283,7.9820110605951315,34.173852149305496,0.0016089072450995445,0.3360747992992401,0.6620749235153198
