,event id,width,length,azwidth,p_spot,p_track,p_worm
0,9,0.4226028694402729,2.862136476908565,3.918349421926515,0.00020121301349718124,0.9140374660491944,0.08559663593769072
1,87,0.8564242390711098,6.58045942642553,0.8880340100609148,0.8494120836257935,0.023324962705373764,0.12721708416938782
