,event id,width,length,azwidth,p_spot,p_track,p_worm
0,8,0.40093737965916987,5.88433162975662,8.548512908585655,1.8234764866065234e-05,0.9927236437797546,0.0035886596888303757
