,event id,width,length,azwidth,p_spot,p_track,p_worm
0,17,4.5995615178833305,394.67353727108946,8463.973909008932,2.4493556338711636e-07,0.9993404746055604,0.0006592194549739361
