,event id,width,length,azwidth,p_spot,p_track,p_worm
0,37,0.4004110507315845,0.7123982839866404,0.364670365932896,0.04535530507564545,0.8752689361572266,0.0771290585398674
