,event id,width,length,azwidth,p_spot,p_track,p_worm
0,21,0.3332050403355385,3.1176595589167597,8.682909856008965,3.773062189793563e-06,0.9808074831962584,0.0191789623349905
1,46,30.054752574548512,95.04243498762207,9002.350544585397,4.176837137492839e-06,0.01777832768857479,0.9822152256965636
