,event id,width,length,azwidth,p_spot,p_track,p_worm
0,30,0.6124996349739834,18.176596433281514,71.48414483236739,0.002333198906853795,0.8681092858314514,0.12329742312431335
