,event id,width,length,azwidth,p_spot,p_track,p_worm
0,18,1.8837600924871991,220.30080516704425,1873.0404615754592,0.004412196576595306,0.8355293869972229,0.15986603498458862
1,39,0.3558472915197773,18.704856441242594,7.653602292769811,0.023233965039253242,0.6112072467803955,0.03896421939134598
2,78,11.206354148698148,34.87385964215608,564.1239766997462,0.0032369063701480627,0.27969661355018616,0.7169737219810486
