,event id,width,length,azwidth,p_spot,p_track,p_worm
0,38,0.4545839815891007,2.6931216836206224,0.7894647649954305,0.003940276335924864,0.3275531530380249,0.6677202582359314
