,event id,width,length,azwidth,p_spot,p_track,p_worm
0,48,0.3812667007445792,14.406446708994745,98.67802029533311,6.824281172157497e-06,0.9474979639053344,0.052463993430137634
1,71,1.8657995960396168,3.8810631937148816,7.9152535991421376,9.60889010457322e-05,0.006460403557866812,0.8018650412559509
2,83,2.6957257705040414,18.232647731898698,290.72173093188263,0.0003809371846728027,0.8339276909828186,0.16457971930503845
