,event id,width,length,azwidth,p_spot,p_track,p_worm
0,43,0.6186701883666674,9.597425701645152,1.6908845671466692,0.0037708866875618696,0.7345772981643677,0.2600263357162476
1,92,4.703802869922232,30.887702889987175,249.5563103727987,0.01443800050765276,0.9205060005187988,0.06467042118310927
