,event id,width,length,azwidth,p_spot,p_track,p_worm
0,42,0.6563126684952063,78.32766500357945,174.6882845402601,9.179682365356713e-07,0.9944090247154236,0.005589764565229416
