,event id,width,length,azwidth,p_spot,p_track,p_worm
0,36,3.9231230912212034,15.567222203541352,140.56954684640084,0.012538845650851728,0.5577976703643799,0.4151726961135864
1,59,3.475235805854908,8.789397451678035,72.14321763454505,2.7984490316157454e-06,4.173983688815497e-05,0.9999555349349976
2,60,0.4269698329646151,28.46346584047564,14.37598127118126,0.05961296334862709,0.2610853314399719,0.6785452365875244
