,event id,width,length,azwidth,p_spot,p_track,p_worm
0,14,10.755191330665019,116.53710695592994,3298.088499651027,0.0012597002787515519,0.730627179145813,0.26795145869255066
1,19,0.5111124248093089,18.56835387646348,24.993425171248827,0.0041452092118561285,0.9353840947151184,0.05895549431443215
2,26,16.021601619461094,97.34883804959593,4721.929383231078,4.938826532452367e-05,0.6439774036407471,0.35589244961738586
3,55,0.5008463609115117,44.59418683856972,183.5134449955219,0.004547591786831617,0.12529432773590088,0.8685151934623718
4,61,6.9727574990866135,168.38915945254064,13999.01074191833,0.001986719667911529,0.7705369591712952,0.2263370454311371
5,63,3.4145304233698623,173.5449329204346,7423.827826007582,0.022705882787704468,0.0193070787936449,0.9579629898071288
6,95,3.689069509220373,297.2953096053598,14487.040719480918,3.320260293548927e-05,0.9246681332588196,0.07521878182888031
7,97,10.851742935969252,90.37160492744509,2028.3997876977826,0.5848813056945801,0.04248670861124992,0.3720797598361969
