,event id,width,length,azwidth,p_spot,p_track,p_worm
0,21,1.7812878251023994,148.45535371240518,1605.4595311969185,8.767619146965444e-05,0.9785642623901368,0.019315224140882492
1,53,0.4712110207743318,13.78588056586466,56.0207137052046,8.131332833727356e-06,0.9984657764434814,0.0015245560789480805
2,57,0.4861902700287889,15.125630925540564,64.11135397415822,2.7283131203148514e-06,0.9985548853874208,0.0014396799961104991
3,58,3.4655087535717617,124.44530768169714,262.18731991891326,0.001014223089441657,0.01398535817861557,0.9849975109100342
4,78,0.6751161726421286,19.015758495421924,85.70683388267409,0.0011178918648511171,0.9676666259765624,0.029596352949738506
5,90,4.675842749059706,17.46047660010279,58.08252748737904,0.0002444298006594181,0.4901614189147949,0.5091559886932373
