,event id,width,length,azwidth,p_spot,p_track,p_worm
0,3,3.93338758909701,229.798542916605,3212.014634550743,0.07101047039031982,0.8597431778907776,0.0691920667886734
1,4,6.759676027151582,81.27988713979836,875.4905286642523,3.6943499708286254e-06,0.9984649419784546,0.0015216359170153735
2,33,8.152598606157026,93.69692778900811,4955.659908913167,0.002601556479930877,0.12174344062805174,0.8755908608436584
3,36,3.449666686876648,109.890170273133,812.1503534368862,1.6018988162613825e-06,0.99394291639328,0.006055396515876055
4,53,56.481560816956254,644.5730704583817,13244.71358371398,0.0011894606286659837,0.9790387749671936,0.01951812207698822
5,55,9.523455605144807,29.478188904364945,92.77956182383564,0.005461100023239851,0.01765578612685204,0.9767864942550659
6,74,2.0257490316219657,234.00315923996916,3970.910332275136,5.714688086300157e-06,0.9956462979316713,0.004320371896028519
