,event id,width,length,azwidth,p_spot,p_track,p_worm
0,14,8.45720635497871,246.62722050645192,27473.704861714385,0.00011741068010451272,0.9579994082450868,0.04185177385807037
1,26,8.547469789698296,30.224869691013712,887.8290980305278,1.6937556210905313e-05,0.9204493165016174,0.07950509339570999
2,56,0.7089469432011799,14.386177621029901,31.86798207648118,0.00022801251907367265,0.6198227405548096,0.3799417316913605
3,59,4.517865312326327,55.90578746365861,1337.006842487604,2.766866600723006e-05,0.9888688325881958,0.009988768026232721
4,81,1.703629641050226,32.19904571932924,14.59310125125849,8.238856935349759e-06,0.9966182112693788,0.0033463709987699986
5,86,2.875488092791236,76.26307272409342,3424.6319208000764,0.001953714294359088,0.9155351519584656,0.08221135288476944
6,99,0.38112055501554654,138.90791208294814,2598.097951853821,3.2970776828733506e-06,0.9967862367630004,0.003128217766061425
