,event id,width,length,azwidth,p_spot,p_track,p_worm
0,30,0.7620363761574079,1.9682920558734704,3.2988623143168976,0.7220283746719359,0.1119205206632614,0.1639440506696701
