,event id,width,length,azwidth,p_spot,p_track,p_worm
0,40,0.6781996410974821,18.010330480750007,140.47723213700993,0.9999992847442628,3.331234381676041e-07,3.1459765637009696e-07
