,event id,width,length,azwidth,p_spot,p_track,p_worm
0,18,3.3504644177754903,125.46070435169777,5775.64342665161,0.920907199382782,0.052676748484373086,0.026358798146247864
1,38,0.9805692758673618,257.19336184167025,50528.44807519655,0.0008274807478301227,0.9710363149642944,0.02709544822573661
2,60,1.1355922742344062,8.333994263881928,47.1236051763443,0.0006688703433610499,0.0020500465761870146,0.9972809553146362
3,63,3.0673819571034135,67.50517759162703,3969.855237395391,0.027113867923617363,0.4016592502593994,0.5690292119979858
