,event id,width,length,azwidth,p_spot,p_track,p_worm
0,4,17.44805261707628,43.851978821403904,357.1248492613272,0.07689598947763443,0.05032430961728096,0.8726754784584045
1,26,1.0764534445320018,12.346162956444935,102.1005589378219,0.936107575893402,0.00450635701417923,0.0593218170106411
2,34,0.5639375113505407,24.894920961832362,430.9303195521618,0.0019284253939986235,0.9630314707756042,0.03378065675497055
3,46,20.35299381869968,125.22783898300527,11157.812032485208,0.028054673224687576,0.035759489983320236,0.936051607131958
4,51,2.41425454494305,409.4386550746033,124977.39611364625,0.00011879335215780884,0.9812859296798706,0.01849130354821682
5,66,0.6573578261567514,298.9494568919128,38964.88888388341,4.486386387725361e-06,0.9963185787200928,0.0034970149863511324
6,69,5.5622941372212695,33.136419227396885,505.4194079513958,0.01299058087170124,0.6477535963058472,0.3375815451145172
7,96,0.4047185741539204,20.973313988529085,273.46671201707767,0.0002553508384153247,0.9537525177001952,0.0428537093102932
