,event id,width,length,azwidth,p_spot,p_track,p_worm
0,14,2.4942106100080483,38.97072263154885,916.6299876014208,0.5609214901924133,0.1260077804327011,0.3118352293968201
1,39,1.8081880006867992,11.609381308271828,71.66248863518379,0.032177481800317764,0.5419760942459106,0.4134904146194458
2,61,4.090163147543336,103.6307361177013,9376.494480488042,0.004125365987420082,0.04713556542992592,0.9481029510498048
