,event id,width,length,azwidth,p_spot,p_track,p_worm
0,3,1.7837340831557555,349.0610221527146,14624.896704351582,0.9999979734420776,4.048189623517828e-07,1.7203435618284855e-06
