,event id,width,length,azwidth,p_spot,p_track,p_worm
0,50,2.0854474432822623,22.83444677569076,19.164192393395293,0.002872862620279193,0.06305500119924545,0.9338911175727844
