,event id,width,length,azwidth,p_spot,p_track,p_worm
0,3,0.35392398547080745,5.217925485100241,10.989253007452257,5.54673022179486e-07,0.9986039996147156,0.0013951297150924802
