,event id,width,length,azwidth,p_spot,p_track,p_worm
0,24,25.396513472162045,511.34974688650436,40858.20633971936,0.0016618347726762295,0.981764018535614,0.016524245962500572
1,25,3.4786741593191257,61.02912187486625,1954.9570560424854,0.0012924638576805592,0.749226987361908,0.1797453761100769
2,37,7.7065426317088095,84.80240773527639,1747.5591821009693,6.656771802227013e-06,0.998730719089508,0.0012530968524515627
3,48,1.4213207283486602,149.4342081333752,15242.826150064197,0.023162871599197388,0.03807780146598816,0.938696026802063
4,50,4.2908291744060385,304.4594545490128,58218.19498457831,9.351181506644934e-05,0.9706727266311646,0.029142614454030987
5,70,2.3007688401577453,237.03113095502326,38550.33680651926,0.0003751404874492437,0.934847354888916,0.06454332172870636
6,90,0.4941540430131368,36.77676970867976,898.5096533594037,0.00014542383723892274,0.9938622713088988,0.005954839289188385
7,93,0.6513337919732057,35.17712936269219,887.1377908947671,0.025396861135959625,0.5596044659614563,0.41351932287216187
8,94,0.361856892585974,28.2782317754663,478.2591268305426,0.2116162329912185,0.7284747362136841,0.05849944427609444
