,event id,width,length,azwidth,p_spot,p_track,p_worm
0,28,2.472731699750005,18.204120312151016,130.07890359472773,0.00021861190907657144,0.9559378623962402,0.04136694222688675
1,91,1.4764623268070416,84.27643044062944,1562.790520392844,0.003110219724476337,0.9177752733230592,0.078968845307827
