,event id,width,length,azwidth,p_spot,p_track,p_worm
0,5,34.0658456874431,59.27490652958869,3444.810137817929,0.00019534959574230013,0.34437233209609985,0.6550779342651367
1,6,14.719488680748013,28.482944576059502,632.0071467253817,0.00013772484089713544,0.9884291291236876,0.01081861462444067
2,13,3.4476951874636046,588.6496153175106,998.7354544010864,0.002283050213009119,0.510539174079895,0.4867236912250519
3,31,4.522532394815597,71.81897505969447,1184.80359041944,0.009100141935050488,0.9265592694282532,0.06164376437664033
4,44,11.234268119522461,31.94633420479982,808.1517805847049,0.0010462289210408926,0.9130913019180298,0.08576419204473495
5,67,1.896598072064808,55.07553347713007,545.6530581142251,1.784306368790567e-05,0.9952270984649658,0.004668687470257282
6,68,11.219448014897118,76.23925647859225,5775.13140064573,0.8003048896789551,0.015654845163226128,0.1840249001979828
7,99,11.445243362617207,39.54338026863826,1464.3267829926533,0.00011349729174980894,0.9814105033874512,0.013601645827293396
