,event id,width,length,azwidth,p_spot,p_track,p_worm
0,13,3.1341742293455184,41.37976694023853,759.1782469381633,2.3088114176061936e-05,0.9886830449104308,0.011274403892457485
1,48,0.4615227611351371,156.29937832292137,198.134393566677,3.972767808591016e-05,0.9927105903625488,0.007226611487567425
2,72,7.088361088465098,11.242432669912429,126.24444912831257,0.00010685712186386807,0.9318342804908752,0.06539766490459442
