,event id,width,length,azwidth,p_spot,p_track,p_worm
0,1,0.4451374044173336,31.41284243004836,244.8421104575294,0.00014909662422724068,0.9712169766426086,0.027514189481735236
1,30,15.834506549449337,69.28702803320242,2001.279687874796,0.0002941062848549336,0.8971720337867737,0.10195938497781754
2,46,0.4773577870960648,229.06186791986354,19077.320214714007,0.0009374493383802477,0.7203254699707031,0.2770843505859375
