,event id,width,length,azwidth,p_spot,p_track,p_worm
0,75,1.6934242292842496,110.43489989014608,11727.952151679625,0.02175943553447724,0.09396347403526306,0.8839403390884399
