,event id,width,length,azwidth,p_spot,p_track,p_worm
0,5,4.273261757549759,8.864500608365386,78.0879428915336,0.003502701409161091,0.6873464584350586,0.30719229578971863
1,19,2.620690539655854,11.649029553658625,76.5516117841662,0.002214602893218398,0.2757757306098938,0.721680223941803
2,45,7.618556845254834,14.73721680064632,108.61765636800344,0.012147248722612858,0.708173930644989,0.21836218237876887
3,47,3.123104044881246,20.16901074330277,396.2214714814849,0.00010936868784483522,0.9738982319831848,0.025868361815810204
4,51,1.2759153631518247,15.59407188269288,10.894452064999118,0.005257420241832733,0.8791202902793884,0.11207433044910432
5,94,38.36360241709377,87.0545576536352,3958.6663830962434,0.00013685411249753088,0.6620219349861145,0.3377304077148437
