,event id,width,length,azwidth,p_spot,p_track,p_worm
0,52,10.665840386444712,85.33415961970003,4829.942871443194,0.8262538313865662,0.08708028495311737,0.0736587718129158
1,58,6.054118484912473,41.8046217151224,1710.1449483209976,0.27088117599487305,0.6302632093429565,0.09505096077919006
2,68,6.003529821573008,34.513707033395036,1142.0338369987,0.007661291398108005,0.9097614884376526,0.07845300436019897
3,77,6.4235057179688075,18.272409307431825,260.66521931085583,0.3431942164897919,0.09130865335464478,0.5649551153182983
