,event id,width,length,azwidth,p_spot,p_track,p_worm
0,35,1.1734169824552358,24.125901275924267,24.168389026977447,0.0003861563745886088,0.9644514918327332,0.0350654199719429
1,76,3.7844233439490136,33.97140258331763,1153.9952895219153,4.71146540803602e-06,0.7481122612953186,0.2518673539161682
