,event id,width,length,azwidth,p_spot,p_track,p_worm
0,74,2.2500452767619974,30.58301511347425,882.3640907235578,0.0001585041609359905,0.8721060752868652,0.12762512266635895
