,event id,width,length,azwidth,p_spot,p_track,p_worm
0,52,0.4017688298757097,17.276342543372795,0.2546413507282402,1.399322263750946e-05,0.9926416277885436,0.007343517150729894
1,61,1.2532490183859546,18.774462816267672,3.5073904177555923,0.0001150059761130251,0.9924910664558412,0.007393214851617812
