,event id,width,length,azwidth,p_spot,p_track,p_worm
0,7,4.0943998915070665,189.96684222627047,1058.3732215004243,0.0720655769109726,0.6133825182914734,0.30894339084625244
1,30,2.2295032223156133,140.28258528348596,1949.2411297934195,0.4519798755645752,0.2912368178367615,0.2560319006443024
2,43,1.6234531570880224,8.904111876229733,7.2103678777174665,0.0002778811613097787,0.03934439271688461,0.8910495638847351
3,57,1.7847498175974568,8.312355168030429,10.694351275889069,6.677250325992645e-07,0.0011061893310397863,0.9988691210746764
