,event id,width,length,azwidth,p_spot,p_track,p_worm
0,9,2.46090144024069,20.5862705180772,177.50989610686332,0.001713257865048945,0.9318740367889404,0.06365025788545609
1,79,3.6472406586913286,20.47907312543303,65.77047363759134,3.1085855880519375e-05,0.959427773952484,0.04051060602068901
2,93,1.2238477650124688,7.055538149689242,2.2639217024005625,0.003274773480370641,0.6596646308898926,0.3369673788547516
