,event id,width,length,azwidth,p_spot,p_track,p_worm
0,8,1.5806898493020949,105.99382322228641,870.569889482549,0.4092548191547394,0.39953190088272095,0.17883053421974182
1,38,0.7106821434992571,20.771689437579244,185.00968940880367,0.0002956278040073812,0.07943236827850343,0.9201905727386476
2,62,1.0956263407588114,57.48916201354028,2308.0365120863253,0.0483890175819397,0.39524468779563904,0.437950998544693
