,event id,width,length,azwidth,p_spot,p_track,p_worm
0,47,1.0940337183179059,60.135071288953206,2594.080226548709,0.9405710697174072,0.001452339580282569,0.0579698383808136
1,48,13.244790792835765,45.779445685509316,1322.023539029154,0.6618390679359436,0.09889408946037292,0.22907502949237826
2,62,1.8598523292438365,21.018070307695233,396.57507850209157,0.0011155565734952688,0.5786021947860718,0.41814252734184265
3,81,4.058002894210288,244.79684211580025,59545.12814736022,0.016183795407414436,0.8385108113288879,0.14477013051509854
