,event id,width,length,azwidth,p_spot,p_track,p_worm
0,18,1.5608619684189098,63.35092517257658,3106.897632650903,0.5914527773857117,0.11402341723442078,0.29286429286003113
1,42,0.5149727670035738,2.9690537576893363,0.6798795865689462,3.278362555647618e-06,0.9966997504234314,0.003295422997325659
