,event id,width,length,azwidth,p_spot,p_track,p_worm
0,30,9.98662213666158,49.752305500982715,1522.6684057671455,0.0012066266499459743,0.4533249139785767,0.5449632406234741
1,43,3.376560667988099,97.86288740958591,1544.3057382867264,0.8546382188796997,0.11334308236837387,0.03149019554257393
2,51,6.819710984339577,62.46935406038824,128.96670291896095,0.19045782089233398,0.6060351133346558,0.20065894722938532
3,66,0.9990264259180044,278.2716547043382,4536.9427922412015,7.886911771493034e-05,0.8756582140922546,0.12232135981321335
4,76,9.857888917921244,89.0963526132432,7719.2181509636475,1.9293576769996434e-05,0.9852988719940186,0.012989711947739124
5,79,5.914681048480874,360.92428346527015,56023.34444435197,0.010191040113568306,0.9513160586357116,0.03812739625573158
6,96,5.84479521976273,157.82340186426032,23350.362759164716,0.017957834526896473,0.1614125519990921,0.8201562166213989
