,event id,width,length,azwidth,p_spot,p_track,p_worm
0,16,2.1378142271027523,120.97235427908743,8961.156797028038,0.0005000943783670664,0.8829835057258606,0.11574234813451767
1,46,9.149805203179415,20.38894855009268,336.54398872822014,0.001889493898488581,0.0005723033682443203,0.99749493598938
2,50,10.78001182195498,24.269361125263238,117.65837502664476,0.0596209242939949,0.7220850586891174,0.2134971767663956
3,63,1.852816241105936,77.88033741675238,1251.618813188724,0.059099666774272926,0.7315457463264465,0.1995374709367752
4,71,6.237817401201137,59.191583576893386,3476.3495737420417,0.0002565596951171756,0.010294396430253984,0.9894484281539916
5,96,5.6355044936232375,39.69102695827339,48.70272315898257,0.00667531555518508,0.9585897922515868,0.034578707069158554
