,event id,width,length,azwidth,p_spot,p_track,p_worm
0,1,7.892168191668636,58.798475268075435,581.1070268222771,1.3201090951042715e-05,0.9938063621520996,0.006166500970721246
1,13,1.7254585559950204,164.60672943436114,849.6713924370407,0.0005691155092790723,0.9630753993988036,0.036052506417036057
2,32,9.683653106561634,119.15750709007244,5049.951146590436,1.0579630725260358e-05,0.9968247413635254,0.0031560135539621115
3,41,0.9385611743425828,467.44900636708365,31076.16099252872,1.1501389053591993e-05,0.9083406925201416,0.09163737297058104
4,52,14.142220304981091,62.55490883915144,1352.4152343722603,0.00020978103566449136,0.980000913143158,0.019787510856986046
5,57,2.5906178109456097,223.97181209132492,711.5231851776198,2.804825271596201e-05,0.9723943471908568,0.02749346010386944
6,61,5.916216835865376,96.28028048256512,83.77820543730208,1.4547459841196542e-06,0.9976893663406372,0.0022878851741552357
7,85,0.4772560423610863,17.016562431219835,0.6976174078535156,5.7446060964139185e-05,0.9701529741287231,0.02972877025604248
8,96,21.093949658587643,192.35130830099223,36200.839403936494,3.49883134731499e-06,0.9981889128684998,0.001804082654416561
