,event id,width,length,azwidth,p_spot,p_track,p_worm
0,35,1.8228962233252504,33.63055478691302,15.18509574973973,0.3104951679706573,0.12762969732284546,0.5617062449455261
