,event id,width,length,azwidth,p_spot,p_track,p_worm
0,36,0.6749868238766472,11.517429143706494,91.82834078097923,5.9093406889587634e-05,0.00015452712250407782,0.9997863173484802
1,95,0.7088205155457405,21.041632210991505,285.3078740864828,0.9999977350234984,1.1053130037907977e-06,1.1769778893722105e-06
