,event id,width,length,azwidth,p_spot,p_track,p_worm
0,33,3.3925059003186093,5.492456987385576,30.04309865138561,6.3420353399124e-05,0.6353150010108948,0.36447227001190186
