,event id,width,length,azwidth,p_spot,p_track,p_worm
0,57,10.03013323137561,60.427408228880914,1473.6963775555164,8.149704626703169e-07,0.9981439113616944,0.0018501129234209657
1,62,8.091239619555138,23.975359079493014,415.8475144168466,0.0005759479245170951,0.9657905101776124,0.03361865505576134
2,97,7.737349100299197,104.62806146063652,10442.240635117118,0.00630398979410529,0.9418760538101196,0.05171036347746849
