,event id,width,length,azwidth,p_spot,p_track,p_worm
0,10,0.4587877336257156,40.04606854195594,235.79086085901423,9.963049524230884e-05,0.9560779929161072,0.03131476417183876
1,13,0.29846257387058944,26.047413561755306,243.28045079643246,0.00120146491099149,0.6697917580604553,0.3246188759803772
2,76,6.166898704829396,304.0450968041932,13639.668792164299,0.005091628059744835,0.4233963191509247,0.5680691003799438
3,85,1.160536807817666,79.31288068951356,2571.52127636822,0.0026609115302562714,0.781670868396759,0.14180022478103638
