,event id,width,length,azwidth,p_spot,p_track,p_worm
0,10,8.67631102198971,139.33180784908512,15137.924589679551,0.00031965156085789204,0.9499530792236328,0.04060332477092743
1,11,0.5082953857390969,17.962638597743545,13.668103649656146,0.008967039175331594,0.288645476102829,0.6914546489715576
2,47,18.532071646807662,161.11903189909202,20842.972987525438,0.0002938429242931307,0.9834849238395692,0.01518705952912569
3,58,0.29267996389589684,18.47642180221098,29.393113100199145,0.6668301820755005,0.2362208217382431,0.06525184214115143
4,62,3.698182453868589,198.6851595651256,12415.045157919958,3.6667403037426986e-05,0.991957426071167,0.007747291587293148
5,81,3.68636081119109,127.66961260541099,4233.728149941022,0.9017452001571656,0.0760079100728035,0.0219543781131506
6,99,0.3808498083488616,16.04675449823485,18.842825722320327,5.964260253676913e-06,0.9922487735748292,0.007631684187799692
