,event id,width,length,azwidth,p_spot,p_track,p_worm
0,1,2.847754036545928,92.28815338549994,553.4736511384199,0.0003329128376208247,0.9641218185424804,0.03337225690484047
1,21,5.2955896209411915,32.87566416382519,1046.0535846577516,0.00013601534010376779,0.9815784692764282,0.018037769943475723
2,49,5.41528258566691,13.208810132074357,170.38756127856837,4.330894807935693e-05,0.8339219093322754,0.16575153172016144
