,event id,width,length,azwidth,p_spot,p_track,p_worm
0,22,0.32196198117590075,1.4623573814685893,0.1114867692666685,0.009726588614284992,0.9045631885528564,0.08390351384878159
1,27,3.4202198922622244,13.788985428321025,170.13338390081526,0.00011395435285521673,0.355819970369339,0.6437992453575134
2,95,1.4119591234069309,9.692363348755398,54.74657334239072,0.00023275101557373998,0.1228531301021576,0.8767408132553101
