,event id,width,length,azwidth,p_spot,p_track,p_worm
0,39,0.6755067281196305,7.0054481050201085,9.40054576370996,7.442734931828454e-05,0.004294150043278933,0.9956309795379642
1,49,0.6591295400155387,7.398675792956783,14.493073990163074,4.9474652769276866e-05,0.0055765281431376925,0.9943711161613464
