,event id,width,length,azwidth,p_spot,p_track,p_worm
0,9,1.2535134040330136,12.807610780763435,3.542059927498208,0.4124758243560791,0.16091102361679074,0.4237293004989624
