,event id,width,length,azwidth,p_spot,p_track,p_worm
0,31,2.0014990247142896,275.07731201339334,24891.35611577145,2.1314453988452442e-05,0.9893504977226256,0.010440095327794552
1,45,3.8080218912963097,23.353669001036053,312.7361781145367,0.001611395040526986,0.4320974349975586,0.3965969681739807
2,50,4.137207379287036,304.1082420991841,82099.90726014902,0.010203586891293526,0.5623604655265808,0.4252046048641205
3,53,3.7865327018425132,67.90593709912861,1205.8433630673626,0.0019656340591609482,0.8742685914039612,0.12323372811079025
4,64,0.32025724860848803,10.100870439314619,52.69895661357585,0.0008075873483903706,0.929333746433258,0.0616692490875721
5,97,5.5886406702106175,211.13191820474327,14717.517794047939,0.0017524365102872252,0.05139828845858574,0.9468159079551696
