,event id,width,length,azwidth,p_spot,p_track,p_worm
0,95,6.704625809247598,9.7173426770021,94.17339943537253,0.39839810132980347,0.028253158554434776,0.51581871509552
