,event id,width,length,azwidth,p_spot,p_track,p_worm
0,33,1.2290659074424852,5.828424688553264,7.560404017616378,0.1341991126537323,0.010007095523178577,0.8557319045066833
