,event id,width,length,azwidth,p_spot,p_track,p_worm
0,4,9.371949066604287,230.966591575891,49241.906324938886,2.6201563741778955e-05,0.9924353957176208,0.007379859685897826
1,7,7.625900759914049,101.30611323828691,2443.9940699715025,0.0001455961901228875,0.9755682349205016,0.020139390602707863
2,17,3.9387680105353735,213.7944170544826,4157.9420826456235,0.0004481853975448757,0.9614207744598388,0.03800113499164581
3,21,0.8181480109924804,44.21703663964242,65.07558067376911,0.00022784704924561083,0.96320241689682,0.032107695937156684
4,49,1.3336470455694307,45.487663305846574,123.49553510786279,0.0019297262188047173,0.6546603441238403,0.34098780155181885
5,79,4.523234864808816,510.5487743111469,56174.46688931958,3.519051097100601e-05,0.9787110686302184,0.02124672755599022
6,89,5.486075116903455,17.234647644070066,36.47245871383626,0.0009082756005227568,0.21125023066997528,0.7823447585105896
7,90,0.7629191752565037,58.0253304167776,29.875554014791412,0.011451252736151218,0.0594397559762001,0.9290684461593628
