,event id,width,length,azwidth,p_spot,p_track,p_worm
0,5,5.280264376718787,651.7233914709179,5237.032364910961,1.1621971680142453e-05,0.9934588074684144,0.006527052726596594
1,48,6.304003901934683,171.36987892236886,6093.37861379443,4.988014552509411e-06,0.994234263896942,0.005760483909398317
2,66,8.70304811648571,230.4135905721867,8102.700113406755,0.0029656130354851484,0.8936803340911865,0.10297111421823504
3,76,4.7647372349302985,71.6959409565512,39.112731439085174,0.0005469918833114207,0.5201760530471802,0.4792641699314117
4,92,2.854680642579661,391.68314190770514,2431.820605975747,0.0005076618981547654,0.5577110052108765,0.4411059021949768
5,93,0.4674127981415333,22.797525548246732,265.6957572949934,-1.0,-1.0,-1.0
