,event id,width,length,azwidth,p_spot,p_track,p_worm
0,10,4.956757334208564,425.5331642071935,27556.81828768689,0.0007543260580860077,0.0038858368061482906,0.9953592419624328
1,16,5.365611613455052,337.41193890534623,201.8062045728249,0.0017286957008764148,0.6305421590805054,0.3588050603866577
2,19,21.73645157410127,255.2941764932991,14101.153759757324,0.9999833106994628,6.6795910242944964e-06,9.984484677261207e-06
3,58,5.062252863837667,107.75929270567764,3774.190481087373,5.922880518482997e-06,0.9879314303398132,0.003349459497258067
4,72,0.5945116269668693,33.21673599035962,220.4405929944669,0.11797349900007248,0.2256816923618317,0.6496338844299316
5,77,33.32566403953177,94.66844107541384,8880.160208044541,3.4816494007827714e-05,0.9434871077537536,0.03527807071805
6,86,26.85357237308759,154.24618041148233,21043.37193362785,0.004329281859099865,0.6187958717346191,0.37621036171913147
7,88,9.939390183196268,294.91892724515037,15069.350730442638,0.0014080101391300561,0.6160860061645508,0.3816911280155182
