,event id,width,length,azwidth,p_spot,p_track,p_worm
0,5,0.5600608907408032,65.71794531458754,108.32284006792645,0.002931843278929591,0.9667105674743652,0.028276624158024788
1,41,11.114207369255306,29.602630330120267,385.07458847293816,0.002896427409723401,0.8963519930839539,0.0992065966129303
2,69,4.1550166004138696,39.1439275661768,1423.6281167309521,0.0005101949791423976,0.9565865993499756,0.040843803435564034
3,75,3.819867182679277,38.94801223360477,601.0792696298066,0.0041902330704033375,0.6388020515441895,0.35407504439353943
4,81,0.9768284950960904,11.25192162187871,10.52927427375823,0.013585549779236315,0.5983251333236694,0.3705395460128784
