,event id,width,length,azwidth,p_spot,p_track,p_worm
0,18,15.815297561397221,65.32287854034625,1079.0518175539328,0.03381570056080818,0.7595486640930176,0.2018144279718399
1,20,10.48723435574782,44.666237155823815,1962.712769446089,0.0008794657769612968,0.3756926953792572,0.6232931017875671
2,36,2.795189755121731,152.9136912874016,2603.5968393411717,0.009350000880658628,0.7840293645858765,0.20446746051311493
3,42,1.519675439263796,38.19589417060227,621.333918624899,0.0594385601580143,0.5292754769325256,0.2635231912136078
4,48,33.86813250243188,140.83533759024806,6409.1763080065475,2.4329343432327732e-05,0.005373520310968161,0.994586944580078
5,75,0.4333420709900097,4.730725544719452,5.697662209011628,0.10410259664058684,0.226524755358696,0.667763888835907
6,76,0.29867497866371906,3.1225344918221114,2.0729231875504555,0.059091672301292426,0.20132775604724884,0.7391631603240967
7,84,2.7341428485582977,17.28899906690202,22.94176020210124,0.010773084126412868,0.7331162095069885,0.2466820776462555
