,event id,width,length,azwidth,p_spot,p_track,p_worm
0,34,9.064836859072086,58.66325124449518,1542.2428303891793,3.0092913220869374e-05,0.9977105855941772,0.0022528385743498802
1,52,1.24439579248929,95.44906998538723,27.91696228316116,0.8863000273704529,0.029111210256814964,0.08458658307790756
2,91,2.626679265463148,15.06125973077996,14.901101720423071,8.198667700298756e-08,0.02398575283586979,0.9760141372680664
