,event id,width,length,azwidth,p_spot,p_track,p_worm
0,1,1.8178998105242388,140.60891974325622,2791.656860139475,9.46728396229446e-05,0.11918115615844728,0.8806933760643005
1,45,2.65844614432795,192.2641859015105,296.3121590268612,0.002101948251947761,0.7636869549751282,0.2339751124382019
2,78,3.3784835789431926,21.495809376802093,11.872395878470481,0.007027302403002977,0.0026226039044559,0.015044771134853363
3,85,2.798655600788009,153.40634957524202,330.73445660107916,4.2033978388644755e-05,0.9815161228179932,0.01844065450131893
4,91,10.239594244830514,44.93448672556176,747.6654108384537,0.03839265555143356,0.1084304004907608,0.8531762361526489
