,event id,width,length,azwidth,p_spot,p_track,p_worm
0,7,4.9571517175698245,70.91841575437306,1724.1621374675753,5.098461930419518e-11,7.450997259184078e-07,0.999996304512024
1,37,9.213942997046226,21.375792818656823,456.48845955083357,4.5817218051524826e-05,0.886326014995575,0.11278153955936432
2,45,0.7714869060294104,14.010276585534868,11.246422819389077,2.740250602073501e-05,0.9863525629043579,0.013617584481835364
3,58,4.859133871261916,46.574877877924784,161.21729386442215,0.000969167856965214,0.8430027365684509,0.15597198903560638
4,80,3.3680030333866573,94.27690934332036,3232.8698614182285,1.565286765981e-05,0.9934451580047609,0.006422678008675575
