,event id,width,length,azwidth,p_spot,p_track,p_worm
0,2,4.23854885043614,47.9384867726048,159.7135981443395,9.652840162743814e-06,0.9951351284980774,0.004798394627869129
1,18,0.5724985626160974,209.23346656161263,7766.486477290317,1.2208120097056966e-05,0.9869053959846495,0.012950751930475237
2,33,0.9023864285547348,165.49200903878858,5429.584817288305,1.8817285308614373e-05,0.9922471046447754,0.007646653335541488
3,38,4.16755026344331,17.638178803275725,122.47170715007444,0.11116835474967957,0.3248833417892456,0.5615718960762024
4,79,3.0921051123508705,60.617461603939184,195.57893156157647,8.544413503841497e-06,0.9941794872283936,0.005807401146739721
5,95,1.3468511677869128,13.415309793871137,23.18376154557731,0.0002555294486228377,0.14719577133655548,0.819855272769928
