,event id,width,length,azwidth,p_spot,p_track,p_worm
0,28,1.2086931183390586,137.31798775782207,15155.501582907937,0.0012342043919488788,0.6492103934288025,0.3423236906528473
1,54,80.9115944267613,326.7177447965573,23672.6638340229,0.0016892390558496118,0.06610825657844542,0.9319949746131896
