,event id,width,length,azwidth,p_spot,p_track,p_worm
0,40,1.2487585333421187,16.20156036078579,9.105165495133567,0.0007576021016575396,0.3032644093036652,0.6940720677375793
1,95,1.856127272797246,13.194382480962545,9.745747158128504,0.00013640378892887384,0.6044437289237976,0.395342081785202
