,event id,width,length,azwidth,p_spot,p_track,p_worm
0,42,3.0351188062112624,117.04875392106537,8948.365544445078,0.004763240460306406,0.12703748047351834,0.8681263923645021
1,43,3.523147511676275,42.3196314115302,556.402793739333,8.670536772115156e-05,0.06758325546979904,0.9323257207870485
2,57,8.149990906044298,222.3759896444526,22480.85595306997,0.03109058924019337,0.2544443905353546,0.7103416919708252
3,75,7.023051829404099,36.87545528352192,794.2510966813852,0.1909036040306092,0.4049516022205353,0.4026595056056976
