,event id,width,length,azwidth,p_spot,p_track,p_worm
0,76,0.9164955029538996,5.723977925129337,31.83618679027772,0.0007987968274392188,0.020165164023637768,0.9790233373641968
