,event id,width,length,azwidth,p_spot,p_track,p_worm
0,20,15.76790114757783,192.0330828283181,1270.2999699178692,1.5853269360377453e-05,0.9954277276992798,0.0044890851713716975
1,24,3.0688620490653835,263.52226596393643,579.4100820543488,7.873852882767096e-05,0.91463303565979,0.08406594395637512
2,26,0.4650303118953178,20.604535805793766,12.979189779804097,4.824796633329242e-05,0.9389721155166626,0.06088909879326821
3,47,6.003110391695018,57.56594686869422,150.38227058263072,1.1806353938936806e-07,0.99899023771286,0.0010054244194179773
4,100,4.659078077124535,188.40109486804246,911.8637224330994,5.8769554016180336e-05,0.9924483299255372,0.007452862802892923
