,event id,width,length,azwidth,p_spot,p_track,p_worm
0,20,5.302265058433858,242.5151695577296,24039.841877249684,0.002988759661093355,0.7392244338989258,0.25673478841781616
1,50,2.1908593120409585,16.985740695135537,82.36277305297372,0.0030233170837163925,0.2565523386001587,0.7400335669517517
2,70,1.4426914943059284,15.447742296538966,84.22353841601725,0.0010480462806299329,0.9067918658256532,0.09176891297101973
