,event id,width,length,azwidth,p_spot,p_track,p_worm
0,2,5.764890075153872,33.36291232743732,33.65354668721053,0.0037060582544654608,0.6304527521133423,0.3655743896961212
1,4,7.263917996671902,27.52580743066886,177.27976156888366,0.004156989045441151,0.16752514243125916,0.8235377073287964
2,26,8.690689808041565,93.00676532541979,76.21046885277573,0.0980132296681404,0.0387430302798748,0.8630208373069763
3,39,3.2084882839850186,40.82206795928682,1059.724409295615,2.9114620701875538e-05,0.9953018426895142,0.004196861758828163
4,40,13.741766155374105,19.490443224953008,209.64685979537538,2.378767749178224e-05,0.988175630569458,0.011766656301915646
5,53,9.832213659313318,108.6264244136863,101.33705342939686,0.00012765437713824213,0.00133079057559371,0.9985414743423462
6,80,12.707148970023455,88.4422006313105,7585.112889835319,0.2258841395378113,0.027050722390413284,0.7470204830169678
7,100,3.7542085116417314,92.40080588983854,836.3021861739328,0.4339328706264496,0.040524415671825416,0.5254198908805847
