,event id,width,length,azwidth,p_spot,p_track,p_worm
0,37,8.836248057493385,53.61916885793906,1396.4163624188723,0.00043526600347831845,0.9662925601005554,0.03225066140294075
1,38,5.2327354058206526,15.915603825345054,35.54305954629326,0.009917815215885641,0.802460253238678,0.17990052700042725
2,43,8.572643874296164,71.83023913997023,4260.5874655889675,0.00387918041087687,0.3214413523674011,0.6741741299629211
3,61,7.126996692479197,24.44235412016175,84.18517118946531,0.0006155351875349879,0.955844521522522,0.04299386963248253
