,event id,width,length,azwidth,p_spot,p_track,p_worm
0,74,3.274180469100275,17.00262435078098,264.4777019513081,4.142525995121106e-06,0.8868353962898254,0.11315681040287018
1,91,0.6349400241261058,22.93889629590323,117.73948051382057,4.087803517904831e-06,0.9078860282897948,0.09210167825222017
