,event id,width,length,azwidth,p_spot,p_track,p_worm
0,10,2.272057604324644,185.15910182270926,31864.202223474815,0.0003359434194862842,0.9870269894599916,0.012602854520082474
1,22,7.479680018767162,23.328092363947604,60.434563013909155,0.001558142015710473,0.3875277936458588,0.6090757846832275
2,40,0.5782347822780737,21.81242832853547,343.03404475238534,0.025057034566998482,0.6210885643959045,0.2763597071170807
3,52,0.7142563141027058,46.56095078758411,1193.8077182494733,0.10568124800920486,0.7433071732521057,0.1452436000108719
4,57,41.97454360116711,306.1472601405788,86962.66217733349,2.2004351762916483e-07,6.495074921986088e-05,0.9999347925186156
5,63,0.992052556874956,198.12197813131783,28431.845796891743,0.003327514510601759,0.7534921765327454,0.2327476888895035
6,72,6.342225371114539,42.778819272099255,432.21526860564626,0.0006736707873642447,0.9802951216697692,0.018933134153485298
7,91,3.5533630644604663,69.5641096491624,4751.457891692962,0.0024216780439019203,0.4416530430316925,0.555721640586853
