,event id,width,length,azwidth,p_spot,p_track,p_worm
0,11,2.6845121709950828,8.432196568575696,17.13893544940487,0.00017824182577896863,0.03423400968313217,0.6033499240875244
1,30,0.7203884848580577,10.199085929237976,46.19558295939572,0.06579166650772095,0.6370557546615601,0.2910335659980774
2,43,2.2556011170884847,26.1463878219908,330.0043679718757,0.025447284802794456,0.1725054830312729,0.7935452461242676
