,event id,width,length,azwidth,p_spot,p_track,p_worm
0,70,0.9657872079840172,23.764658929266677,59.3034212754189,0.003079836722463369,0.7516133189201355,0.24528811872005465
1,98,1.5166606560743578,9.551922561083712,65.16889893829975,2.184609911637381e-06,0.0010039616608992221,0.9989939332008362
