,event id,width,length,azwidth,p_spot,p_track,p_worm
0,37,0.6789209147992278,7.289313301507982,42.99732612769229,8.878606604412198e-05,0.8900488615036011,0.10950946062803267
1,48,24.38164828409782,38.980515715222936,1413.9413192568827,0.0010232108179479835,0.003227800130844116,0.9957478642463684
