,event id,width,length,azwidth,p_spot,p_track,p_worm
0,11,0.5567316796719862,1.0453538981831183,0.8944782735750779,0.9999997615814208,9.181838578342649e-08,1.4589583940960438e-07
1,55,0.8183811838828176,11.426507682239626,2.2787446969869105,8.103196887532249e-05,0.7066326141357422,0.2930499315261841
