,event id,width,length,azwidth,p_spot,p_track,p_worm
0,23,0.4174483562915241,2.6005393850844287,3.9417560901490782,0.0005351691506803036,0.9580530524253844,0.03732137382030487
