,event id,width,length,azwidth,p_spot,p_track,p_worm
0,1,0.7707752684163411,24.503431785012776,47.6029952915025,0.1201184093952179,0.4271543025970459,0.35224831104278564
1,87,1.2060737285348349,26.60956815856993,102.57797008285736,0.017122136428952217,0.07796946913003923,0.9014236330986024
