,event id,width,length,azwidth,p_spot,p_track,p_worm
0,19,0.6432713031432313,0.9863140677134205,0.6667561022237561,0.9999905824661256,4.995486506231829e-06,4.4655748752120425e-06
