,event id,width,length,azwidth,p_spot,p_track,p_worm
0,30,4.233616166997722,14.599868540902646,55.378568098845996,0.00010143120016437024,0.008740215562283995,0.9911511540412904
