,event id,width,length,azwidth,p_spot,p_track,p_worm
0,31,8.370538561696408,13.558296624953046,81.23286877790272,3.0459787470071824e-11,4.504528078541625e-06,0.9999954700469972
