,event id,width,length,azwidth,p_spot,p_track,p_worm
0,14,0.6952030780991642,1.2294226150799386,0.5621444818425058,0.9999984502792358,5.823011406391743e-07,9.068457416105957e-07
