,event id,width,length,azwidth,p_spot,p_track,p_worm
0,74,0.5101272376655364,4.870151394148047,5.620951124633288,8.746000821702181e-05,0.8907324075698853,0.10203701257705687
