,event id,width,length,azwidth,p_spot,p_track,p_worm
0,29,0.4617071026767775,6.07275739122279,3.9386061494573545,0.0029277876019477844,0.7762724161148071,0.16729581356048584
