,event id,width,length,azwidth,p_spot,p_track,p_worm
0,39,19.8867330801282,146.8938545123598,20155.34764821421,0.014069123193621635,0.9277597665786744,0.05766997486352921
1,85,0.7914278334042663,5.757497239762348,11.944987158146233,3.0908349799574366e-06,0.00574786216020584,0.994246542453766
