,event id,width,length,azwidth,p_spot,p_track,p_worm
0,86,6.923536200578928,45.75142184202667,1941.6198703971627,6.804212277162007e-14,1.0059841315523953e-07,0.9999998807907104
