,event id,width,length,azwidth,p_spot,p_track,p_worm
0,48,0.5460558084994268,1.91637587897352,3.0907181861386532,0.7290312647819519,0.1518210917711258,0.11763034015893935
