,event id,width,length,azwidth,p_spot,p_track,p_worm
0,23,0.8490279330923318,9.199159004372099,1.567096051794622,-1.0,-1.0,-1.0
1,89,0.5242705286311607,1.961982863924344,2.1941174592776225,0.03922243043780327,0.7846928834915161,0.1752680391073227
