,event id,width,length,azwidth,p_spot,p_track,p_worm
0,60,2.3181291172117438,5.70179882412953,21.41563114102438,3.2182422728510574e-05,0.004973943345248699,0.9949936270713806
