,event id,width,length,azwidth,p_spot,p_track,p_worm
0,8,6.837587624007004,17.162147688815914,172.38874511710472,2.4425597075605765e-05,0.5913840532302856,0.4085372388362885
