,event id,width,length,azwidth,p_spot,p_track,p_worm
0,81,0.3832543193925875,1.440189191107839,0.5442600878356264,0.006285490933805704,0.6912886500358582,0.30100157856941223
