,event id,width,length,azwidth,p_spot,p_track,p_worm
0,35,0.4018763634450765,3.5264232185810043,12.385328318306188,0.0007171382312662902,0.9263489842414856,0.07270216196775436
