,event id,width,length,azwidth,p_spot,p_track,p_worm
0,28,1.4260969408713806,16.066857848745663,250.0968378245584,0.00016216088260989636,0.9793885350227356,0.02039890177547932
