,event id,width,length,azwidth,p_spot,p_track,p_worm
0,44,0.0,0.4999321540188823,0.16421134650669392,0.9514124989509584,0.027018435299396515,0.011479886248707771
