,event id,width,length,azwidth,p_spot,p_track,p_worm
0,76,1.3404641420012624,7.311865587379242,18.55998332656967,8.106527005224963e-09,1.9148883438901976e-05,0.9999808073043824
