,event id,width,length,azwidth,p_spot,p_track,p_worm
0,23,0.6098477927577197,7.304257721115078,19.98305754695754,0.015887949615716934,0.3825817108154297,0.600183367729187
