,event id,width,length,azwidth,p_spot,p_track,p_worm
0,44,5.699377324054788,22.910406262831913,510.7506966179732,2.103122953567293e-10,4.527362307271687e-06,0.9999954700469972
1,100,0.7386898750714832,3.4369606535386086,2.484878790074281,0.00011160867143189536,0.4598474502563477,0.5399241447448729
