,event id,width,length,azwidth,p_spot,p_track,p_worm
0,58,0.2940585411194586,2.250301135812548,2.0569709141055217,0.00015121781325433403,0.9700635671615601,0.029344892129302025
1,72,0.8998522580260595,5.038653542278722,1.783132251214487,0.0005517147947102785,0.16546419262886047,0.8337810635566711
