,event id,width,length,azwidth,p_spot,p_track,p_worm
0,57,0.1949686196429088,6.7484669254639185,8.206700290577334,0.011875303462147713,0.6606205701828003,0.1171162948012352
