,event id,width,length,azwidth,p_spot,p_track,p_worm
0,49,0.4842568595982898,8.98958743227927,12.601341787895393,1.392776994180167e-06,0.9976805448532104,0.002313195960596204
