,event id,width,length,azwidth,p_spot,p_track,p_worm
0,12,0.3012241554782356,0.5710279860099639,0.14163516712071328,-1,-1,-1
