,event id,width,length,azwidth,p_spot,p_track,p_worm
0,40,0.791226344802178,8.134301195035526,58.966831565433566,9.116773435380307e-05,0.641262948513031,0.35859647393226624
