,event id,width,length,azwidth,p_spot,p_track,p_worm
0,96,1.1199904382197947,4.440855965954269,7.328896152868061,0.0003284224076196552,0.0246308483183384,0.9750389456748962
