,event id,width,length,azwidth,p_spot,p_track,p_worm
0,43,0.8658924659221822,120.02152577891142,4864.6157860032345,0.006084068212658167,0.7115161418914795,0.28121405839920044
1,46,3.868579564374095,13.061003296022765,23.93874155373641,0.06014793738722801,0.3158181309700012,0.615401566028595
2,57,0.7269783681160782,8.000180911549323,21.199305635111294,0.011416936293244362,0.3437560796737671,0.13610157370567322
3,84,1.3492397462655823,10.809069310812824,18.729997110195924,1.915021584864008e-06,0.0002999967837240547,0.999698042869568
4,98,5.049923016337389,10.122775461216717,64.2176493324191,0.02390407957136631,0.02649240382015705,0.9360910058021544
5,100,1.3839022640199374,6.909664712986285,2.2637023480370955,8.357636943401303e-06,0.006166256964206696,0.9937978386878968
