,event id,width,length,azwidth,p_spot,p_track,p_worm
0,46,0.7544544626642764,0.8426996128492698,0.7100275855462546,0.9999935626983644,2.3077352580003208e-06,4.173515208094614e-06
1,64,0.6569848750330054,4.688876076535414,11.976839211733544,0.00013269842020235956,0.002209954895079136,0.9976563453674316
