,event id,width,length,azwidth,p_spot,p_track,p_worm
0,19,0.6979541177552375,6.986585915032648,27.442460255564786,7.256131084432128e-06,0.0012171717826277018,0.9987754225730896
1,49,0.6581281619683068,5.727728080546933,24.90593202565487,0.0015648816479369998,0.0053334524855017645,0.9930955767631532
