,event id,width,length,azwidth,p_spot,p_track,p_worm
0,38,2.912349439017017,23.775498731488252,168.7981368650751,0.017314041033387184,0.3555721342563629,0.5803253650665283
1,41,0.4889170504071814,14.936839379009314,36.402707718599466,3.805849701166153e-05,0.9930005073547364,0.006956797558814286
2,50,7.269563663852015,44.66328648778616,54.64949155175873,0.10775158554315567,0.6182170510292053,0.2736707925796509
3,74,1.7068157342517878,53.50015394957876,958.6489439585927,0.00016284895536955446,0.9595572948455808,0.0401180200278759
4,76,11.215758258852803,28.42967140152902,508.44211689632937,0.033006034791469574,0.4610503911972046,0.5057312846183777
5,85,12.815854670817599,505.742791005103,30091.67028314415,5.7224438933189965e-05,0.0022428527008742094,0.9976999163627625
