,event id,width,length,azwidth,p_spot,p_track,p_worm
0,1,1.214816674950571,15.600319213841365,12.020608872697744,0.00026928269653581083,0.9701659679412842,0.0289081446826458
1,2,3.7228279494408922,9.191558470221134,28.93265439138724,0.0007176768849603832,0.9231805801391602,0.0757412388920784
2,10,2.0916385151265326,10.469320952608463,5.864047155975922,5.0809921958716595e-06,0.9695284366607666,0.029937658458948125
3,34,5.784122515444981,27.24888543012639,232.38134718443334,0.0016861214535310864,0.947953760623932,0.049845363944768906
4,61,0.8526325567696701,51.705765032279345,281.6458795250169,0.0027622091583907604,0.2602010965347289,0.7370356917381287
5,65,10.675452131065727,16.625607920524782,250.0086715464056,0.006732603535056114,0.7825457453727722,0.207285076379776
6,69,6.6535981830306685,86.73490564145399,282.97386176666294,1.8529553926782686e-05,0.9854558110237122,0.014524332247674462
7,74,14.525871960422196,88.64527589422765,7825.468926051983,1.2769849490723571e-05,0.9919013381004332,0.00808405876159668
8,84,4.984839795789816,10.577794892086427,93.54891089755164,8.65730398800224e-05,0.9608917236328124,0.03891102969646454
