,event id,width,length,azwidth,p_spot,p_track,p_worm
0,38,3.101809719853819,8.838896367366509,72.80281700713094,0.0005112713552080095,0.5193125605583191,0.479259043931961
1,46,0.6017081048166597,5.561251775818376,13.297916937999716,1.3837234291713685e-06,0.9843233227729796,0.015674110502004623
