,event id,width,length,azwidth,p_spot,p_track,p_worm
0,39,9.196094214581217,423.92748215609726,179707.93856497647,0.0014061725232750175,0.9696717262268066,0.028893072158098217
