,event id,width,length,azwidth,p_spot,p_track,p_worm
0,71,6.470947195192664,54.844057310800025,2968.1850384845675,0.00016836439317557958,0.9319049715995787,0.06774985790252687
