,event id,width,length,azwidth,p_spot,p_track,p_worm
0,30,0.5914744899002429,6.979739246400228,8.819975830642258,0.02543031983077526,0.7246082425117493,0.2483290731906891
1,33,5.019925564697899,100.21598329904707,9748.056772149628,0.0002262901107314974,0.1041298434138298,0.8955621719360352
2,72,1.4334176780800119,2.610440361090044,4.71534332383771,0.002945891581475735,0.004084841813892126,0.3210179805755615
