,event id,width,length,azwidth,p_spot,p_track,p_worm
0,29,1.3966574544092705,4.663584361913912,2.015519710314132,0.00013415711873676628,0.0012268347200006249,0.9914037585258484
1,76,2.5469175979077523,67.4638448860391,768.3733035796761,0.017955198884010315,0.482329398393631,0.4940602779388428
2,91,4.855659595899263,29.74282018463275,616.1310892958976,1.1758145774365404e-05,0.8915833234786987,0.10835690051317216
