,event id,width,length,azwidth,p_spot,p_track,p_worm
0,3,27.919033913586212,204.46418839789212,1055.196197361825,0.0001041246869135648,0.34087952971458435,0.6589893102645874
1,6,12.517823218383537,19.95126633787729,312.3414068108038,0.00042447668965905916,0.9514485597610474,0.03339853882789612
2,7,4.267477401403659,7.108268071912386,47.48233513474626,3.5959470778834657e-07,0.0011003825347870588,0.998899221420288
3,21,14.960564670083096,363.40698745182937,80520.28388911937,0.21986456215381625,0.09387756139039992,0.6836993098258972
4,30,3.0971597993300093,99.28343209085926,2068.5137322529367,0.054221153259277344,0.002200304763391614,0.9435723423957824
5,46,0.7594810097549856,11.91862220873276,40.1292456629876,0.00016412594413850456,0.9310787320137024,0.0675269216299057
6,54,22.688587235305718,114.79177736840215,12780.636224927983,0.01246654987335205,0.7609907984733582,0.21681711077690125
7,61,0.5072561975259912,33.265459175117016,366.9203062343585,0.027968183159828186,0.7203909754753113,0.19536803662776947
8,83,0.9138126693850646,23.890833615502963,189.64861144016362,0.002868000417947769,0.5776533484458923,0.3367859125137329
