,event id,width,length,azwidth,p_spot,p_track,p_worm
0,63,0.6436806824304799,1.5484452655460117,0.52068413602996,0.6941319704055786,0.1202862337231636,0.18423329293727875
