,event id,width,length,azwidth,p_spot,p_track,p_worm
0,27,0.5824130509892115,5.718250335503157,31.318643065686594,0.00028670928440988064,0.011576902121305466,0.9881336092948914
