,event id,width,length,azwidth,p_spot,p_track,p_worm
0,24,3.266292593328937,8.240695305940609,65.76713593554925,0.0013546576956287026,0.07525883615016937,0.13956400752067566
