,event id,width,length,azwidth,p_spot,p_track,p_worm
0,3,0.5475967469063568,11.817835515169747,5.426456431819859,1.0499693416932132e-05,0.9897005558013916,0.010287808254361151
1,47,0.3620684387110311,6.496667425907531,2.1740277366617,2.299628249602393e-06,0.9969893097877502,0.0030058901757001877
2,82,1.702524690800084,6.095994415863235,6.390394787506193,0.0006650777067989111,0.02539048157632351,0.18035222589969635
3,87,0.9032685481533512,7.24722725747651,2.6759568939255085,0.003904637182131409,0.2642643451690674,0.7314558625221252
4,92,0.5392402904520475,10.214051741924065,5.600777311206431,9.752758245440417e-08,0.996828019618988,0.003171602031216025
