,event id,width,length,azwidth,p_spot,p_track,p_worm
0,69,0.4121846178157723,4.171602781493127,7.562883683804916,2.0302171833463944e-05,0.7975350618362427,0.20239277184009552
1,89,0.4703919694401472,3.3395495686427306,1.5032722830805525,-1.0,-1.0,-1.0
