,event id,width,length,azwidth,p_spot,p_track,p_worm
0,99,1.8282081494997215,98.24975445778114,764.8041944912435,0.0010521230287849905,0.3195289671421051,0.6794154644012451
