,event id,width,length,azwidth,p_spot,p_track,p_worm
0,31,1.9395765167779984,6.18857450389081,4.059852924963991,3.1234329071594395e-05,0.05148258060216904,0.8997156620025635
1,63,7.889810827057989,75.30893209868343,4326.009657632199,0.00012531841639429328,0.8748603463172913,0.12429024279117586
2,94,1.0204370138351366,7.915753429646549,7.017938727574685,0.003689172212034464,0.027518564835190773,0.9687563180923462
