,event id,width,length,azwidth,p_spot,p_track,p_worm
0,9,1.2037816296076884,60.15283105669438,203.23630647888473,0.0002731181448325516,0.8985376954078674,0.10085756331682204
1,16,1.3735223673407408,7.433416757228497,2.5602196617497226,0.0008154285023920237,0.5966038703918457,0.3966501653194428
2,45,13.652165083348171,37.7121820867546,191.10636510213317,0.02844241075217724,0.19121013581752772,0.7787039279937744
3,50,4.5880067641471465,10.098956534096208,21.208703204520656,0.003397791413590312,0.2479453533887863,0.7476549744606018
4,89,0.6012843305496339,12.590684647336287,12.135261911528245,6.532476163556567e-06,0.9504485726356506,0.049519576132297516
5,98,0.9139412660450504,4.5190402566512775,4.072664998526084,0.0003008648927789181,0.11218247562646866,0.8874508738517761
