,event id,width,length,azwidth,p_spot,p_track,p_worm
0,39,0.450987812410177,5.991458918038527,0.3278102205256761,5.265460276859813e-05,0.9824200868606568,0.01595607027411461
1,44,2.7133565096942047,6.6731367713225875,9.745626846971854,4.757512073183534e-08,0.0008005676208995283,0.99919193983078
2,61,3.8969934390003895,22.90479049215402,490.1833555873378,0.01072451937943697,0.3473474085330963,0.6410478353500366
3,64,1.9204290363588663,6.133767788576787,5.650624037346402,2.2110394638730213e-05,0.0005996202235110103,0.00502169132232666
4,97,1.0242603419305567,12.674328055005956,3.8308884445963485,0.023652799427509308,0.1909790337085724,0.7853124737739563
5,100,0.7301371678038849,8.012410732062703,1.0304666011822152,5.08899538544938e-05,0.8940730094909668,0.10582205653190613
