,event id,width,length,azwidth,p_spot,p_track,p_worm
0,7,1.0232382583940445,81.86698397228021,1255.7298553576113,0.039423663169145584,0.02416403219103813,0.936262845993042
1,15,18.21910025087991,44.963702370454826,1808.2300185901559,0.0008279370958916843,0.7444941997528076,0.2538580596446991
2,31,13.396800319052124,176.8236794851828,2914.6397225498267,0.015587804839015009,0.6647407412528992,0.3020271062850952
3,50,3.776463011082986,229.43080205529859,19066.030630921825,0.1395198255777359,0.25789639353752136,0.6021977663040161
4,51,19.659338651720425,450.36679214006887,66668.03576473345,0.014005132019519806,0.02392892353236676,0.9620305299758912
5,56,13.024761635009115,104.14864241063715,1868.0772927475202,0.5676037073135376,0.19155588746070865,0.2397950142621994
6,59,7.35214750841346,316.43158381292284,44136.671937435305,0.022910537198185917,0.3484482765197754,0.5474054217338562
7,75,0.3417926415412276,26.830796234230288,271.15587451925745,0.004661697894334793,0.28777891397476196,0.7068862915039062
