,event id,width,length,azwidth,p_spot,p_track,p_worm
0,11,0.641794101307344,384.5393311471548,147364.89147584757,0.9999980926513672,8.125251724777627e-07,1.061956254488905e-06
1,25,0.5998098572439157,5.012213129384115,24.983713300014053,0.0022612211760133505,0.019777258858084682,0.9779564142227172
2,91,0.8041652534714713,0.8308839267886028,0.6864613853946678,0.9999154806137084,2.1013484001741745e-05,6.324292917270212e-05
