,event id,width,length,azwidth,p_spot,p_track,p_worm
0,39,2.237566188095704,90.45965528287451,624.01645432517,9.772613339009696e-06,0.9929043650627136,0.0067800688557326785
1,54,3.815067676384977,18.873702660074134,53.07409887670768,4.4950778828933835e-05,0.02762533351778984,0.9722898006439208
2,72,2.368498851416728,122.13706161046163,931.8661016441728,0.00018142098269891002,0.7123340964317322,0.2874780595302582
3,75,0.6770273954845517,52.9380859550432,9.33654606696348,1.5272800624188676e-07,0.9994704127311708,0.0005289492546580732
4,81,1.4244097324023186,25.676338794933052,2.3521983064891554,0.0004121717356611043,0.6422305703163147,0.35705712437629705
