,event id,width,length,azwidth,p_spot,p_track,p_worm
0,7,3.1003801526275234,5.876674774007663,23.21816118326068,4.296917268220568e-06,0.008736022748053074,0.9912096261978148
1,34,2.6802816210870737,2.961490983751167,7.479564264030943,2.750352336988726e-07,5.0408079914632245e-06,0.9999947547912598
