,event id,width,length,azwidth,p_spot,p_track,p_worm
0,71,0.659405846138339,9.974067725392457,62.52104520303899,1.135464754042914e-05,0.0001852197601692751,0.9998034834861756
