,event id,width,length,azwidth,p_spot,p_track,p_worm
0,18,4.867528724913717,14.118134454439032,129.56676106151465,0.004573490004986525,0.18413028120994568,0.7278098464012146
1,28,9.325476350753917,36.172475041405065,1082.0565379997245,0.0005177792627364396,0.9572420716285706,0.04181026294827461
2,31,9.287830541351774,14.548616922990773,200.24373331252804,4.531769081950188e-05,0.5925096869468689,0.4074006974697113
3,34,5.129413734919221,11.676343166599526,97.39212470316393,0.0005932142375968398,0.5395271778106691,0.456445187330246
4,46,1.9282167491500788,14.870245378594394,64.9813926012554,0.0011009497102349997,0.12045367062091827,0.8186609745025635
5,57,1.4239338115512596,159.58432743170368,25047.05204687253,0.0016229188768193126,0.9536501169204712,0.04411434382200241
6,63,1.3300156787048418,13.938997733806946,77.44833110696649,0.0017823239322751765,0.3515131771564484,0.6451860666275024
7,65,1.245598170559765,12.727280494851264,65.06560018245335,0.032152391970157616,0.003101083217188716,0.03947245702147484
