,event id,width,length,azwidth,p_spot,p_track,p_worm
0,8,0.4450260611510033,8.221435860844098,5.033640833212687,0.0002795303298626095,0.9810885190963744,0.01860625110566616
