,event id,width,length,azwidth,p_spot,p_track,p_worm
0,90,0.295635605772036,2.40818981567044,0.7971038235351514,0.35061874985694885,0.4716656804084778,0.16223393380641934
