,event id,width,length,azwidth,p_spot,p_track,p_worm
0,49,0.3949778146992406,2.5979296995569223,0.6726735528581129,5.489976683747955e-05,0.9574242830276488,0.042463619261980064
1,85,0.3852250161240087,7.164453257076371,43.065674699472076,0.008466716855764389,0.5791739225387573,0.40453192591667175
