,event id,width,length,azwidth,p_spot,p_track,p_worm
0,3,0.6328078184587408,1.1309745931352984,0.9836380398675704,0.9999884366989136,5.484238499775529e-06,5.911868811381283e-06
