,event id,width,length,azwidth,p_spot,p_track,p_worm
0,51,0.470916742011457,71.31860098098494,2063.6726198062647,0.00041535813943482935,0.5002012252807617,0.4986549913883209
1,65,3.2792348804390703,9.667802381708569,77.32370004756194,0.0006674654432572423,0.054760318249464035,0.94443017244339
