,event id,width,length,azwidth,p_spot,p_track,p_worm
0,29,3.1880055469155013,44.38123743510718,637.4999049956527,0.012656071223318577,0.5200425386428833,0.4667525589466095
1,31,0.7368662289001688,35.932758912553275,629.2560108085747,0.025995394214987755,0.4691106975078583,0.5046923756599426
2,38,3.251625045764286,173.4795552331102,13066.278415176144,0.007505220826715231,0.0930582955479622,0.8990265130996704
3,55,0.6531671777048741,51.765733150940754,1098.9339437377164,0.003966709598898889,0.9625794887542723,0.03339424729347229
4,65,0.9194553627226644,68.67980177147217,2155.5536802660567,0.001596007845364511,0.7682728171348572,0.2297535687685013
5,74,11.503004417415186,52.12075877857804,2158.7470805254447,0.010815981775522232,0.07134290039539337,0.9171915054321288
6,90,34.25432633963824,47.09659192713589,1840.098234394455,5.0183109124191105e-05,0.9457672238349916,0.05402060970664024
