,event id,width,length,azwidth,p_spot,p_track,p_worm
0,34,7.539959913919862,136.30655346696798,18296.8563973924,0.0016561229713261127,0.7477717399597168,0.24654947221279144
1,68,4.515965353670417,5.715373872376491,29.427648536518326,1.681601679592859e-05,0.013055806048214436,0.9868865609169006
2,73,4.0540073380654436,6.707161237817076,35.46484676139505,0.002343217609450221,0.22627100348472595,0.6093311309814453
3,74,2.5200834031589467,13.356083892620404,32.8252713997332,0.0010671655181795359,0.8304565548896791,0.16766151785850525
4,78,1.978868920062845,5.621714294514842,4.717296529028519,3.3866250248593126e-08,9.056447743205354e-05,0.9999091625213624
