,event id,width,length,azwidth,p_spot,p_track,p_worm
0,18,0.5348808441590474,4.076333293108373,0.5057030810742731,0.00014999625273048878,0.4698142111301422,0.529956042766571
1,51,0.9297401571173818,3.784017056653859,0.9882471860651928,9.464594040764496e-05,0.17274141311645508,0.827042281627655
