,event id,width,length,azwidth,p_spot,p_track,p_worm
0,67,0.7487417552273132,4.258225688427434,8.39329822035205,0.0006098401499912143,0.5026719570159912,0.4965803623199463
