,event id,width,length,azwidth,p_spot,p_track,p_worm
0,40,0.5885756744931279,28.769956932797694,278.87142960177295,2.1312189346645027e-05,0.95692777633667,0.043030045926570885
