,event id,width,length,azwidth,p_spot,p_track,p_worm
0,26,1.7825084993541405,9.585433514125683,50.274177103181046,0.0009193659643642603,0.09560646861791612,0.8885318636894226
1,55,5.396188208250953,84.51121242368825,6214.067702894546,4.663851359509863e-05,0.9679147005081176,0.031998474150896065
2,64,0.9963279108397352,6.166735066548145,1.462377515540524,7.285485025931848e-06,1.3926322935731147e-05,3.549593748175539e-05
3,96,1.1021680694651153,24.19170242555014,240.70637741414257,0.0017168665071949365,0.6559997797012329,0.34153249859809875
