,event id,width,length,azwidth,p_spot,p_track,p_worm
0,97,0.5749442829573472,2.0524963951878847,2.3614661704996887,-1,-1,-1
