,event id,width,length,azwidth,p_spot,p_track,p_worm
0,12,0.5978895788564118,5.1172952798837175,4.612876055919503,1.3179225106796366e-06,0.9203084707260132,0.0796869546175003
1,20,4.668838919638104,8.93458611688425,29.549534500315684,1.1960446855141528e-08,9.786171722225844e-05,0.9999011754989624
