,event id,width,length,azwidth,p_spot,p_track,p_worm
0,27,2.8455946780823744,209.0080119815488,43259.011148283054,0.00046394701348617684,0.005981435067951679,0.9935497641563416
1,83,6.266629403802499,232.81809392089733,41557.856209608,0.00035654436214827,0.7428518533706665,0.25639742612838745
2,94,4.057348584344816,9.210492794669012,79.7665553725727,8.605159382568672e-05,0.0631633847951889,0.9357004761695862
