,event id,width,length,azwidth,p_spot,p_track,p_worm
0,2,2.297555174002985,72.83636719047206,3470.2053991979187,0.00047203138819895685,0.9657145738601683,0.030659694224596024
1,22,1.5875296462434123,17.456724125170297,98.55952429591764,0.0013906211825087669,0.6130161285400391,0.2500985264778137
2,34,1.93048675980239,24.26629309939173,68.51446392930849,0.00030339672230184084,0.4552728533744812,0.544306755065918
3,69,4.984384295613761,82.74184441941306,6393.233690862421,0.0095110721886158,0.5429563522338867,0.4452062249183655
4,91,1.485871371294614,35.90478078826839,562.3656106792007,0.02379861101508141,0.8014479279518127,0.1743658185005188
