,event id,width,length,azwidth,p_spot,p_track,p_worm
0,1,3.4715896958437367,15.795824004238346,14.195382386278233,5.217010766500607e-05,0.9173568487167358,0.08242398500442505
1,15,3.1439813270760046,52.29356160295072,1389.4838176649496,1.5526181869063294e-06,0.9967670440673828,0.0031486956868320704
2,19,2.0879998698079447,7.088693091964061,9.933087729915927,3.700986417243257e-05,0.8628710508346558,0.12446162104606627
3,25,9.017524957636157,19.50807844899768,340.64415913062214,0.0027723948005586863,0.8904462456703186,0.10675308853387833
4,77,0.7602911546244242,11.395277430612026,20.304341762533575,3.6332636227598414e-05,0.9293423891067504,0.07057464867830276
5,79,0.5494169519120616,8.883493866501363,9.936808643870895,8.558169793104753e-05,0.9644442796707152,0.035428568720817566
6,87,2.056668848484315,7.442143671764681,13.803519638194812,0.00027828256133943796,0.18347588181495667,0.3068501949310303
