,event id,width,length,azwidth,p_spot,p_track,p_worm
0,4,5.921044348123584,78.7493743652627,1513.161063522332,1.5339138599301803e-06,0.9938740134239196,0.006121702026575804
1,12,4.105938638597341,19.426395282588306,207.36582062642015,0.0021484601311385627,0.14789222180843353,0.8224900960922241
2,33,1.8132436065637616,32.332120958042786,366.98554122517777,0.002271262230351568,0.9115598797798156,0.06102040410041809
3,34,27.7345746202564,101.32486446872366,5318.598166595154,0.0014095234218984842,0.9704638719558716,0.02796027995646
4,39,19.12779633520448,187.29722075133583,628.4848043150689,8.208176041080149e-06,0.9894027709960938,0.010510789230465887
5,94,0.8252505930984835,25.5833559327752,305.99710462878994,0.006340082734823227,0.493141233921051,0.499895840883255
