,event id,width,length,azwidth,p_spot,p_track,p_worm
0,57,0.1450589172501101,4.177306770625076,3.636454647328877,0.004802701063454151,0.6247461438179016,0.3695371150970459
1,95,0.37609139680500936,4.213349945666825,5.196784128937448,6.496317655546591e-05,0.9554927349090576,0.04337335377931595
