,event id,width,length,azwidth,p_spot,p_track,p_worm
0,96,0.14357659576920798,9.82235864045893,75.9145097044715,0.9999961853027344,4.0958465774565406e-07,5.481443849930656e-07
