,event id,width,length,azwidth,p_spot,p_track,p_worm
0,50,4.467916948090483,90.53029105338842,21.895280499419428,0.006953510455787182,0.8995731472969055,0.08917193859815598
1,51,3.8156380214168735,22.06031180601853,244.26994755771577,6.534758540510666e-06,0.0049837036058306685,0.994231104850769
2,65,4.59207257382764,47.046867659580144,22.666712707817013,0.7257210612297058,0.0043970756232738495,0.2698526680469513
3,67,0.856213621039989,199.85702674889663,16272.688929884775,0.9973320960998536,7.965206896187738e-05,0.0025866986252367496
