,event id,width,length,azwidth,p_spot,p_track,p_worm
0,59,2.2190726180023264,56.67649107009815,810.1866594097319,0.00033900054404512053,0.74929279088974,0.2503475248813629
