,event id,width,length,azwidth,p_spot,p_track,p_worm
0,39,0.6365076303311447,12.703033471378555,0.5375573308754504,2.5326332888653265e-06,0.8331787586212158,0.16675695776939392
