,event id,width,length,azwidth,p_spot,p_track,p_worm
0,11,0.8928738183030868,1.9321143246069616,3.2451081450980754,0.88567054271698,0.047444313764572144,0.0657658502459526
1,59,0.6196662605616874,4.364690573580694,7.761136045656335,0.0015205912059172988,0.022440191358327862,0.975985825061798
2,72,0.6265219008693782,1.5977628314631092,0.8079808861452737,0.9173382520675659,0.05625404417514801,0.026065275073051453
