,event id,width,length,azwidth,p_spot,p_track,p_worm
0,21,0.6950979001687284,2.7603690536632532,6.4367044330937695,0.03674276545643808,0.33579444885253906,0.625666618347168
1,35,3.8408277548149377,6.004474981014526,33.34061793699757,0.00017900396778713912,0.1479450911283493,0.8482922911643982
