,event id,width,length,azwidth,p_spot,p_track,p_worm
0,21,2.127289711954836,52.08407199632696,51.84294045965904,0.1771305501461029,0.649372935295105,0.163201242685318
1,29,0.6946621596572652,9.731679290696214,7.128436317715233,0.00030703694210387766,0.934568464756012,0.06154903769493102
2,59,0.9691931582816036,10.350478201870127,9.963729900113947,0.0005827529239468278,0.7901135683059692,0.2029086947441101
3,84,0.5516983538031857,10.041219074722509,9.302733405552503,1.791996692190878e-05,0.9951100945472716,0.004846434108912946
4,86,0.597118104770844,13.369952562839696,14.587805778522634,8.15686144051142e-05,0.9712340831756592,0.02640573866665364
