,event id,width,length,azwidth,p_spot,p_track,p_worm
0,18,0.29610998712007114,3.482783902008231,1.4730315271425354,0.02423054538667202,0.3994442224502564,0.4467809796333313
1,53,0.4564482602484647,3.0860359980787275,3.218000938872966,0.008911761455237865,0.6088184714317322,0.3787572085857392
