,event id,width,length,azwidth,p_spot,p_track,p_worm
0,63,0.3463671360526337,2.3182141595194694,0.2360296646367558,0.0338740348815918,0.7435027360916138,0.21670500934124
