,event id,width,length,azwidth,p_spot,p_track,p_worm
0,65,0.4365409438267593,2.294603336277264,3.8889212061030847,0.019016943871974945,0.8118118047714233,0.16602836549282074
