,event id,width,length,azwidth,p_spot,p_track,p_worm
0,3,9.465171289693622,36.01259932959761,530.1432215002812,4.055319493545539e-07,0.9984105825424194,0.0015737084904685614
1,15,1.1203276823800985,51.163858339029076,33.09881481702108,0.00022007245570421224,0.9717162847518921,0.026718713343143463
2,31,5.751896238831197,26.559791088574762,163.89837105682957,0.0004922600346617403,0.982678771018982,0.016820333898067474
3,38,10.236304129319224,71.33988052241503,4910.243498374214,0.0002040321851382032,0.985740840435028,0.013874002732336521
4,45,0.5671928970548886,64.05579312324772,30.95655772806205,5.439960295916535e-05,0.973313570022583,0.02652745135128498
5,95,14.573440069853584,59.788998620989574,2718.0689405751705,0.0026477104984223843,0.8487287163734436,0.14797179400920868
