,event id,width,length,azwidth,p_spot,p_track,p_worm
0,3,1.5333549094202783,19.23220923523998,151.34013846160101,8.160748984664679e-05,0.00320520275272429,0.98711097240448
1,7,4.025095296459647,8.888220408814215,23.607269941764212,2.9067510695313103e-05,0.0017758322646841407,0.9981943964958192
2,8,3.863369390856204,18.982853493153748,193.69936715616703,0.0003087057557422668,0.0004634650831576437,0.37929803133010864
3,32,9.109938489411947,14.302974695540295,170.7827036624045,0.02753542922437191,0.23224472999572754,0.625637412071228
4,48,2.441650501446612,31.67063587345653,587.7441685677745,0.0037948405370116242,0.38077080249786377,0.6124822497367859
5,69,8.089197326789803,65.0498351224184,3270.0594045409753,0.8001332879066467,0.061389666050672524,0.13724397122859955
