,event id,width,length,azwidth,p_spot,p_track,p_worm
0,72,0.6406690191029943,3.4584219928883986,2.1192276310052054,0.00013570785813499242,0.918916404247284,0.0806431770324707
