,event id,width,length,azwidth,p_spot,p_track,p_worm
0,2,1.3852035250584909,53.066599821331565,457.6833886213312,0.018743393942713737,0.061046138405799866,0.9199824333190918
1,37,3.8086341489714886,46.63851591520753,490.52516941711616,0.005791839212179184,0.4294201731681824,0.5641699433326721
2,77,1.983945727995408,34.34444285197278,222.2055616660292,0.0013967773411422966,0.9220780730247498,0.07567648589611052
3,90,0.381083347770314,19.34403770808953,27.104721936636118,0.0024728337302804,0.9584310054779052,0.020476987585425373
4,92,3.6533620377917737,44.66095827849707,23.97026448567905,0.0005380007205531001,0.9647336602211,0.02892443165183068
