,event id,width,length,azwidth,p_spot,p_track,p_worm
0,12,2.5811648134672773,4.384527167654143,6.9887424064914905,4.651688504964113e-05,0.004191951360553503,0.9957455992698668
