,event id,width,length,azwidth,p_spot,p_track,p_worm
0,31,0.6215859975267889,1.3573205872005227,1.1418854366221318,0.9973800778388976,0.0010903199436143036,0.0015241805231198668
1,100,0.7045211820013187,30.946447737347928,20.689683752666326,0.9999990463256836,3.7685450138269527e-07,5.719663818126719e-07
