,event id,width,length,azwidth,p_spot,p_track,p_worm
0,11,2.446310821092995,9.758192089671539,6.176791841708571,0.00015045686450321227,0.07085324823856354,0.6937903761863708
1,57,4.977064848489664,14.084487799573465,51.08722994098007,1.171952590084402e-05,0.9226028919219972,0.07736437022686005
2,81,0.9422998383566714,33.164085741379225,1.1663369491162698,0.00010706349712563679,0.8934347629547119,0.1064448133111
