,event id,width,length,azwidth,p_spot,p_track,p_worm
0,93,6.043146824915566,31.09222291280227,81.91593336004128,0.002332814037799835,0.912812113761902,0.08405634760856627
