,event id,width,length,azwidth,p_spot,p_track,p_worm
0,29,11.76669967793005,392.6047364012549,41431.036575390564,0.004803765565156937,0.9066833257675172,0.08745554834604262
1,35,7.54534629876616,31.44809572932541,871.08616351504,5.6647272685950165e-06,0.988822340965271,0.011153564788401129
2,48,4.6031442966302585,55.937906288140276,308.85170332767495,7.334319434448842e-06,0.9952834248542786,0.004658712539821863
3,64,1.3210544056236984,14.036516179471027,28.48800542346528,9.774712088983506e-05,0.8454462289810181,0.15403062105178833
4,87,9.01480155589614,15.1759632649622,115.97241601111334,1.8760736111289589e-06,0.0012420850107446313,0.9987452030181884
5,100,5.838695156390813,327.6685191064865,60275.98096352733,0.007127528078854084,0.9297818541526794,0.0630834698677063
