,event id,width,length,azwidth,p_spot,p_track,p_worm
0,11,0.6593131000193597,2.2557016245512385,0.7119424924944198,0.04367692023515701,0.8222700357437134,0.13178616762161255
