,event id,width,length,azwidth,p_spot,p_track,p_worm
0,83,0.5097803295247949,4.0544618737223415,0.6573107487865497,1.832945031310373e-06,0.982823371887207,0.017163634300231934
