,event id,width,length,azwidth,p_spot,p_track,p_worm
0,13,0.5649076805073039,4.915648370861409,14.942931648562656,0.00013408657105173916,0.911637842655182,0.08817165344953537
1,32,3.4568121596754207,34.99686151220545,95.22387878504486,0.0009444059105589986,0.1116008758544922,0.887439489364624
2,88,3.2094461541653745,4.338831309063518,15.651824779687805,4.1084455006057397e-05,0.011371099390089512,0.9320068955421448
