,event id,width,length,azwidth,p_spot,p_track,p_worm
0,7,12.262119112711382,18.89819500262221,356.5191139691487,0.017164470627903942,0.8801393508911133,0.0985906720161438
1,8,7.846164785565227,40.56760368193428,662.188949752764,0.010102810338139534,0.00092594837769866,0.9889709949493408
2,13,5.622273288082257,61.348379320659255,3248.7735441138275,0.0077989469282329065,0.9735649228096008,0.01860123686492443
3,22,18.624488241966574,46.50691535654629,351.1216914450912,0.14005742967128754,0.5392096042633057,0.26225146651268005
4,30,6.808931955086246,24.44612212983959,392.168888478683,0.010713853873312472,0.4617501795291901,0.4519907534122467
5,36,11.89878219546164,223.6983581179189,18160.459482981998,8.823219104669988e-06,0.9934163093566896,0.006548792123794557
6,51,10.32989169944559,381.39456914679147,58109.10461170794,5.96021163801197e-06,0.0024732844904065128,0.99752014875412
7,79,6.5485546459254405,105.58285211384857,2294.2028153867527,0.0201464518904686,0.5296334624290466,0.4454876780509949
