,event id,width,length,azwidth,p_spot,p_track,p_worm
0,28,0.4322254932146683,1.459433755461128,0.1888310789344925,0.9878254532814026,0.00597651768475771,0.005679102148860693
