,event id,width,length,azwidth,p_spot,p_track,p_worm
0,46,5.18886350123424,18.419137577255405,119.32275262294657,0.007785709574818611,0.6338940858840942,0.31928011775016785
1,66,10.94506778239304,26.75153140658326,120.70437013366406,5.5649874411756166e-05,0.9779254198074341,0.02187617495656013
2,72,3.2994938076790894,50.2771477226346,2174.788713764658,0.02416403591632843,0.5341160297393799,0.4414752423763275
3,83,1.853614146043645,338.8270957229512,73426.88570919013,0.0006353188655339181,0.01688498631119728,0.9824788570404052
