,event id,width,length,azwidth,p_spot,p_track,p_worm
0,16,10.265178732279537,26.750832090198358,109.3641406743397,2.0022245540024932e-16,2.0411326318026113e-07,0.9999997615814208
