,event id,width,length,azwidth,p_spot,p_track,p_worm
0,4,2.8991694750671635,446.766345547294,67848.41443980468,2.7038950065616518e-05,0.990461528301239,0.00929682981222868
1,29,5.096211934149261,10.994894414891148,38.150216540078354,0.0013254700461402535,0.4990469515323639,0.4808180630207062
2,34,1.300767982123063,16.171491366102394,4.1735411621383705,8.329985575983301e-05,0.2900815308094025,0.7097569108009338
3,69,1.6271621042842674,17.287442827329155,22.16182985886484,0.050719741731882095,0.28673478960990906,0.3081338703632355
4,85,0.9756727310537489,10.85000807768883,40.17836369367217,0.0008217013091780245,0.8211032748222351,0.17534995079040527
5,88,4.4832322478494495,268.27393530140176,30090.288905304238,0.003626122139394283,0.7192407846450806,0.27553069591522217
