,event id,width,length,azwidth,p_spot,p_track,p_worm
0,40,1.8411298951801447,12.273953569594527,15.50957381496624,0.08770084381103516,0.04342916607856751,0.8687689304351807
1,97,2.520704207039098,9.717227316339335,29.55467406194923,0.004060004372149706,0.02736451290547848,0.052700772881507874
