,event id,width,length,azwidth,p_spot,p_track,p_worm
0,37,1.0989050488198304,7.7255791024459874,50.08673574725014,0.0003418367996346205,0.054777055978775024,0.9448328614234924
