,event id,width,length,azwidth,p_spot,p_track,p_worm
0,12,9.187983937480867,55.116001541609755,765.9926589932468,0.16721166670322418,0.2476044297218323,0.5601249933242798
1,14,3.4709968881541653,16.495717234268568,272.05304951312667,0.006125050131231546,0.5851577520370483,0.3152647316455841
2,17,0.6062705830897065,15.813669592922261,64.29021579666532,0.002609664108604193,0.351972758769989,0.640670657157898
3,27,0.5355012731799331,6.6009498161886215,10.44958669839658,0.07502376288175583,0.6886032223701477,0.226306676864624
4,30,6.21819573335064,9.185948013248703,51.216936332107636,0.0009746088762767613,0.4556912779808045,0.5432643890380859
5,59,0.565885392135939,6.866098498089633,7.705095564994098,0.0025229635648429394,0.843791663646698,0.15316489338874814
6,77,0.889213247399805,14.203037508659635,10.230713999275505,0.0005143953021615744,0.8603158593177795,0.13122420012950894
