,event id,width,length,azwidth,p_spot,p_track,p_worm
0,8,19.561091284751747,324.88574418167264,2771.7493728447785,1.0773682106446358e-06,0.9947471022605896,0.005241588689386846
1,25,3.3610119964799368,177.83072935673218,5277.333139020386,4.829491081181914e-05,0.9761053323745728,0.023845121264457703
2,45,7.0629781879287235,636.651893836716,209812.85001970961,2.6756450097309425e-05,0.986215353012085,0.013737518340349196
3,51,14.656901509609645,92.0299455079546,214.9418973735252,0.0001529711444163695,0.8283683657646179,0.17049594223499298
4,52,57.380043863950824,597.3521368310443,97277.71740800893,0.0002523092553019524,0.9631222486495972,0.035936832427978516
5,79,4.405134382519389,293.37178089842035,7058.2116984172535,9.276157584281464e-07,0.9951382279396056,0.0048600235022604465
6,99,5.779713050079678,35.27766312606325,111.053850659485,9.343903002445586e-06,0.9895504117012024,0.010425588116049768
