,event id,width,length,azwidth,p_spot,p_track,p_worm
0,8,23.50993334906437,179.16637375191345,564.2252874833654,6.956032302696259e-05,0.9675028920173644,0.03146637603640556
1,20,8.525609344616536,50.011110337616884,631.525671000791,0.007180220447480679,0.05935314670205116,0.9332597255706788
2,39,0.6167637105784549,34.5846438319315,106.49948283653231,0.00036663099308498215,0.9531049132347108,0.0425659753382206
3,62,30.51900682845434,292.53492433501987,33326.83687441785,0.0021389625035226345,0.6783016324043274,0.31873369216918945
4,73,2.9658844063368845,43.340552310173415,29.546526077458118,0.00020944721472915265,0.9444444179534912,0.05405709147453308
5,75,0.9152832371147775,28.7480453300607,78.73322403171079,0.0012318178778514266,0.4825907945632935,0.5160753130912781
6,85,0.7663833091647301,106.11641791289878,784.6134445755147,5.2190596761647605e-05,0.8509581685066223,0.14876987040042874
7,96,0.4910451659853902,31.092900604658,118.32128462404772,5.308411346049978e-06,0.9885828495025636,0.0114020686596632
