,event id,width,length,azwidth,p_spot,p_track,p_worm
0,9,2.933179704693473,11.973482344459187,8.836285021758602,6.103281702962704e-05,0.9009070992469788,0.0989314392209053
1,43,4.495591121869858,5.600470627608897,20.362488133708325,1.994281007000609e-07,0.004062192980200052,0.9959281086921692
2,50,0.6630108210612533,4.904708337997493,11.64783245430945,9.109498932957653e-06,0.9925782084465028,0.007411099504679442
3,66,2.0843830710169984,4.2496484135538575,10.988370837420387,4.4560259993886575e-05,0.004276867490261793,0.22099928557872767
