,event id,width,length,azwidth,p_spot,p_track,p_worm
0,3,9.17685884095418,55.69428005353824,1725.4811840073792,0.01912310719490052,0.22910217940807345,0.7514740824699402
1,21,12.041900911274753,44.872179781730225,199.6315468726196,0.011217781342566013,0.7501249909400941,0.2147760093212128
2,24,14.265239642889409,78.02001831712934,884.1273328050172,1.791063297673645e-08,0.0001322539319517091,0.9998667240142822
3,67,2.097140092537245,35.021619286726235,173.59251990141522,0.0020635966211557393,0.044987112283706665,0.1792469471693039
4,75,8.256225667677251,114.1460049476805,789.6183618675716,8.081963756012556e-07,0.9970809817314148,0.002894047414883971
5,76,4.676216686709329,37.86087140133304,37.693998000747705,0.8359810113906859,0.05610047653317452,0.10787565261125563
6,78,5.408953569092346,31.515736806729173,29.669607631047906,0.0004608412273228169,0.2209035903215409,0.7785872220993042
7,81,24.76772326034227,66.31934726439701,1741.7468877117246,0.0002900648978538811,0.9582307934761048,0.023460060358047485
