,event id,width,length,azwidth,p_spot,p_track,p_worm
0,22,0.6520684083436337,12.467183031331794,32.08949594869646,0.00040406404878012836,0.9359889626502992,0.06325217336416245
