,event id,width,length,azwidth,p_spot,p_track,p_worm
0,16,1.561977207543122,6.014430569252277,6.200350400239795,3.067390571231954e-05,0.11350780725479125,0.885786235332489
1,28,0.6117947280476829,4.18554420419289,0.4190967943723357,2.602342306090577e-07,0.9967478513717652,0.0032513218466192484
2,75,2.2742666033224976,6.017995223850651,5.583990083982738,0.0002011475880863145,0.14272065460681915,0.1879197061061859
