,event id,width,length,azwidth,p_spot,p_track,p_worm
0,54,3.7485712137697216,16.02428507418129,86.38061276149689,2.2065874873078428e-05,0.9445301294326782,0.054962992668151855
1,72,0.4955723867472192,9.667236676563006,5.281076635270751,0.00015194079605862498,0.9530391693115234,0.04680650681257248
2,81,1.8572456924407044,9.88569397744936,4.298301628747322,0.00034243063419125974,0.8371258378028871,0.16251663863658905
3,88,0.9607278255321312,4.2583759326891535,4.776136886285128,0.0016667634481564164,0.11914096027612685,0.868127167224884
