,event id,width,length,azwidth,p_spot,p_track,p_worm
0,7,2.3834743185726746,43.66860479926342,1603.7336231015693,0.0959368497133255,0.4966152310371399,0.4019498825073242
1,14,3.462833330137052,6.167299483008272,34.635499105039976,0.00014898540393915027,0.07246169447898865,0.9246419668197632
2,17,2.3722745355769406,25.00099185479899,503.1893228634633,6.24089952907525e-05,0.9252985119819641,0.07449400424957275
3,42,2.065197302661672,32.186282622889514,117.84375964047076,0.0015662191435694695,0.9712572693824768,0.0263579860329628
4,45,1.6535878108037931,9.155391332031831,52.30414696324117,0.007892373949289322,0.006671980489045382,0.030673174187541005
5,52,2.5037159455836906,7.86375557370966,57.25814110648687,0.0005209312657825649,0.5078531503677368,0.4858278632164002
6,70,0.6497553170938962,33.12406262199944,687.9171242415573,0.0008264984353445469,0.7213073968887329,0.27777692675590515
7,95,4.299037293930665,9.390567187664095,75.71225134499312,0.002311104442924261,0.04241395369172096,0.6708366870880127
