,event id,width,length,azwidth,p_spot,p_track,p_worm
0,11,8.351271531124118,31.633290671992807,257.88165262354084,1.8065395124722272e-05,0.9865822792053224,0.006977718323469162
1,21,9.740795516444061,34.248279415221404,539.6849938888663,8.51854019856546e-06,0.996087908744812,0.003230436239391565
2,66,10.18807541896342,94.00098966630031,423.1324451947754,0.0009461240842938424,0.5698677897453308,0.4285386204719544
3,98,3.0710094560473067,8.156532652364342,9.43323461433151,5.240554673946463e-05,0.21335940062999725,0.7694710493087769
