,event id,width,length,azwidth,p_spot,p_track,p_worm
0,15,0.5624938727547546,12.410680840575688,16.967516419224154,0.989035427570343,0.002289400901645422,0.0032613291405141354
