,event id,width,length,azwidth,p_spot,p_track,p_worm
0,22,1.4883688756714557,13.64129147167633,5.3731532514365705,0.0009890258079394698,0.5552812814712524,0.1857044547796249
1,34,3.175431768605032,8.054373882207916,14.563075201815893,4.512023224378936e-06,0.3285082876682281,0.6713007092475891
2,43,1.0008527970798315,10.802485943225463,1.23024251647959,5.162991328688804e-06,0.2901185154914856,0.7098758816719055
3,89,6.906903636085426,31.999283417134734,401.9311234030236,2.791017323033884e-06,0.9984867572784424,0.0015080883167684078
4,93,2.3579279437651364,37.7543001431776,491.04211871871047,8.098094258457422e-05,0.9868693947792052,0.012505619786679743
