,event id,width,length,azwidth,p_spot,p_track,p_worm
0,4,0.5549810448744831,0.8830686229765429,0.7791911140298633,0.9999996423721312,1.6183498985355982e-07,2.1124299109942515e-07
1,52,0.5128448452240778,2.038549755456557,0.7855666626689047,0.2784905135631561,0.5205739140510559,0.1996111869812012
