,event id,width,length,azwidth,p_spot,p_track,p_worm
0,10,20.86817315707355,285.09502208230026,75420.19402454466,0.05272592231631279,0.16944620013237,0.7752040028572083
1,28,6.576381544650482,40.46307058386903,67.72893470278862,0.000268825504463166,0.1469518393278122,0.8522738218307495
2,60,3.637627841293825,437.56049448903707,147545.5577658797,0.0021849400363862514,0.05628020688891412,0.9414470791816713
3,65,2.9553599514377464,10.900563042160194,24.132162369078365,0.0001243979058926925,0.5900001525878906,0.399297833442688
4,66,0.8937400484638109,128.57549466848496,5312.083907262721,0.026919126510620117,0.4117568135261536,0.5151277780532837
5,77,3.8935233244001366,12.764060626266046,128.4368169548743,0.03199188783764838,0.3399716913700104,0.2553457319736481
6,80,0.7952894568027244,16.444952947554135,103.85511473070791,0.23924727737903595,0.30938172340393066,0.4499673545360565
7,97,0.91231773086943,48.922318454411965,703.2613288867258,0.10063708573579787,0.04231392964720726,0.8566123843193054
