,event id,width,length,azwidth,p_spot,p_track,p_worm
0,27,0.4888495626561722,60.41863088866087,464.63929882696885,4.706360869022319e-06,0.9975760579109192,0.002419092459604144
