,event id,width,length,azwidth,p_spot,p_track,p_worm
0,69,0.9691791882874964,3.3504830437414284,1.1640328460768026,0.007285458967089653,0.14067691564559934,0.8495997190475464
1,96,0.5605448321552978,6.705758620621319,10.97988500650401,0.0009638479095883667,0.5688995122909546,0.4273616671562195
