,event id,width,length,azwidth,p_spot,p_track,p_worm
0,2,8.307081516457256,53.30130216289335,116.66594444547418,5.920783678448061e-06,0.9805561900138856,0.019250910729169846
1,9,42.07150737664725,250.6017712256986,57551.203103630214,0.003872706787660718,0.13066816329956055,0.8644454479217529
2,36,1.2832486731937378,29.8400753714658,105.55273551098914,0.010914050973951815,0.8662513494491577,0.12111198902130127
3,42,3.3816402985900607,32.788746879069585,101.01066508460545,0.24441783130168915,0.18481899797916407,0.4529787302017212
4,54,0.5791372333129831,17.066918055446187,60.07839916641325,2.5577521228115074e-05,0.9450801610946656,0.05414204299449921
5,85,0.8341550163930496,437.543047886186,8160.012902914619,0.0004951701848767698,0.9487070441246032,0.0496186763048172
