,event id,width,length,azwidth,p_spot,p_track,p_worm
0,2,11.163625514053702,68.94131461742666,2898.3137367195977,0.0003516535216476768,0.12037965655326845,0.8791087865829468
1,85,0.9157195616756476,38.27876097551161,1.7740194781915704,0.0009081890457309784,0.9168964624404908,0.08181141316890718
2,97,3.787889967916135,8.367682519188078,14.654376522148068,3.203958613084978e-06,0.015727730467915542,0.9842331409454346
3,99,0.4206374734330212,39.46205348313622,34.644505893693726,0.0001802758633857593,0.9861605167388916,0.013280854560434818
