,event id,width,length,azwidth,p_spot,p_track,p_worm
0,7,8.371295695340578,131.3214071645242,11053.091854032537,4.5655509893549606e-05,0.07782813906669618,0.9221225380897522
1,10,0.9089742137946614,117.29252897034522,5155.703715391845,4.124027691432275e-05,0.9875251054763794,0.012340986169874668
2,13,0.4460354903712299,33.9890230052537,368.65763037914076,1.8165030269301496e-05,0.9859100580215454,0.011071333661675451
3,23,3.2909616268857618,15.300796294744773,130.79592777769562,0.0076190074905753144,0.6414061784744263,0.31324031949043274
4,71,11.058724420616958,84.53113404481785,1211.4530171326858,4.05814773785096e-07,0.02555572614073753,0.9744438529014589
5,72,0.6799584521817619,30.202094886159585,265.63862655383616,7.933386768854689e-06,0.9964871406555176,0.003462345106527209
