,event id,width,length,azwidth,p_spot,p_track,p_worm
0,72,0.5623629885514264,8.620143235909598,68.16472120494818,0.0006625436944887043,0.9740262031555176,0.025245042517781258
