,event id,width,length,azwidth,p_spot,p_track,p_worm
0,18,0.3613113145747985,22.56497083420581,118.87608189509876,0.024203883484005928,0.7289807200431824,0.2452063262462616
1,25,0.955499285995524,9.588285142949317,9.52348426925915,0.00011284715583315119,0.9030261635780334,0.08377428352832794
2,46,1.5853380234136418,39.73417274292496,6.659780046696169,0.15267488360404968,0.5023664236068726,0.3433498442173004
3,51,18.509850382648427,401.20207465189554,8906.99956431889,7.92020364315249e-05,0.003468101844191551,0.9964420199394226
4,67,0.507118952706448,8.94177433255719,16.721507991350123,0.0015315348282456398,0.9201987385749816,0.07496614009141922
5,88,5.452907619650906,26.333634582310815,685.7893079476388,0.8484161496162415,0.005091576837003231,0.14645352959632876
6,93,7.062648269420557,94.65463216474105,4915.135436975129,4.772061947733164e-05,0.9659580588340759,0.033965762704610825
