,event id,width,length,azwidth,p_spot,p_track,p_worm
0,88,0.5749879527454184,0.7538533261411888,0.39230205391944256,0.9999995231628418,1.8278730351539707e-07,2.736274211656564e-07
