,event id,width,length,azwidth,p_spot,p_track,p_worm
0,5,0.5083637432626934,3.174723039849937,4.504593033700476,3.681669477373361e-05,0.895862877368927,0.10403986275196077
