,event id,width,length,azwidth,p_spot,p_track,p_worm
0,38,12.077939301074144,88.60205667905426,518.1031890720889,0.011770615354180336,0.6100479364395142,0.3704389333724976
1,46,21.145453269810684,74.9605085607047,449.62670955450653,0.923025906085968,0.02820817567408085,0.04860270768404007
2,53,3.8041208034051897,129.5467057177214,1921.3196618105758,0.0019629544112831354,0.8915614485740662,0.10460198670625688
3,72,0.7130313251290279,28.36142970908217,209.17976702723251,0.0003243353858124465,0.4677716493606568,0.5316115617752075
4,82,0.3159096038856876,4.862740905805407,5.735013942111973,3.3017568057402975e-05,0.9508212208747864,0.04793915897607803
