,event id,width,length,azwidth,p_spot,p_track,p_worm
0,16,1.7143004122729772,12.598518707045402,69.9591512276125,4.637399342755089e-06,0.0006662149680778384,0.9989866614341736
1,76,1.3327564679359465,68.32638222888036,2072.869733863631,0.07021037489175798,0.7990832924842834,0.12897051870822904
2,100,3.135797352083149,34.60307263373993,586.0417061235372,0.0011415594490244985,0.9301445484161376,0.06514444947242737
