,event id,width,length,azwidth,p_spot,p_track,p_worm
0,38,3.434355816793768,7.010249413680505,34.370714888859816,2.489145572326379e-06,0.03564552590250969,0.9643476009368896
