,event id,width,length,azwidth,p_spot,p_track,p_worm
0,15,0.7348515994685747,39.334994868142466,367.64263078738713,0.0006028185598552227,0.7368890047073364,0.2621787488460541
1,86,19.27751432118465,525.5060283184732,195680.8126794696,0.0006932205869816244,0.04068931192159653,0.9586084485054016
2,89,4.5225548531720765,6.391729381366504,31.144279289148717,0.00020825897809118032,0.2006881684064865,0.7952558398246765
