,event id,width,length,azwidth,p_spot,p_track,p_worm
0,69,1.9073486328125e-06,2.625212090214212,6.509441904502058,0.12891460955142975,0.464313805103302,0.33719125390052795
1,71,0.680330609571725,1.7380781072386262,0.5699259826133677,0.8863828778266907,0.09199298918247224,0.021464630961418152
