,event id,width,length,azwidth,p_spot,p_track,p_worm
0,30,0.8254733390734224,3.9701383075911654,3.0182584502684664,0.00011594389070523904,0.04454950988292694,0.9553142786026
