,event id,width,length,azwidth,p_spot,p_track,p_worm
0,92,0.25549468073747394,1.6088627471400436,0.11888901456121115,0.11875252425670625,0.8589398264884949,0.02116339467465877
