,event id,width,length,azwidth,p_spot,p_track,p_worm
0,84,0.4434498460444422,2.5596734972891104,5.883681379851388,0.0005753267323598268,0.9285100102424622,0.0706946849822998
