,event id,width,length,azwidth,p_spot,p_track,p_worm
0,77,0.7428493481295549,4.989860070373379,15.991247645378811,2.189122824347578e-05,0.1034027636051178,0.8965668678283691
