,event id,width,length,azwidth,p_spot,p_track,p_worm
0,2,2.6109599679448743,14.207960534786446,47.36729322191391,0.0054309070110321045,0.010349293239414692,0.3555095195770264
1,71,1.043853480301919,31.667784461204004,210.79560519363048,0.9737398624420166,0.0017886217683553696,0.024470753967762
2,73,3.736345382058928,46.78018965300532,151.4316542830791,0.0017016400815919046,0.6977885365486145,0.2990309298038483
