,event id,width,length,azwidth,p_spot,p_track,p_worm
0,1,3.714076394385992,20.184015416136244,139.0923456831,0.00627756305038929,0.8516578078269958,0.1369180977344513
1,36,3.5784254490749405,61.64622851984059,3667.119986700625,0.00015252718003466723,0.9839099645614624,0.015219138935208319
2,55,1.0135597503347271,8.775840597389625,47.498827610131045,7.862651546020061e-05,0.035322826355695724,0.9645925164222716
