,event id,width,length,azwidth,p_spot,p_track,p_worm
0,53,0.3694069281750075,0.7740306054193015,0.2490965397910795,0.0009034713730216023,0.7845481038093567,0.21403244137763971
1,79,0.3436876741423941,0.5547893800654996,0.235035612400131,0.10244516283273697,0.618990421295166,0.20970351994037628
