,event id,width,length,azwidth,p_spot,p_track,p_worm
0,8,0.8668742529450968,1.4937617441884106,1.4929805975416726,0.9959208965301514,0.0006832035141997039,0.003350402927026153
1,48,0.8281462111608351,58.931179551941995,3080.3119836434125,0.9999976158142092,9.829411737882765e-07,1.3786283261651986e-06
2,78,0.6434490671564195,5.465685673163751,6.853467733239842,8.471364708384499e-06,0.0023370231501758107,0.9976544976234436
