,event id,width,length,azwidth,p_spot,p_track,p_worm
0,57,0.6217653708314247,2.1916993747308733,0.6242630923360445,0.5151423215866089,0.16848015785217285,0.3154122531414032
