,event id,width,length,azwidth,p_spot,p_track,p_worm
0,6,0.7915545195419574,29.618731101629486,281.9556791414424,0.002357273362576961,0.3359707295894623,0.66026371717453
1,11,0.6351978763870949,7.048901186681676,24.81978456391841,1.1861648999911267e-05,0.9849501848220824,0.015026647597551348
2,21,3.2312827024219395,130.77840761481622,17094.733660143847,0.0026133735664188858,0.8173424005508423,0.17866158485412598
3,24,4.429652379972027,49.40885117546125,51.19284638743784,0.00010347603529226036,0.9553701877593994,0.04439564049243927
4,26,1.2130479590955372,55.04113058698508,2026.5430236104528,0.00014659584849141538,0.9509926438331604,0.048710186034440994
5,43,3.3874771969476862,12.854578582694993,12.67257113758188,0.0011441672686487436,0.7809109687805176,0.21701937913894653
6,44,1.9524463213009404,5.090800902543637,24.997552665238967,0.00236981688067317,0.6906130909919739,0.305021733045578
7,93,1.7666074037667518,157.0114451709729,16199.482328934491,5.118926310387906e-06,0.9945160746574402,0.00547453248873353
8,94,5.209715919924253,14.835452205660065,92.39915489607729,0.00038281260640360415,0.9316747784614564,0.060793600976467126
