,event id,width,length,azwidth,p_spot,p_track,p_worm
0,43,4.954193937373073,32.34329100323921,61.62611484003732,9.631794091546908e-05,0.919044315814972,0.08085062354803085
1,62,4.696074644812779,22.72027940981349,98.71537058159124,0.0005868154694326223,0.9567905068397522,0.04159941151738167
2,78,3.3901020519176734,19.158438371837853,14.847201959847153,8.581620932091025e-05,0.04806918650865555,0.9518441557884216
