,event id,width,length,azwidth,p_spot,p_track,p_worm
0,42,0.6143093270960781,1.5096768376247107,0.4009502048790762,0.9944186210632324,0.0028251348994672303,0.002693990478292108
1,47,2.0096860945007693,4.874866117136385,14.992650456974287,5.793778345974943e-09,4.7558050937368535e-06,0.999995231628418
