,event id,width,length,azwidth,p_spot,p_track,p_worm
0,41,0.3593210382120462,7.852810779147616,26.547546561425985,0.00011218248982913792,0.9679834246635436,0.030924212187528614
