,event id,width,length,azwidth,p_spot,p_track,p_worm
0,34,1.173496732817262,11.475177409438606,12.881988508932604,0.7083311080932617,0.0004269318887963891,0.29123765230178833
1,43,0.5557328088060175,10.079019454945053,41.49479026269921,0.0025309063494205475,0.411324679851532,0.5842881798744202
