,event id,width,length,azwidth,p_spot,p_track,p_worm
0,24,0.3421255272816246,0.5248033995933336,0.12011139414839045,1.0,2.498186901789268e-08,2.4496760175907184e-08
