,event id,width,length,azwidth,p_spot,p_track,p_worm
0,49,3.9738431039188815,332.59475731699183,31279.1691540452,1.2632805010071024e-05,0.013787985779345036,0.9861966967582704
1,82,0.6968910132875953,16.61980644987037,5.1335526571512125,0.0060855853371322155,0.12339802086353302,0.8703957796096802
