,event id,width,length,azwidth,p_spot,p_track,p_worm
0,22,1.1733754641724776,1.805109137604817,2.496453430272757,0.3601031005382538,0.005196719896048307,0.634655773639679
1,33,0.6601985060941657,1.4627618519119017,2.0175135106315576,0.7372165322303772,0.17688897252082825,0.08358041197061539
