,event id,width,length,azwidth,p_spot,p_track,p_worm
0,34,0.5189141527007536,17.43349341074509,0.4914984445787108,4.5450933612301014e-06,0.9913070797920228,0.008686588145792484
1,37,0.506202141895447,1.946951445737412,0.3060823003959181,-1.0,-1.0,-1.0
2,42,0.2598099996808681,9.78876503083258,5.668021541040188,0.0007777860155329107,0.9064361453056335,0.09186394512653352
3,51,0.3182295887521681,6.819825705376233,0.8855982633363767,0.00013417440641205758,0.9404523372650146,0.037604335695505135
