,event id,width,length,azwidth,p_spot,p_track,p_worm
0,8,0.40527562515470894,5.5370662472481245,7.722904368179124,0.0014117368264123795,0.8388081192970276,0.1586976945400238
