,event id,width,length,azwidth,p_spot,p_track,p_worm
0,62,0.5250660758744453,6.905654186875062,44.15909545420638,0.000398637552279979,0.9310856461524964,0.06553862988948822
