,event id,width,length,azwidth,p_spot,p_track,p_worm
0,40,0.9769604343425592,1.8592895128075253,2.031216081959526,0.8983469009399414,0.022658683359622955,0.07807554304599762
