,event id,width,length,azwidth,p_spot,p_track,p_worm
0,47,3.467899661712208,342.40814774474603,8773.873816865524,0.025057286024093628,0.04358938336372376,0.9313272833824158
1,51,0.4351887576620208,44.051309420530174,0.8659585083844131,0.00201006862334907,0.9250659346580504,0.07030943036079408
