,event id,width,length,azwidth,p_spot,p_track,p_worm
0,97,0.35980851699648475,6.516019808320896,2.742243412098946,2.511697857698892e-05,0.9801310896873474,0.019211851060390472
