,event id,width,length,azwidth,p_spot,p_track,p_worm
0,39,0.5401727531585642,14.348986187172036,73.62132125652745,-1,-1,-1
