,event id,width,length,azwidth,p_spot,p_track,p_worm
0,39,0.9781774297522272,2.3339647008999624,4.315216994042356,0.4509865045547485,0.07448497414588927,0.474096029996872
