,event id,width,length,azwidth,p_spot,p_track,p_worm
0,8,0.4031305612405038,8.876397102032927,27.66675628476107,0.012460857629776001,0.600494921207428,0.3847005665302277
