,event id,width,length,azwidth,p_spot,p_track,p_worm
0,58,0.7270576389030218,1.9550536287707647,3.524931198597105,0.413269579410553,0.2009575068950653,0.3827501833438873
