,event id,width,length,azwidth,p_spot,p_track,p_worm
0,23,0.385796358975382,4.508176797731873,1.456045269291336,4.062860170961358e-06,0.9987776875495912,0.0011360417120158672
