,event id,width,length,azwidth,p_spot,p_track,p_worm
0,61,1.056817705276119,1.1602813455605718,1.267896716409638,0.9999715089797974,2.9585196443804307e-06,2.433260488032829e-05
