,event id,width,length,azwidth,p_spot,p_track,p_worm
0,32,0.8198359155169112,1.0348327529930643,0.9060810684981446,0.99989652633667,1.6337437045876868e-05,8.432797767454758e-05
