,event id,width,length,azwidth,p_spot,p_track,p_worm
0,21,0.595511654407556,5.253637210419325,3.5674704547262412,0.00011619122233241796,0.898880124092102,0.10074454545974733
