,event id,width,length,azwidth,p_spot,p_track,p_worm
0,11,1.4225947111870128,3.552225026816864,7.704880329636412,0.0007582564139738679,0.03588028624653816,0.9633541703224182
