,event id,width,length,azwidth,p_spot,p_track,p_worm
0,39,0.4814439155967829,1.299649443014638,0.23275307252837624,0.01486955024302006,0.7494053840637207,0.2346050888299942
