,event id,width,length,azwidth,p_spot,p_track,p_worm
0,30,0.54721442868338,1.0385622757863031,0.9398897264212744,0.9969962835311892,0.0016541153891012073,0.001345995580777526
1,81,0.8261937234821017,2.43544387924464,3.815622754037925,0.015953263267874718,0.05782046914100648,0.9261755347251892
