,event id,width,length,azwidth,p_spot,p_track,p_worm
0,14,0.4929745861357122,2.3852025423304344,0.4625529407585802,0.001629547099582851,0.9301324486732484,0.06765032559633255
1,85,0.6372617241171789,2.0645047353474686,0.750925655870434,-1.0,-1.0,-1.0
