,event id,width,length,azwidth,p_spot,p_track,p_worm
0,40,0.952084783478926,2.08972055353995,0.9093612804908562,0.757360577583313,0.13342972099781036,0.10732585191726683
