,event id,width,length,azwidth,p_spot,p_track,p_worm
0,72,0.9476975849220366,1.6548489684256396,1.601995630389685,0.9299823045730592,0.02882925607264042,0.03910375013947487
