,event id,width,length,azwidth,p_spot,p_track,p_worm
0,14,0.3436715367243008,0.4795517894444292,0.12177026328279066,0.999998927116394,3.4485185551602626e-07,6.739847435710543e-07
1,39,0.6320794460570272,3.250402078550916,6.612304158478942,0.015159291215240957,0.14588850736618042,0.8386147618293762
2,75,0.7091094783244193,1.2795347847779608,1.5973357346678518,0.9520748853683472,0.027120186015963558,0.020464491099119183
3,83,0.8246748891535207,1.3739610434444367,1.8009798239092996,0.9982402324676514,0.0004064197710249573,0.0013009787071496248
4,88,0.6597795541567759,2.4945498239613206,2.2472327368258243,0.14359977841377258,0.34510940313339233,0.5102469921112059
5,97,0.6942614588611524,0.7783026047297228,0.5893367362103826,0.9999997615814208,6.214923331526734e-08,6.209756975295022e-08
