,event id,width,length,azwidth,p_spot,p_track,p_worm
0,5,0.9655892404946236,1.2064402652670319,1.4522006672553642,0.9999488592147828,7.0468358899233854e-06,4.273643207852729e-05
1,12,0.7497950857166557,2.4956370792742253,5.581985542725329,0.21596109867095947,0.5076011419296265,0.2737549245357513
2,25,0.58228689903138,2.2123761691052555,3.7014034003020315,0.17082323133945465,0.6278672814369202,0.1993197500705719
