,event id,width,length,azwidth,p_spot,p_track,p_worm
0,6,0.8086418483337816,1.89140201548556,2.008821138446133,0.8987835049629211,0.034065987914800644,0.06650269031524657
