,event id,width,length,azwidth,p_spot,p_track,p_worm
0,27,1.5258788978186539e-05,0.29029974016066057,0.031223002240131168,0.9999997615814208,1.1132807031799526e-07,6.938235230791179e-08
1,76,1.0726491534340643,2.39332119005886,1.1538179389445031,0.3688154518604279,0.1580299586057663,0.47265878319740295
