,event id,width,length,azwidth,p_spot,p_track,p_worm
0,24,0.6376008456694339,1.419835549714968,1.2940280853326511,0.6498420238494873,0.1518169343471527,0.1968342363834381
1,26,0.9462193797080284,2.006795978901335,3.8999942516427257,0.7586020827293396,0.05340065807104112,0.18761993944644928
2,36,0.9404043635088652,0.9926487748780572,0.90889375266048,0.9999529123306274,7.452326372003882e-06,3.896058115060441e-05
3,40,0.6503342193025751,0.6884871295048199,0.4491104479002672,0.9997044205665588,0.0001723329332889989,0.0001224022562382743
4,48,0.43810076570666784,0.7430724389414051,0.3365764403987365,1.0,5.3882416750639095e-08,5.596326957402199e-08
5,54,0.8609982000768696,1.0906537792192168,0.8059083613191365,0.999544322490692,0.00010049444972537458,0.0003524790226947516
6,93,0.9457224153988504,1.3207576009163946,1.6911390309948002,0.9999970197677612,8.681595886628203e-07,2.0946276890754243e-06
