,event id,width,length,azwidth,p_spot,p_track,p_worm
0,61,0.4403879791589954,10.52444770732477,0.19524381398932875,0.4968183636665344,0.3022652566432953,0.12789961695671082
1,88,0.6522876514064984,9.632119102386756,10.922835395846805,0.11903639882802965,0.17920444905757904,0.6986191868782043
2,89,0.3836190345149451,5.735784794265577,15.9063515695844,-1.0,-1.0,-1.0
