,event id,width,length,azwidth,p_spot,p_track,p_worm
0,26,0.5678513259340665,1.6604760300442936,2.7002823405499665,0.7739852070808411,0.16483809053897858,0.060547400265932076
1,31,0.9734525721240501,301.4538678865289,90867.95152273343,0.9999966621398926,1.306764943365124e-06,2.0696729734481786e-06
2,37,0.6358369113535145,0.7456365695524803,0.44687565899810905,1.0,1.9092183833890892e-08,3.117101243788056e-08
