,event id,width,length,azwidth,p_spot,p_track,p_worm
0,52,0.5368506068015698,1.9069811702697488,1.7849988858299592,0.3950915336608887,0.4540704488754273,0.14880000054836273
1,68,0.4570672928096017,0.6666582125574638,0.4414461793561513,0.999925136566162,4.571694444166496e-05,2.902317646658048e-05
2,97,0.950368680318672,1.9400543477622567,1.1146892506042263,0.4863219261169434,0.2086089849472046,0.3042011559009552
