,event id,width,length,azwidth,p_spot,p_track,p_worm
0,50,0.9110990329687252,2.010124056501456,1.2387555396168015,0.9999998807907104,3.716838747891416e-08,3.6362823863100864e-08
1,51,0.874292133732868,2.2059355822106483,0.9380258419321336,0.5100545883178711,0.06394406408071518,0.4253240525722504
2,64,0.7348746955066576,0.8948965845053766,0.705686212203609,0.6336284279823303,0.1816173940896988,0.1835249215364456
3,82,0.2911402359532928,0.4993642613598316,0.18489955267460684,0.9999997615814208,7.902914234136915e-08,1.7549007225170501e-07
4,97,0.5258905911355213,0.7823705334877491,0.41680394436393015,0.9999997615814208,1.589135365520633e-07,1.2534081861304005e-07
