,event id,width,length,azwidth,p_spot,p_track,p_worm
0,54,0.6752575553210525,489.13677525184204,5119.253075343598,0.24621497094631195,0.5416017770767212,0.2120924293994904
1,56,0.2400551838092156,4.0232117553815545,11.274177633184044,0.004406353458762169,0.8090624809265137,0.1849520951509476
