,event id,width,length,azwidth,p_spot,p_track,p_worm
0,57,0.5386218317892827,7.666781232599527,40.718195879188656,0.00014074142382014543,0.9672694802284241,0.03237857297062874
