,event id,width,length,azwidth,p_spot,p_track,p_worm
0,10,6.586834777549895,80.43222755515312,6428.6519751483875,0.00012272485764697194,0.9961498975753784,0.003715776605531573
1,43,0.8489982762286333,9.364670576244249,1.2809261333115471,0.016208456829190254,0.1550118625164032,0.8287792205810547
