,event id,width,length,azwidth,p_spot,p_track,p_worm
0,68,0.53665528139608,19.985242529294624,344.3787200177777,2.817641188812558e-06,0.9966174960136414,0.0032705527264624834
