,event id,width,length,azwidth,p_spot,p_track,p_worm
0,39,1.0620377763257949,2.151263815137812,1.2595885256428925,0.7322186231613159,0.05536836013197899,0.2120598703622818
