,event id,width,length,azwidth,p_spot,p_track,p_worm
0,94,0.8730783349503879,1.8679910494058851,1.6350753099640032,0.973984956741333,0.005264195613563061,0.020565960556268692
