,event id,width,length,azwidth,p_spot,p_track,p_worm
0,19,0.5846844948793198,244.34728388507781,59492.17409535298,0.9999943971633912,2.6607297058944823e-06,2.940848389698658e-06
1,42,0.6256751318588271,105.68845229817774,10190.532772817638,0.9999997615814208,8.815716512344807e-08,1.3951316191196383e-07
