,event id,width,length,azwidth,p_spot,p_track,p_worm
0,92,1.136192886954137,1.2543036141182364,1.4192645927881786,0.9999631643295288,5.064355718786828e-06,2.573602068878245e-05
