,event id,width,length,azwidth,p_spot,p_track,p_worm
0,9,0.4454758841033004,5.272890494587264,11.208888146007967,4.04960064770421e-06,0.9953025579452516,0.004170237109065056
1,78,0.3991883702810636,7.297424488599666,17.28486534109368,3.1945586670190096e-05,0.957813560962677,0.02801419235765934
