,event id,width,length,azwidth,p_spot,p_track,p_worm
0,8,0.9948375839620356,1.8222498030226006,2.267509819805675,0.9794303178787231,0.002591141266748309,0.01789550855755806
1,53,0.9367499589216308,1.3033536947844282,1.512308370306718,0.99978107213974,5.706786396331154e-05,0.00014098377141635865
