,event id,width,length,azwidth,p_spot,p_track,p_worm
0,11,0.7633045774018071,1.1756432311516152,1.1575734716047748,0.9955821633338928,0.0015416399110108616,0.002787973498925567
1,44,0.651079120550413,1.8895080672434241,2.943649343502185,0.1903105229139328,0.5316464304924011,0.27434366941452026
