,event id,width,length,azwidth,p_spot,p_track,p_worm
0,77,1.0453985754563662,2.3439520155006845,3.06965824423829,0.11300429701805115,0.018822191283106804,0.8680750131607056
