,event id,width,length,azwidth,p_spot,p_track,p_worm
0,31,0.6906080454764965,7.18355848009716,2.562739467404243,0.0006370105547830462,0.17115919291973114,0.8281636834144592
1,86,0.8778043698027097,5.316185820824308,1.3354594621581035,0.0002601637970656156,0.15397748351097107,0.845759928226471
