,event id,width,length,azwidth,p_spot,p_track,p_worm
0,67,0.7270535615969137,0.7973627081712968,0.6321268165154871,0.9999958276748656,1.6626421484033924e-06,2.474873781466158e-06
