,event id,width,length,azwidth,p_spot,p_track,p_worm
0,24,0.500763307130084,2.847756941311306,3.2530634551988435,0.0003535524010658264,0.3645407557487488,0.634902834892273
1,63,3.49745452629748,73.28039052481334,5055.748473298395,0.00011548063775990158,0.7459988594055176,0.2538680136203766
