,event id,width,length,azwidth,p_spot,p_track,p_worm
0,74,0.4942892984213522,6.223417643309077,23.017904931178716,0.0015246395487338305,0.690001904964447,0.3076525032520294
