,event id,width,length,azwidth,p_spot,p_track,p_worm
0,6,0.9953506952360108,2.595750939175064,2.931658112635768,0.004204952623695135,0.0016669504111632705,0.9941270351409912
1,25,2.0156114069315985,414.9678365026416,20292.662588302042,0.005937019363045693,0.613339900970459,0.3783583641052246
2,31,1.0183898150864157,153.27996548432475,138.47471176353315,0.002715834882110357,0.5709801912307739,0.4248379170894623
3,50,0.3891095641341068,5.940822686282318,9.597358436326267,0.0006609435076825322,0.6273502111434937,0.3695806562900543
4,54,0.4229675799554965,7.998838914698813,37.170315510548136,0.0035075235646218053,0.6636796593666077,0.3273140788078308
