,event id,width,length,azwidth,p_spot,p_track,p_worm
0,2,0.44754615236733697,8.408893758746487,26.919578664201325,7.557024218840525e-05,0.9879981279373168,0.011608364060521126
1,28,3.3527374567031574,48.17734235743943,2171.0502658714227,0.00014120487321633846,0.9677466750144958,0.03203388303518295
