,event id,width,length,azwidth,p_spot,p_track,p_worm
0,46,0.32441903516761184,6.105104537421421,1.6365824617375546,0.003740751650184393,0.5604528188705444,0.05407855287194252
1,75,0.7302921301468807,18.078182782656004,33.943873064382906,0.9509385228157043,0.014196662232279778,0.0342552550137043
