,event id,width,length,azwidth,p_spot,p_track,p_worm
0,53,0.8681348536031482,1.1840580200318078,0.8705991933230509,0.9997598528862,3.392275175428949e-05,0.00020524441788438708
