,event id,width,length,azwidth,p_spot,p_track,p_worm
0,1,0.5064029542177767,1.4445953205331097,0.6230099653880857,0.8732529878616333,0.094941645860672,0.031407587230205536
1,8,1.4287339582125516,19.73708298886372,290.34300755973214,0.9897944331169128,0.0026965497527271514,0.007256727200001478
2,9,0.233523990720981,0.5747606890275962,0.33004988874591923,0.9999995231628418,2.1869703914489946e-07,1.9423251274020004e-07
3,54,0.7974972014472493,2.004195940897549,3.123901423187735,0.5599454045295715,0.1024489477276802,0.3342640995979309
4,61,0.8653833552045703,1.2007050562334944,0.9154792097421752,0.010011127218604088,0.001237292541190982,0.9887505173683168
5,82,0.7526614890139959,1.3932254876326768,1.7988774639352016,0.8020336031913757,0.09707356244325638,0.09873833507299423
6,89,1.0715067065921564,2.467977162633856,5.7245976122456685,0.3513478934764862,0.1344609558582306,0.5138278603553772
