,event id,width,length,azwidth,p_spot,p_track,p_worm
0,33,1.324616646727384,2.444870983802744,2.63366545099885,0.0016528830165043473,0.0017067487351596355,0.9966354966163636
1,34,0.979997836711265,1.558575109974467,1.3195057596351532,0.9877752065658568,0.002922848565503955,0.008584181778132915
2,50,0.8812072635967815,0.951652780124745,0.8058491841239853,0.999896764755249,2.414825758023653e-05,7.82545394031331e-05
3,51,0.6630897838545443,1.4584562389594984,2.0399810892995114,0.6046147346496582,0.27449533343315125,0.118010476231575
4,62,1.1229192717364334,1.2139193832525992,1.2835803128323822,0.9999624490737916,5.355703251552768e-06,2.2138328859000467e-05
5,85,1.143320600808195,1.3402746690105238,1.7608097366520283,0.9999507665634156,8.831508239381947e-06,3.3121523301815614e-05
6,93,0.5729586742811458,1.1294313686254298,0.6389404010884709,0.9337849020957948,0.04599938914179802,0.0195405837148428
