,event id,width,length,azwidth,p_spot,p_track,p_worm
0,38,0.9294995582064142,5.422846562463677,2.89129998349362,0.005887356586754322,0.011068843305110931,0.9830385446548462
