,event id,width,length,azwidth,p_spot,p_track,p_worm
0,99,0.5828485528983698,1.9926071767286675,3.9144327567622654,-1,-1,-1
