,event id,width,length,azwidth,p_spot,p_track,p_worm
0,95,0.6660287360172757,4.435783322695066,0.6021843061526864,0.00013567366113420576,0.9077212810516356,0.09177076071500777
