,event id,width,length,azwidth,p_spot,p_track,p_worm
0,27,0.4295467659083701,8.079595128475528,5.093986128989287,3.1984891393221915e-05,0.971718728542328,0.02824806049466133
1,40,0.32975136739328675,5.405568888216045,14.238409848819206,0.0009972612606361508,0.9461697936058044,0.052715279161930084
2,89,0.5516082777699776,3.4886415460698914,3.8049998468047086,0.0002084338193526492,0.965048849582672,0.033190753310918815
