,event id,width,length,azwidth,p_spot,p_track,p_worm
0,84,0.6526709211893125,3.923986405042544,0.4260979059060084,0.0007349395309574902,0.6857142448425293,0.3132857382297516
