,event id,width,length,azwidth,p_spot,p_track,p_worm
0,18,0.4545221166799984,0.7089625361348056,0.3140690889316255,1.0,5.0468518253410366e-08,3.938026083005752e-08
1,43,0.9142864395881922,1.4410486826010842,0.8981390664230952,0.9986095428466796,0.000230025514611043,0.0011217333376407623
2,55,0.8452184738837325,1.8833769840805417,0.9496611920256932,0.9999996423721312,1.9706767773186587e-07,1.2395450710300793e-07
3,73,1.1399008317258568,1.562985805130478,2.3834764972462468,0.22115422785282127,0.06680253893136978,0.7111508846282959
4,77,0.4467958993493094,0.7074779358678259,0.3844153508950773,0.9997438788414,3.442973320488818e-05,0.0001330425584455952
5,81,0.7949888959824675,1.6290019928664972,1.5964486816805985,1.0,3.4454437525255344e-08,3.123159686424516e-08
