,event id,width,length,azwidth,p_spot,p_track,p_worm
0,5,6.67481732079077,480.3120565828888,228074.09040294282,0.00014946714509278536,0.8386523127555847,0.1610984206199646
1,30,0.6847160701537657,4.119887755088662,7.288526241736842,0.0027237641625106326,0.09255188703536987,0.9044240117073059
2,78,4.7238765361068715,222.88169688962228,45686.032419680436,0.3549652397632599,0.11825118958950046,0.5267628431320189
3,81,0.4506238596685687,473.6487887818362,113926.1760985447,0.946491539478302,0.020278396084904667,0.018761131912469864
