,event id,width,length,azwidth,p_spot,p_track,p_worm
0,5,0.3178789711781997,12.613570365896456,20.651682150624765,8.692676055943592e-05,0.9873126149177552,0.012516039423644544
1,68,0.3904265462127979,8.830664407744193,55.37530436156901,0.12614499032497406,0.7613913416862488,0.10991369932889936
2,89,0.5422126886517461,4.94967531620751,4.977360813442254,0.0002091763162752613,0.8738264441490173,0.12563678622245789
3,100,0.4420531820515832,1.3685267606900064,1.1870046729678314,-1.0,-1.0,-1.0
