,event id,width,length,azwidth,p_spot,p_track,p_worm
0,64,2.164044265929299,298.9187559990842,59.32303322925732,0.040208276361227036,0.450533390045166,0.5087714195251465
1,73,0.496199536587752,1.714229133526356,1.573506250035866,0.008626597002148628,0.85411137342453,0.13599102199077606
