,event id,width,length,azwidth,p_spot,p_track,p_worm
0,25,0.6422109107292983,1.1321204492691292,1.0617191311729006,0.9794138073921204,0.012598134577274324,0.007892615161836147
