,event id,width,length,azwidth,p_spot,p_track,p_worm
0,19,4.56957762118728,262.93351114130286,42143.338859409785,0.001271339482627809,0.7909318804740906,0.2064168006181717
