,event id,width,length,azwidth,p_spot,p_track,p_worm
0,18,0.7938399267491909,4.280761667218681,7.572118403400494,0.9876970648765564,0.009521095082163807,0.0027538798749446873
1,88,1.0823888768086394,1.87022134759356,2.2425216313306957,0.9957643747329712,0.0005042379489168526,0.003667179495096207
