,event id,width,length,azwidth,p_spot,p_track,p_worm
0,5,1.0189617165030191,2.301749762505659,2.4922525668164552,0.2739172577857971,0.16135480999946594,0.5642052292823792
1,23,0.8397868956332262,1.5286464506227424,2.170694703355643,0.7676406502723694,0.04566728696227074,0.18584704399108887
2,53,1.0186694157696954,2.0742745485886784,4.1963899232161515,0.596699595451355,0.16872619092464447,0.17502273619174954
3,62,0.42546080935683017,0.5300485591635331,0.22549032152959644,0.8051998019218445,0.0771852359175682,0.11649343371391295
4,85,1.0387327414114211,1.5178918332291509,1.7706564019020004,0.9999959468841552,2.062286739601404e-06,1.999681444431189e-06
5,91,0.928879986004762,2.6047363173816125,6.593214382275421,1.0,4.290214405955339e-08,3.297003203783788e-08
