,event id,width,length,azwidth,p_spot,p_track,p_worm
0,57,0.4354269592452854,6.036337290626823,7.992549959594822,8.59377848883014e-08,0.99589204788208,0.0041069164872169495
