,event id,width,length,azwidth,p_spot,p_track,p_worm
0,47,1.065587021300706,64.0884262007805,422.94248966513845,0.0031500081531703468,0.4444685876369476,0.552249550819397
1,57,0.8717683852751484,2.034342993401294,4.1297491642801765,0.9340537786483764,0.01867217756807804,0.04693103954195976
2,62,0.7199369001819977,22.179642578035264,330.254454110969,0.01572103053331375,0.059456918388605125,0.9247353076934814
