,event id,width,length,azwidth,p_spot,p_track,p_worm
0,62,0.5514725391584063,3.3583084230054983,2.652628127152453,3.679871224449016e-05,0.8432979583740234,0.15664547681808472
