,event id,width,length,azwidth,p_spot,p_track,p_worm
0,55,0.4058009087440552,12.917917460799096,35.06245032334046,0.00010779840522445738,0.9895752668380736,0.009609452448785305
1,60,0.6514316693803698,19.67252511340423,258.67322222157736,3.2577005185885355e-05,0.9788059592247008,0.0211032684892416
