,event id,width,length,azwidth,p_spot,p_track,p_worm
0,1,0.6474651071907572,13.581507949482036,0.8932624926951945,9.591865818947554e-05,0.7166028618812561,0.2832475304603577
1,3,0.3794178646616747,16.9828095065877,1.936624215533772,0.08692135661840439,0.8277908563613892,0.08110279589891434
2,25,0.584420051811771,12.21798551679636,25.2561219433032,8.669176736475492e-07,0.9887896776199341,0.011196464300155641
