,event id,width,length,azwidth,p_spot,p_track,p_worm
0,46,0.4422908095537084,35.547195266566135,282.9080628945751,0.00028272750205360364,0.9947260022163392,0.0049848053604364395
