,event id,width,length,azwidth,p_spot,p_track,p_worm
0,14,0.6367333623910065,2.3295631007863813,1.0296665867289971,0.01926647685468197,0.8800687193870544,0.1002427265048027
