,event id,width,length,azwidth,p_spot,p_track,p_worm
0,97,0.6936557207147415,1.451679754711037,0.4995814412177258,0.686606228351593,0.1745808869600296,0.1373126059770584
