,event id,width,length,azwidth,p_spot,p_track,p_worm
0,80,0.5561611061891407,17.657979925718312,0.4979350399783578,1.7561436834512282e-05,0.9924365878105164,0.00754442298784852
