,event id,width,length,azwidth,p_spot,p_track,p_worm
0,30,0.4479973844308142,3.0843607690375903,2.1051199711346333,0.013517032377421856,0.1129911243915558,0.8730515837669373
