,event id,width,length,azwidth,p_spot,p_track,p_worm
0,4,0.6469109663398042,0.7362754963947792,0.4252842445663939,1.0,3.0022473396229537e-08,2.9959036140780875e-08
