,event id,width,length,azwidth,p_spot,p_track,p_worm
0,28,0.6258245605631967,0.9888151788224301,0.6515747088284768,0.9999988079071044,3.5167821010873013e-07,8.811971952127352e-07
