,event id,width,length,azwidth,p_spot,p_track,p_worm
0,53,0.3890476629366091,32.111297924569485,29.655223199055854,5.659983415284841e-08,0.9994831085205078,0.0005156755214557052
1,60,0.6856278205528302,4.830827035731178,0.4705218150789586,0.43275636434555054,0.19161012768745425,0.3394392132759094
