,event id,width,length,azwidth,p_spot,p_track,p_worm
0,16,0.7660724841222009,10.851643389414015,117.38309829101112,0.10004818439483644,0.08354915678501129,0.8156472444534302
1,50,0.9208785854037994,4.007693843025258,15.6814637294162,0.007893203757703304,0.006318701431155205,0.9857848286628724
2,71,0.6825175215167403,4.3285063129684085,0.6710773108672368,0.00029289661324583,0.8114240169525146,0.1881597936153412
3,95,0.4182702549325148,3.0282658918169414,6.246930603012768,6.960589962545782e-05,0.8791327476501465,0.12075832486152648
