,event id,width,length,azwidth,p_spot,p_track,p_worm
0,41,1.8846712129863985,912.9860865471652,239901.70116841106,0.016255469992756844,0.8282600641250609,0.14752079546451569
1,69,0.4272261331667505,5.437991952452512,28.65880306415195,-1.0,-1.0,-1.0
