,event id,width,length,azwidth,p_spot,p_track,p_worm
0,9,0.6903217497029847,4.137646950542074,0.4765777683204795,2.6665959467209177e-06,0.9929983615875244,0.0069669377990067005
1,38,0.3758550700013527,4.267258667268616,1.7445155812531832,0.00010693564399844036,0.9825009703636168,0.017359321936964992
2,77,2.6803951993976427,430.12337561297926,127882.37222409649,0.0001470513961976394,0.9539324045181274,0.045800238847732544
