,event id,width,length,azwidth,p_spot,p_track,p_worm
0,47,1.1250750890222505,3.6641636683618986,7.308507246887528,0.008142020553350449,0.008723433129489422,0.9831337928771972
