,event id,width,length,azwidth,p_spot,p_track,p_worm
0,17,0.7451493845410592,1.6358070687786384,2.205195965201368,0.7124373912811279,0.1373615562915802,0.1485014259815216
1,30,1.044069404498323,1.6180933746353248,2.0480675264242616,0.9981942772865297,0.0002759160997811705,0.0014603207819163801
2,34,1.0360553153237986,1.904749680099069,2.0230245288988056,0.8863451480865479,0.005712276324629785,0.10784056782722473
3,83,0.6595448496432013,1.7638617072204914,1.255750074350291,0.35427746176719666,0.08992912620306015,0.5546139478683472
4,86,0.6392937385833479,1.222075006201556,1.0679522552372942,0.8479838371276855,0.059834398329257965,0.09102865308523178
