,event id,width,length,azwidth,p_spot,p_track,p_worm
0,57,0.3310706919316857,23.03485159756036,4.7372298302917235,1.6525131286471147e-05,0.9963117241859436,0.0036258772015571603
1,63,0.5910551825663176,16.391918451520347,152.8914901340981,0.0002954603405669332,0.9738399982452391,0.0258247721940279
