,event id,width,length,azwidth,p_spot,p_track,p_worm
0,47,0.42003816047276094,33.044145248180044,230.5956519596944,-1,-1,-1
