,event id,width,length,azwidth,p_spot,p_track,p_worm
0,11,0.7407361326725441,1.511018504890115,1.034667391209486,0.036417730152606964,0.2016209065914154,0.7609449028968811
1,20,1.068160584567534,45.66733134461614,961.9505845356648,0.15083986520767212,0.6207200288772583,0.2274970859289169
2,40,5.096739535872737,331.2535090460556,35248.9052261571,0.000916433345992118,0.3778570890426636,0.6208916902542114
3,45,0.4710344767186375,9.904490051182533,64.41478877139507,0.325937420129776,0.480337381362915,0.1922558397054672
4,68,0.285496467012367,6.846515047345798,19.70828676868486,0.008301274850964544,0.7733943462371826,0.08482452481985092
5,89,8.875006443755534,530.0046704707244,82501.47520990613,3.882417149725371e-05,0.9415485262870787,0.058324862271547324
