,event id,width,length,azwidth,p_spot,p_track,p_worm
0,26,0.472844716318857,10.263454035705657,4.1741944899837025,0.007022794336080551,0.4382700622081757,0.13940119743347168
