,event id,width,length,azwidth,p_spot,p_track,p_worm
0,12,0.6165209513593987,12.06646266273864,6.103350985348897,0.0040776561945676795,0.9393674731254578,0.05445379763841629
1,44,115.792942462189,238.49867936139808,50844.17761762333,3.922946416423656e-05,0.9042827486991882,0.09522770345211028
