,event id,width,length,azwidth,p_spot,p_track,p_worm
0,48,0.4726291936380753,25.816672784236268,92.40514332254592,0.3518933653831482,0.4853487014770508,0.16122418642044067
1,52,4.811364979944332,65.88745045704307,2178.2389782229675,0.9999831914901732,4.562928097584519e-06,1.228783730766736e-05
