,event id,width,length,azwidth,p_spot,p_track,p_worm
0,63,1.039967431838515,1.0989142181277904,1.1449816402008215,0.999935507774353,1.0312021004210692e-05,4.683318911702372e-05
