,event id,width,length,azwidth,p_spot,p_track,p_worm
0,23,3.5448584865710084,1105.7645703648757,432684.8056352965,7.455181912519038e-05,0.9407550096511841,0.05896013602614403
1,89,0.30335327829598124,6.886772884469075,12.66406795548812,0.0014750573318451645,0.900692343711853,0.09731000661849976
