,event id,width,length,azwidth,p_spot,p_track,p_worm
0,45,0.5176865047985578,7.249502974250082,21.02153148252013,0.07422507554292679,0.4780036807060242,0.3484422564506531
1,51,11.841949081027813,820.7163281478752,672817.3095704579,0.00010955278412438928,0.8183166384696959,0.1815486550331116
2,80,2.9397642980071503,96.11943780662523,7593.569034340996,0.0013044804800301788,0.9371551871299744,0.04830005392432213
