,event id,width,length,azwidth,p_spot,p_track,p_worm
0,40,1.3343380097125268,2.3930470263221086,2.072130943473328,0.11381133645772935,0.03222419321537018,0.8537941575050354
