,event id,width,length,azwidth,p_spot,p_track,p_worm
0,26,0.3410810441981088,7.543387597828866,22.370651439147725,0.002194805536419153,0.9024510979652404,0.09324359893798828
