,event id,width,length,azwidth,p_spot,p_track,p_worm
0,18,0.9096642758569868,0.98171796417724,0.9138677000540252,0.9999996423721312,1.6074380937425306e-07,2.9356976938288426e-07
