,event id,width,length,azwidth,p_spot,p_track,p_worm
0,30,4.778180169738814,437.13281697253603,30779.840970642665,0.0010099556529894473,0.6134820580482483,0.3839336037635803
