,event id,width,length,azwidth,p_spot,p_track,p_worm
0,77,0.3155477535994972,6.604085557729475,0.10250418202606093,8.173799869837241e-06,0.9965831637382508,0.003406052244827152
