,event id,width,length,azwidth,p_spot,p_track,p_worm
0,15,0.3986293479324134,6.206250566456887,0.7567467716419476,0.0017418185016140342,0.9582894444465636,0.039933942258358
1,28,0.28544585827651525,1.0772189088660404,0.2938192882601209,0.008652667514979841,0.9268932342529296,0.06424122303724289
2,57,0.4813423237888893,232.55343089733486,2445.6950441883314,0.3178058564662933,0.61594158411026,0.06596148759126662
3,72,3.6412416140601653,73.64679150297201,5408.364855189937,0.0035782638005912304,0.4100834429264069,0.5845911502838135
4,79,1.976825435932134,178.6229872179649,27139.87929612749,0.01577253639698029,0.5895995497703552,0.3945339322090149
