,event id,width,length,azwidth,p_spot,p_track,p_worm
0,3,0.4251628223235372,3.5197845602020004,9.63290412090686,6.70294466544874e-05,0.9767499566078186,0.02291308715939521
1,79,2.2568677516554363,175.57507142983434,643.5701400740827,0.0009100312599912287,0.9761651754379272,0.022658100351691246
