,event id,width,length,azwidth,p_spot,p_track,p_worm
0,49,0.4883863251237528,10.472724902687936,49.12726956369831,-1.0,-1.0,-1.0
