,event id,width,length,azwidth,p_spot,p_track,p_worm
0,92,0.2419703851477952,3.738928438816275,0.0767912520590663,1.5174367035797333e-05,0.9904882907867432,0.009356782771646976
