,event id,width,length,azwidth,p_spot,p_track,p_worm
0,15,0.3829966708289501,5.673052677154653,3.7859692536896734,-1.0,-1.0,-1.0
1,34,0.4614744246678233,18.559721854971645,130.55451765197515,0.012476447038352493,0.582625150680542,0.4021649360656738
