,event id,width,length,azwidth,p_spot,p_track,p_worm
0,77,0.2412579050195103,8.26626651584697,26.05679380694325,5.088903890282381e-06,0.9940183162689208,0.005905124824494124
