,event id,width,length,azwidth,p_spot,p_track,p_worm
0,19,0.6488243374140071,0.9637711487113821,0.5655471876755237,0.9999992847442628,1.983824660101164e-07,4.6600925429629575e-07
