,event id,width,length,azwidth,p_spot,p_track,p_worm
0,85,0.9366475611094016,5.2351865858895845,15.50001238439418,0.000124761660117656,0.015954094007611275,0.9838326573371888
