,event id,width,length,azwidth,p_spot,p_track,p_worm
0,71,1.870330594536877,9.20565507862098,24.80597001047812,1.7072805391649126e-08,0.0006887012277729807,0.9993112087249756
1,100,0.6739006327741284,0.7963575506492062,0.615200443034046,0.9999880790710448,5.3156768444750915e-06,6.571726316906279e-06
