,event id,width,length,azwidth,p_spot,p_track,p_worm
0,72,4.487784624019337,10.688189954532165,114.14369703574327,1.3694209428649629e-06,0.0300019271671772,0.9699960350990297
