,event id,width,length,azwidth,p_spot,p_track,p_worm
0,41,0.7387822413141055,0.7498080850391479,0.5509816049704678,0.9999988079071044,5.634119020214712e-07,5.559978717428748e-07
