,event id,width,length,azwidth,p_spot,p_track,p_worm
0,67,6.378954065149891,16.986405284050573,223.30982023804646,0.00029638997511938214,0.02313205227255821,0.97652405500412
1,71,2.3932018620854554,13.956578298309744,95.43739729253763,7.709645188924696e-08,0.00010693452350096776,0.9998927116394044
