,event id,width,length,azwidth,p_spot,p_track,p_worm
0,85,4.428822768841643,23.392759866670016,81.46567927694491,5.248739853414008e-06,0.09738873690366744,0.902587354183197
