,event id,width,length,azwidth,p_spot,p_track,p_worm
0,17,0.8564669246883196,1.6017265262177292,1.4154502858519762,0.8215919137001038,0.06421910971403122,0.11219903826713562
