,event id,width,length,azwidth,p_spot,p_track,p_worm
0,84,0.5501716429110944,3.5912258703890143,1.0569957150306282,0.015140327624976637,0.07334939390420914,0.7302351593971252
