,event id,width,length,azwidth,p_spot,p_track,p_worm
0,98,1.7604664211299517,17.26727426599176,102.93472887523735,0.00011362560326233506,0.011456048116087914,0.9882948398590088
