,event id,width,length,azwidth,p_spot,p_track,p_worm
0,3,1.5671290940614648,12.739079279226846,135.14415239359604,6.588516754391094e-08,0.0014248235384002328,0.9985727071762084
1,60,5.3952254861009,24.29248982327848,583.9011457554915,0.026983048766851425,0.2508992850780487,0.7191516757011414
2,74,1.336187364512329,11.529035158633725,100.30919761829266,0.0012690299190580845,0.4614570438861847,0.5369049310684204
