,event id,width,length,azwidth,p_spot,p_track,p_worm
0,63,0.533727406500195,4.1668749907108165,1.3273648709249803,5.635208435705863e-05,0.9246031045913696,0.07513792812824249
