,event id,width,length,azwidth,p_spot,p_track,p_worm
0,2,3.4255008801394347,16.452716002537766,200.8003466104884,2.24786867875082e-06,0.0005931055638939142,0.9994045495986938
