,event id,width,length,azwidth,p_spot,p_track,p_worm
0,88,1.1591577795443704,2.368978186874718,5.601421261334977,0.9775848984718324,0.0031076930463314056,0.015073084272444246
