,event id,width,length,azwidth,p_spot,p_track,p_worm
0,79,1.7710492687117825,3.4693415984264773,3.191754892215481,0.0018706260016188023,0.016983730718493458,0.9811307191848756
1,89,4.216629210781995,19.89537458559472,171.04653357633993,1.1353326048388348e-12,2.2417336822400107e-06,0.9999977350234984
