,event id,width,length,azwidth,p_spot,p_track,p_worm
0,3,5.0437676077427644,29.385294995849023,413.01301506246097,0.00015758315566927195,0.013347700238227844,0.9864887595176696
