,event id,width,length,azwidth,p_spot,p_track,p_worm
0,85,1.0383712817276292,6.403377641222487,2.053432683260312,0.003967264201492071,0.12971027195453644,0.8660337328910828
