,event id,width,length,azwidth,p_spot,p_track,p_worm
0,23,0.981756652155993,1.00254281377197,0.9721058915199576,0.9999994039535522,1.584491968742441e-07,4.4914517616234656e-07
