,event id,width,length,azwidth,p_spot,p_track,p_worm
0,26,0.7269058256246469,44.51094390311509,1523.9736673434008,0.9999986886978148,5.478259481606076e-07,6.648625117122721e-07
