,event id,width,length,azwidth,p_spot,p_track,p_worm
0,4,0.5941900725450738,22.94738525965353,50.25330093931536,3.7315332974685593e-06,0.9960132837295532,0.003980093635618687
1,48,6.9632147498427,295.13577583562744,1907.1890168602008,0.00133833650033921,0.012204061262309551,0.9864393472671508
2,89,1.7727423825213833,765.2838936592456,181590.0741837963,2.4156333893188275e-06,0.9928207993507384,0.00717546883970499
