,event id,width,length,azwidth,p_spot,p_track,p_worm
0,1,0.7143675696600892,12.726241646157078,104.45863182223162,0.0016291768988594413,0.7824824452400208,0.2158316969871521
1,16,5.57134257486333,525.6708661411457,57.48460784673483,5.434487320599146e-06,0.9978166818618774,0.0021483066957443953
2,27,0.6723495897615442,20.564784244110545,1.1073099173838667,0.0005508638569153844,0.8946645259857178,0.10460051894187927
3,50,3.943470396804903,254.71693065237247,99.40692183679668,0.0005946169258095324,0.9000270962715149,0.09933271259069444
4,58,0.8229212138526572,8.090187026160438,6.2381807702870375,2.1884008674533106e-05,0.9552364945411682,0.04473983123898506
5,84,4.277625793098034,373.6100168885342,15477.37975330077,0.025561703369021416,0.9562755823135376,0.01779887266457081
