,event id,width,length,azwidth,p_spot,p_track,p_worm
0,13,2.999721580439265,671.9777604574922,148376.8148143026,0.8856772780418396,0.058223340660333626,0.056015431880950935
1,17,0.2748732241542313,14.76160371511825,11.55174854553746,0.02783637493848801,0.7015959620475769,0.24827980995178225
2,24,0.8363332605948492,52.05776813918565,685.572467359024,0.00011489330790936948,0.8771519660949707,0.12131811678409575
3,40,0.4804209276444567,17.42517790751421,77.79365188084077,0.029607195407152176,0.13584505021572113,0.8289958238601685
4,43,2.199111233775918,438.10866546370175,39997.71513144614,0.01332371961325407,0.7494564652442932,0.16941480338573456
5,55,0.37975760273025255,13.486845428669973,54.44709642886455,0.035817891359329224,0.7198247313499451,0.240884929895401
6,81,3.617228867728616,35.64576022598906,110.18480672968023,0.0007447197567671537,0.3802642226219177,0.6185551285743713
7,87,5.6096451237345,130.27056001662874,10688.021725448609,0.08950544893741608,0.4273273646831513,0.4733074009418488
