,event id,width,length,azwidth,p_spot,p_track,p_worm
0,76,0.7155343419281944,101.03127125285187,5065.932123941375,0.0002833112666849047,0.4382796585559845,0.5613524317741394
