,event id,width,length,azwidth,p_spot,p_track,p_worm
0,11,2.055919292895045,95.95766988727436,337.3167079693216,0.017686499282717705,0.9422300457954408,0.040017709136009216
1,39,1.6899575870230583,172.69070331873726,34.802178643774326,6.990153451624792e-06,0.9966903924942015,0.0032597309909760948
2,53,9.779096434404426,74.98463082010801,5611.0517396189625,0.00011533922224771233,0.9925204515457152,0.0066041024401783935
3,61,0.2936898931057818,8.271325220515251,0.1094234623610228,0.014317364431917669,0.8006181716918945,0.1656365841627121
4,64,2.0968333751428463,408.22417137137114,27674.359711848658,0.002735591260716319,0.9743114113807678,0.018752772361040115
5,72,13.398563053191655,196.40954467938667,28008.695062062558,1.006599995889701e-05,0.9958957433700562,0.004087409004569054
