,event id,width,length,azwidth,p_spot,p_track,p_worm
0,9,0.5951405548244979,29.961982271264702,542.6009330987139,0.015326209366321562,0.13173004984855652,0.8518654704093933
1,32,1.7877477894471967,119.46610411613155,4738.723264430922,0.00042705226223915815,0.9770235419273376,0.022211285308003426
2,59,13.96488766778217,28.192745179596344,223.41340241557515,0.00011087689927080648,0.888787567615509,0.1020445078611374
3,69,2.6198058055084474,7.524777410116219,36.65208037478518,0.0017668439541012047,0.02389536239206791,0.9743236303329468
4,70,0.5294611461737396,32.70676137392092,515.8871980406275,0.02740293368697166,0.3773936033248901,0.591446042060852
