,event id,width,length,azwidth,p_spot,p_track,p_worm
0,16,1.424650462494044,34.94583410929907,918.057978731734,0.00021745586127508432,0.015535091981291773,0.9842457175254822
1,52,1.4398817121966705,47.88114262367424,235.3859936225089,0.1236678808927536,0.17940059304237366,0.6967147588729858
