,event id,width,length,azwidth,p_spot,p_track,p_worm
0,47,0.6724082730858262,0.7831273777181835,0.6129735373305278,0.9999980926513672,8.567828331251803e-07,1.0325828725399333e-06
