,event id,width,length,azwidth,p_spot,p_track,p_worm
0,2,0.7552767668751812,29.639696146501354,218.20472729163674,0.9999996423721312,1.5377152351447876e-07,2.05016874588182e-07
