,event id,width,length,azwidth,p_spot,p_track,p_worm
0,41,5.262394988576821,36.37680038822838,1300.6779689884568,0.0003414822567719966,0.6842352151870728,0.3152817785739899
