,event id,width,length,azwidth,p_spot,p_track,p_worm
0,4,5.807854032388523,338.39863843100414,1570.7840489444231,0.013586501590907574,0.9534597992897034,0.032876856625080116
1,25,4.373580236236477,29.371402542673497,259.1704491076966,0.0002266884985147044,0.7856051921844482,0.21415330469608307
2,62,6.5533176865506935,48.089671819570476,1562.8679341719574,0.00034367101034149533,0.006044152658432722,0.9936109185218812
3,72,0.5981368385458956,15.07748017753654,11.567285174811945,1.624936999178317e-06,0.9985308647155762,0.001466883928515017
4,85,2.1713752825611694,836.2772432729233,18817.200331319083,4.6965578803792604e-06,0.8217409253120422,0.17822451889514926
