,event id,width,length,azwidth,p_spot,p_track,p_worm
0,17,4.010165514216503,118.61540692596857,9475.631353608045,9.327127918368204e-05,0.9855846762657166,0.013607112690806387
1,25,8.767509996103453,219.75987245893882,34099.112775573805,0.001847235020250082,0.9378206729888916,0.060037463903427124
2,47,51.3853649925289,257.20285599141016,33947.86946235577,0.01501814462244511,0.24817994236946106,0.7354005575180054
3,76,0.3763060154004321,6.732828628188728,2.5862276427612807,0.00011661124881356956,0.9905016422271729,0.008430860936641693
