,event id,width,length,azwidth,p_spot,p_track,p_worm
0,6,3.663707053465016,109.18833935195744,7460.445474816491,0.0009358385577797893,0.8911713957786559,0.09479669481515884
1,50,1.4937829197996746,117.12719278421949,3752.502019296856,0.00026832337607629597,0.4827500581741333,0.5167412161827087
2,52,1.8723788751780737,8.356509759277554,3.9669522830697366,2.61565983237233e-05,0.3426102101802826,0.6573624610900879
