,event id,width,length,azwidth,p_spot,p_track,p_worm
0,20,0.7675031881758492,55.931575437901685,467.94549089783317,0.00047594401985406886,0.9204660058021544,0.07753987610340117
