,event id,width,length,azwidth,p_spot,p_track,p_worm
0,39,1.6147285216362406,212.4710263461356,29145.817052508773,0.0017016809433698654,0.1292714923620224,0.8614690899848938
1,86,0.5094256368494259,3.2109273644859813,3.792238078970598,0.005496479570865631,0.5623024702072144,0.3991814851760864
2,88,1.5793389776634663,49.94730655569212,165.5883022043511,0.013498612679541113,0.6846912503242493,0.2032660990953445
3,97,4.444250828320889,171.02485101758325,28.95417445573013,0.0007292410009540617,0.8916997909545898,0.1064113974571228
