,event id,width,length,azwidth,p_spot,p_track,p_worm
0,20,9.545070898292254,43.42556277844192,1553.9278711785598,0.00011987053585471584,0.7747702598571777,0.22499053180217746
1,23,10.197338117317187,33.507005048975,1117.296638085221,0.0011625768383964894,0.9516475200653076,0.046932052820920944
2,65,1.8529739883772192,94.06900547924565,519.5130826498796,2.062447038042592e-06,0.9951491951942444,0.004841309506446122
3,67,0.5726993962608236,8.869716144018401,22.52012791152687,0.00014937209198251367,0.9692734479904176,0.03038412146270275
4,76,2.916999463081902,381.709215758996,325.6328752626053,5.307409810484387e-05,0.9125435948371888,0.08737347275018692
5,82,9.362842948613904,49.17101773554164,1605.4635327017431,1.881471121123468e-06,0.9973312616348268,0.0026435744948685174
6,96,7.724733438744272,182.777411371648,9650.660785986018,0.006929459515959024,0.4853458106517792,0.5050461292266846
7,98,3.764563055137344,15.919094302175493,104.99810815093443,0.0001625630829948932,0.003979128319770098,0.9958581328392028
