,event id,width,length,azwidth,p_spot,p_track,p_worm
0,76,6.580412234389818,48.821664514242585,2159.277815014153,1.9990137545278237e-08,0.9993675351142884,0.0006322439876385032
