,event id,width,length,azwidth,p_spot,p_track,p_worm
0,31,17.817525116437015,128.21653457711994,11042.511260724907,3.5404540540184826e-05,0.10401655733585358,0.8959242701530457
1,38,8.783586849561326,417.4158071731543,173601.64696793925,0.058011811226606376,0.861031174659729,0.0801682099699974
2,48,9.529098236283145,245.12272119300903,21410.670586559507,0.001860018237493932,0.9634968042373656,0.03433728963136673
3,64,0.6276105170717252,20.181256177195987,270.8847262580615,0.00159524311311543,0.961618185043335,0.035930030047893524
4,67,2.8970851244254177,238.56667144787036,41959.05077176904,0.0033813389018177986,0.916024923324585,0.07958793640136719
