,event id,width,length,azwidth,p_spot,p_track,p_worm
0,71,0.3670543286028547,73.0417299665539,43.74661861793177,0.013117936439812185,0.9295027256011964,0.042414288967847824
