,event id,width,length,azwidth,p_spot,p_track,p_worm
0,4,3.8729290350022696,484.1301786465653,284.7732296719225,0.017636621370911598,0.7559719681739807,0.17960016429424286
1,9,9.47307285386816,375.31697122411487,9688.785679166374,0.04794694110751152,0.2414712309837341,0.706843912601471
2,15,4.353245583801781,249.3884109543877,2597.529968374397,0.00023005667026154697,0.017014481127262115,0.9827272295951844
3,25,4.665603235144763,56.85968252750905,570.465002347733,0.02592368982732296,0.13257957994937894,0.8287901878356934
4,42,9.846311279983896,62.9602970854859,107.36730156786335,0.014503120444715025,0.16521455347537994,0.8117979168891907
5,61,3.7652138594267033,195.0382680302191,15030.374423315425,0.003197748446837068,0.2653656303882599,0.0697658360004425
6,71,0.890820262527272,378.7079087436596,58826.11794077703,0.00028687238227576023,0.05629586428403855,0.9433921575546264
