,event id,width,length,azwidth,p_spot,p_track,p_worm
0,17,0.491473549041084,30.088001583128115,15.232594125366502,0.0683351680636406,0.7957503199577332,0.1339542120695114
1,24,0.5744954392626156,29.224492337700447,3.878506969841547,0.016337761655449867,0.2883389890193939,0.687635064125061
2,38,5.1731635947148025,17.304973364252643,268.2220724025021,2.7452255746407417e-11,3.5266364193375917e-06,0.9999964237213136
3,43,0.4566857723065578,47.009127893904655,275.03181654791445,8.480022188450674e-06,0.9935433864593506,0.005537189077585936
4,50,2.7707979945061605,58.393187924154034,263.15860167836917,1.531221641926095e-05,0.0018394833896309137,0.9981451034545898
5,54,0.36116749926644587,22.373030998902678,193.2554084996053,0.0003768288588616997,0.8882114291191101,0.050992850214242935
6,64,1.343195969185761,29.399423666394664,293.73347447833,0.018519377335906032,0.2438734322786331,0.7352026104927063
