,event id,width,length,azwidth,p_spot,p_track,p_worm
0,47,2.2298195267067373,56.009412003833006,1810.6856741676127,0.008590859360992908,0.9335616827011108,0.057648394256830215
1,79,0.3317104840636904,9.806997980875174,6.7285997036496665,0.0004387149529065937,0.9706755280494692,0.028815031051635742
