,event id,width,length,azwidth,p_spot,p_track,p_worm
0,38,0.5222730478599948,4.541006993112108,8.105174229146316,6.734776434313972e-06,0.9653699398040771,0.03423865139484405
1,46,7.4916961206191806,118.8875570827466,14131.89525188077,0.3715918064117432,0.3963950276374817,0.2165100574493408
2,68,2.661492312066774,21.00010814698801,250.56309027674143,0.00020776642486453056,0.9651952981948853,0.033972132951021194
3,91,1.071334379481213,17.164852680321356,70.43248315899477,1.1627124877122695e-05,0.5199419856071472,0.4800444841384888
4,95,2.4966641611088667,42.07773687256292,14.070622180379665,0.0002135606337105856,0.9322766065597534,0.05800537392497063
