,event id,width,length,azwidth,p_spot,p_track,p_worm
0,11,5.05394116487025,138.60610370214516,306.9348363979965,0.024559902027249336,0.4203181266784668,0.5547765493392944
1,34,1.4771811944318027,222.67237182636688,548.7120868208608,0.001554056303575635,0.7702702879905701,0.22668895125389105
2,38,7.774362980979147,34.85682082630055,344.3638041463555,0.0003890444932039826,0.977660059928894,0.02154677361249924
3,61,3.8436225567811744,334.6468565040738,35421.27917285073,8.533609798178077e-05,0.988325834274292,0.010539322160184385
4,86,2.2049582276902715,215.6739013452399,22736.76722601845,0.010993198491632937,0.5978976488113403,0.3729082047939301
5,90,3.3769570479050617,151.37794955693442,8440.963269193493,0.0018182222265750168,0.5663910508155823,0.4304922819137573
6,94,0.5992578715751437,35.49522840993643,116.91700952207898,0.00015576506848447025,0.1915371268987656,0.808221161365509
