,event id,width,length,azwidth,p_spot,p_track,p_worm
0,27,1.632961133230981,468.82974871499397,78748.65068860954,0.31711983680725103,0.06626394391059875,0.6165350675582886
1,49,0.5208560672579691,3.2327788181630384,4.406953626006947,0.000788094534073025,0.9039449095726012,0.09453214704990387
2,51,17.640965520124237,186.8877072348557,4633.449239710462,4.805595381185413e-05,0.9868834614753724,0.013026084750890732
3,84,0.37895532699622697,13.885446927626985,59.62264102754642,0.0005748547264374793,0.9625551104545592,0.035893961787223816
