,event id,width,length,azwidth,p_spot,p_track,p_worm
0,59,2.3164116702715267,99.10141662544092,8530.484840028874,0.01455297227948904,0.5447893142700195,0.4395831823348999
1,68,2.65140308432262,32.635228789509156,941.8873886915907,8.321964742208365e-06,0.08800780028104782,0.9119835495948792
