,event id,width,length,azwidth,p_spot,p_track,p_worm
0,31,1.8118281388573951,110.82777373614435,630.5949852669157,0.0026216076221317053,0.9233707189559937,0.07168548554182053
1,51,5.337279990682601,39.7370502585895,365.57885778190354,0.04445404931902885,0.8392772674560547,0.1157364547252655
