,event id,width,length,azwidth,p_spot,p_track,p_worm
0,3,0.4071091738545535,33.08087539028695,19.45141300789244,6.050806405255571e-05,0.986240804195404,0.012903641909360886
1,9,0.471341374746005,40.489014842387576,539.6651329191225,1.6638706483718124e-06,0.9983649849891664,0.0016298458212986588
2,28,0.5573996185032982,30.566104289275245,3.701873640851884,0.006807877216488123,0.9351691007614136,0.057295981794595725
3,31,1.3509951104943487,438.308920710588,67321.9439215344,0.4482238590717316,0.3626804053783417,0.18851493299007416
4,46,4.643538847576597,537.2692443816522,11213.825086426144,6.141004269011321e-05,0.9905575513839722,0.009230787865817549
5,53,1.2298302503359155,331.701043077838,1341.6397724236126,0.0008588563068769872,0.8810634613037109,0.11801464855670928
