,event id,width,length,azwidth,p_spot,p_track,p_worm
0,13,0.4668546047176576,25.31738293908801,165.4171989520431,0.00010470753477420658,0.7048515081405641,0.2948014736175537
1,79,2.2058312068475767,63.35387827780542,2432.563894734776,0.0013874532887712119,0.7739365100860596,0.2225808948278427
