,event id,width,length,azwidth,p_spot,p_track,p_worm
0,41,3.0478862345703592,93.6397807717335,1431.780903825453,0.0004702053847722709,0.9727248549461364,0.02671568281948566
1,59,13.050895882914446,345.3761754428624,69914.98997868168,2.2935632841836195e-06,0.9967998266220092,0.0031741552520543337
2,61,0.4850966312675904,24.71171742835192,344.9502040631257,1.0496088179934303e-05,0.9974684715270996,0.0025092726573348045
