,event id,width,length,azwidth,p_spot,p_track,p_worm
0,10,2.8226943566603486,50.403747534776194,63.848718621504624,0.0188398975878954,0.015205096453428268,0.9659538865089417
1,62,1.0300403200587294,14.746999885961726,78.41356390333654,0.01274879090487957,0.7403068542480469,0.2441571950912476
