,event id,width,length,azwidth,p_spot,p_track,p_worm
0,20,1.4445643334494325,219.7463973072471,13082.23309241665,5.788300768472253e-06,0.9575683474540708,0.04238300770521164
1,21,0.41187522328459397,7.175419488689827,6.4368413547211025,5.4570631618844345e-05,0.9819324016571044,0.017499128356575966
2,29,7.025566608126985,101.62708572948273,4382.134120486208,4.9889800720848136e-05,0.9804431796073914,0.017251593992114067
3,49,6.255611055374622,76.12501265375624,4565.030135213991,0.013733986765146255,0.4101737439632416,0.5757984519004822
4,74,18.905056011815013,55.595346378041505,2966.540309385066,0.035289421677589417,0.5573526620864868,0.4058215320110321
5,93,8.437823027554852,157.5934351368276,22195.13145944161,3.22476371366065e-05,0.9686565995216372,0.0270882435142994
