,event id,width,length,azwidth,p_spot,p_track,p_worm
0,97,0.3618418529358929,4.920376667823777,1.6129635897702397,4.809042820852484e-06,0.9861162304878236,0.01380036398768425
