,event id,width,length,azwidth,p_spot,p_track,p_worm
0,68,2.598317368002416,20.643247205021122,337.25761129630257,0.0001363071787636727,0.8953526020050049,0.10398484766483307
