,event id,width,length,azwidth,p_spot,p_track,p_worm
0,8,0.5988157221421486,33.79871364323021,1012.9399001588617,0.02162829227745533,0.03900456055998802,0.9389124512672424
1,33,9.370014489873887,656.3820286602679,428656.30939871416,4.864965376327746e-05,0.9717269539833068,0.02809063158929348
2,37,0.35357261655687383,43.84159222404874,1686.460169115278,9.040686563821508e-05,0.9900546073913574,0.009608043357729912
3,40,2.801235978606352,562.9863297356887,230063.4162569057,7.808214286342263e-05,0.9765902161598206,0.02317642048001289
4,45,14.802837745727091,141.68221251098768,7771.427717264825,0.0072677466087043285,0.7140347361564636,0.27753904461860657
5,57,1.4725096057736609,218.41423817658568,33076.762981793014,0.002567484974861145,0.9453415274620056,0.05196869745850563
6,58,0.3655071954719421,25.264714018977127,139.62280364310556,7.069935963954777e-05,0.9821927547454834,0.017638998106122017
7,65,13.89838792042853,317.7489289416504,69784.34200344776,0.00020398161723278466,0.007858360186219215,0.9919357299804688
