,event id,width,length,azwidth,p_spot,p_track,p_worm
0,66,7.730774794912617,79.21233668750669,5816.76492463424,9.926163329510018e-05,0.9771975874900818,0.022438256070017808
1,81,4.140698929781811,349.8303639949234,80905.40112370628,0.026143336668610573,0.365602970123291,0.6080654859542847
2,91,1.5708762451436549,31.90310787786843,476.8670510280842,0.001501478487625718,0.7398057579994202,0.257131427526474
