,event id,width,length,azwidth,p_spot,p_track,p_worm
0,89,37.35519014844903,520.2671212901222,146047.21511570847,0.9999988079071044,5.522621790987614e-07,5.441343660095299e-07
