,event id,width,length,azwidth,p_spot,p_track,p_worm
0,6,29.53069541548728,330.33404492029064,70044.68664128661,0.033629413694143295,0.25308942794799805,0.7041725516319275
1,25,15.3089720126511,381.8925056942975,48703.27837874128,4.156884905737178e-12,6.007641331962077e-06,0.9999940395355223
2,52,0.4276208221205127,30.85216188617099,75.22976395302658,0.002092862967401743,0.8258824944496155,0.1546940803527832
3,73,3.7044349152334446,425.3352496887226,1314.9611891438713,0.003773296251893044,0.12597504258155826,0.8689696192741394
4,76,1.020065849059116,107.72980303101136,2545.008375077569,0.020087648183107376,0.1659374088048935,0.8129395842552185
5,80,0.5914996516827654,49.550866965580546,623.3918284992783,0.01928582601249218,0.5350903868675232,0.333412766456604
6,94,1.1481722781459716,35.44466475915206,480.7690964141783,0.16417279839515686,0.015346771106123924,0.8204312324523926
