,event id,width,length,azwidth,p_spot,p_track,p_worm
0,1,36.66386461462403,325.01339061901297,17844.409212113926,5.457251859297686e-07,0.9795224666595459,0.0204723346978426
1,5,26.323453262815004,461.49655616042014,46136.08402365121,0.001617701374925673,0.9635204076766968,0.034849900752305984
2,42,0.4596104716042934,37.174098670732825,57.22390277565078,0.009033276699483395,0.9043603539466858,0.08657416701316832
3,52,0.4204949739891054,36.50465098516785,32.48065111747213,0.0020478791557252407,0.8987480401992798,0.0987122729420662
4,59,5.7523992412658576,269.10972887732345,11142.643618227812,2.461068652337417e-05,0.9977391958236694,0.002234579296782613
5,72,5.585241847426034,275.44783272351657,16634.055985774467,0.001968616619706154,0.9663791656494141,0.031551048159599304
6,89,12.632668625803973,365.47524949312486,78627.73658900677,3.037800979655003e-06,0.9654412269592284,0.03455417975783348
7,91,0.5173280916141935,42.24856382545507,332.6988916498545,0.5297477841377258,0.24413636326789856,0.21444319188594813
8,97,0.395930157179048,38.71992460546919,22.098364912011448,0.005104018375277518,0.9503278732299804,0.03968335688114166
