,event id,width,length,azwidth,p_spot,p_track,p_worm
0,25,17.247817845504223,67.22029728482245,1958.2638619024044,0.005237550474703312,0.3787026107311249,0.615261435508728
1,56,0.3836118981815761,27.593884409005646,12.303250988204038,2.207808029197622e-05,0.98579204082489,0.013487993739545344
2,68,0.4190228155412184,13.307430409182519,0.2794230375225378,0.002733175177127123,0.3914208114147186,0.032843831926584244
3,69,0.8082421094253313,330.4353694957141,4245.477902740991,0.0015624318039044738,0.5004015564918518,0.4968154132366181
