,event id,width,length,azwidth,p_spot,p_track,p_worm
0,2,2.338431121334948,8.97307386024275,21.04736455436189,3.288573498139158e-05,0.008016454055905342,0.9897758960723876
1,25,1.1594407985278028,32.84919459122509,606.0790903441896,0.2584455907344818,0.13473965227603912,0.6039362549781799
