,event id,width,length,azwidth,p_spot,p_track,p_worm
0,16,37.8846919786029,121.5519038616757,10268.46674557135,0.015454260632395744,0.5610929727554321,0.41977399587631226
1,26,1.9205283099085604,358.78064289689917,70832.47477260767,0.0001499429636169225,0.9187954664230348,0.08011525869369507
2,28,0.8656228389903816,18.49002134094761,128.28946152610285,0.9949209094047546,0.00018622627248987558,0.004891369957476854
3,38,2.5579295235071213,137.895428821414,14113.31002702475,0.015760764479637146,0.0907772034406662,0.8888089060783386
4,40,1.3247295213698624,230.39155703288682,2615.9300468468023,0.035339828580617905,0.3703087568283081,0.11474724858999252
5,63,1.9927680563580323,130.40291277798073,436.70425107247115,0.024674754589796063,0.9239489436149596,0.04601385071873665
6,65,3.677407784960482,78.99199220741603,289.7189714867291,0.0008512780768796803,0.8969565629959106,0.10096587985754013
