,event id,width,length,azwidth,p_spot,p_track,p_worm
0,7,12.76836232528197,39.76298590250301,518.9268776480703,0.0002913506468757987,0.9586628675460817,0.015904687345027924
1,10,4.268410974612567,303.1652222888768,15514.667525869128,5.186362614040263e-05,0.9836770296096802,0.015956059098243713
2,14,2.16846183595127,124.72674711084801,3911.491583815458,0.015786034986376762,0.4784440100193024,0.5000843405723572
3,21,5.998092099722916,359.27216244919737,81083.38354055889,7.181918772403151e-05,0.9776898026466372,0.02220008708536625
4,31,3.170294672053544,173.2357102146336,104.27388892701602,0.00026824368978850543,0.9346027970314026,0.0641627237200737
5,44,0.2950129098843386,10.358702207112703,23.501980548813663,4.374107084004208e-05,0.9524953961372375,0.04695428162813186
6,62,0.6523704429401924,261.6384573792369,18356.861691037542,0.0008548643090762197,0.8374105095863342,0.15935128927230835
