,event id,width,length,azwidth,p_spot,p_track,p_worm
0,15,4.206197634920026,114.39799423628344,8237.235717334586,0.0014826098922640085,0.8811227679252625,0.11461180448532104
1,99,6.465695390292248,72.5798411290213,5245.103779601027,0.07464437186717987,0.6915698051452637,0.2332557588815689
