,event id,width,length,azwidth,p_spot,p_track,p_worm
0,95,1.6113249618063323,5.770410713030798,22.660087967468254,0.0024598066229373217,0.09284070879220964,0.9046837687492372
