,event id,width,length,azwidth,p_spot,p_track,p_worm
0,38,7.321416694667087,53.71626428115454,2606.9703388226603,3.0523628083756194e-05,0.9612883925437928,0.038652900606393814
1,58,3.99040629714562,12.331153657285087,27.262991113947027,1.5754654469901652e-08,0.0008501771953888237,0.999148964881897
2,85,0.4372788544711958,8.594627471122298,0.9057477483419938,0.00011801878281403333,0.9883142709732056,0.011532331816852093
3,87,1.5245835419119975,176.82445427948886,2287.4480685619933,1.612096639291849e-05,0.9959902167320251,0.003983038943260908
4,96,1.5040028464323438,24.75805026766931,21.598287024458447,0.0018594739958643913,0.0028043233323842287,0.9953356385231018
