,event id,width,length,azwidth,p_spot,p_track,p_worm
0,9,0.7425996588253804,34.1989770715286,788.2113063557667,0.999967098236084,1.3137894711690025e-05,1.9815941413980912e-05
