,event id,width,length,azwidth,p_spot,p_track,p_worm
0,16,1.317790155797634,73.61163985914114,4257.854540872966,0.0005886300350539386,0.9750959277153016,0.02320532687008381
1,18,4.157449720797269,63.14539478753835,513.2145846755706,0.00015864217130001634,0.9827666282653807,0.01644319668412209
2,25,4.923366437557153,174.2858872781467,3293.300097817691,0.0006602845969609916,0.9586424231529236,0.040417302399873734
3,33,0.4581647436115485,128.2856222723519,8031.275542300042,0.00019185442943125963,0.9824970364570618,0.017141785472631454
4,51,9.353749658842123,25.350537134762543,94.23475781005709,0.003367114579305053,0.9497877359390259,0.045640360563993454
5,86,5.504902056047827,66.32381174035854,201.73030237625923,0.014452937990427015,0.3493538498878479,0.6350635290145874
6,97,6.209942813507944,60.156978937004176,64.47173916210812,0.0019127560080960395,0.9667429924011228,0.030605817213654518
