,event id,width,length,azwidth,p_spot,p_track,p_worm
0,30,0.4380298038672552,15.35787474462932,95.45077134713146,1.8893168089562096e-05,0.9628145098686218,0.03682487830519676
