,event id,width,length,azwidth,p_spot,p_track,p_worm
0,38,3.9464156670824213,83.29767803735092,620.1320217031,2.2475767764262855e-05,0.9952284097671508,0.004731686785817146
1,62,0.3281268694777685,2.272651565328609,3.1008035191113894,0.09417366981506348,0.7538852691650391,0.14720776677131653
2,78,2.4403643649915017,90.7045121144508,7008.366529767455,4.8732981667853885e-05,0.9925755262374878,0.007339779287576675
3,86,2.0748414958361647,243.7350761832164,19262.369138551872,0.35822126269340515,0.03270330652594566,0.6090288162231445
