,event id,width,length,azwidth,p_spot,p_track,p_worm
0,1,1.568815387835314,67.4618449660579,1817.6066292185583,0.005325882695615293,0.05848123505711556,0.9361159205436708
1,21,4.0507646321987005,65.21960621007435,778.2802400646956,0.005115036386996508,0.7859299778938293,0.20859602093696594
