,event id,width,length,azwidth,p_spot,p_track,p_worm
0,48,3.3353563400922823,156.8760854172159,21695.512490076002,0.003614935092628002,0.1312939077615738,0.8647763133049011
1,60,1.5775856466599099,88.13789842564532,7629.6193939458435,0.012605945579707624,0.608443021774292,0.3556201159954071
