,event id,width,length,azwidth,p_spot,p_track,p_worm
0,67,11.27038942028326,63.90802930993976,2861.8423454239,4.015849481220357e-05,0.12490613758563995,0.8730013370513916
1,70,7.0878576422543205,101.07343288573016,9282.858098419352,0.005157563369721174,0.0950467512011528,0.02712916955351829
2,76,0.30693772084857096,492.95009549188035,69875.20891364099,0.0048180255107581615,0.7624586820602417,0.2193644791841507
