,event id,width,length,azwidth,p_spot,p_track,p_worm
0,47,3.7750200220807386,31.35777016967832,191.8665530222301,0.0003272708272561431,0.29553359746932983,0.7040087580680847
1,61,1.4061887452641295,7.351111818931629,31.868021462731967,1.93486539501464e-06,0.021921511739492416,0.9763683080673218
2,83,1.6040050052455586,26.991323279098392,365.9947313873194,0.003099880646914244,0.3857043981552124,0.6110985279083252
3,84,0.30048905390695124,9.292301243296924,10.871264143258927,0.007669751066714525,0.8441036343574524,0.14568530023097992
