,event id,width,length,azwidth,p_spot,p_track,p_worm
0,58,0.7688350106503765,6.676946173036512,11.166993047202306,0.4170366823673248,0.19496537744998926,0.3878971636295319
