,event id,width,length,azwidth,p_spot,p_track,p_worm
0,4,22.68758195327328,273.43238188587486,69565.34768633978,6.694453702493773e-08,0.9983497858047484,0.0016494629671797154
1,8,0.5940669896353707,24.245119160289175,342.08050256114865,2.718144241953269e-05,0.968743085861206,0.03121439553797245
2,18,4.466883641639101,15.118957922902839,69.68529615803348,1.961013367690612e-05,0.01339597813785076,0.9865812063217164
3,32,11.306526200591085,528.3001756992071,71527.54414525891,0.0008025617571547627,0.9490654468536376,0.05011759698390962
4,38,13.164898607204055,314.2588140300183,648.1051136739371,0.405049592256546,0.13699351251125336,0.4575252830982208
5,65,1.634060801747384,670.9323808323606,34192.491984147026,1.3159578884369694e-06,0.9935372471809388,0.0063506560400128365
6,81,0.5343070993714856,25.67843776310757,2.3247429607248837,5.878045499230211e-07,0.9978269934654236,0.002171251457184553
