,event id,width,length,azwidth,p_spot,p_track,p_worm
0,1,13.339581696336534,149.01027541641227,12707.681401471184,1.7462365576648153e-05,0.9080380201339722,0.0915495902299881
1,35,8.182475858455367,308.8491892200784,13211.711619934224,0.04674864187836647,0.7641902565956116,0.18849730491638186
2,48,4.255181315199517,68.13955144448754,1942.251918537366,0.09882458299398422,0.13221882283687592,0.02621204033493996
3,63,6.411055718384992,51.002601372167426,509.3758495861625,0.06780656427145004,0.5895175933837891,0.330238401889801
4,99,3.346063310744517,317.48688226999815,90708.6866141473,0.0001881395292002708,0.9108469486236572,0.08850397169589996
