,event id,width,length,azwidth,p_spot,p_track,p_worm
0,33,7.175443829785769,23.25788125528749,539.9561303037018,0.00010777320130728184,0.8762710690498352,0.12353430688381195
1,83,1.9570832442116024,338.07707939837394,111395.34158191671,0.11207965016365053,0.7247703671455383,0.15768387913703918
