,event id,width,length,azwidth,p_spot,p_track,p_worm
0,24,2.157918643220975e-05,0.4837283618504301,0.08647700108718441,1.0,1.3670044651803437e-08,1.2275410909978746e-08
1,37,10.761580684661483,38.72949311922609,1092.4291244725566,3.882398118548736e-07,0.9970021843910216,0.002996130846440792
2,40,2.303329486190583,22.769947455949463,16.063810289914365,0.07391367852687836,0.7546688318252563,0.1700270175933838
3,90,0.2625934219875313,10.813028443283406,35.315322158474714,0.009465701878070831,0.8743289113044739,0.1103917732834816
4,98,0.31209070839093045,4.963281267634781,1.5023560243132057,0.0001183254498755559,0.9942968487739564,0.005555836949497461
