,event id,width,length,azwidth,p_spot,p_track,p_worm
0,18,0.4147487608495496,26.161323213089585,83.23683614377299,0.1719529926776886,0.2686222791671753,0.3905625641345978
1,34,0.6679082263521957,17.84652513548215,21.243317306556367,0.003053140826523304,0.1893417537212372,0.8072858452796936
2,72,8.722158792364214,128.46836012517468,2170.987516927752,0.0003244951949454844,0.8918127417564392,0.10654323548078536
3,84,2.0121106557066293,794.0620234007066,4302.371734357451,-1.0,-1.0,-1.0
4,86,0.27120794516520336,16.125135766891994,97.0128110316566,0.008007629774510859,0.952091634273529,0.03085973672568798
5,97,0.4454897613313201,26.169947820428014,141.24064017990256,0.32265505194664,0.05515735596418381,0.4739328622817993
