,event id,width,length,azwidth,p_spot,p_track,p_worm
0,3,4.44752843766571,67.6474140393096,2524.4538865782847,0.0071333288215100765,0.8941552639007568,0.09841185063123704
1,12,124.52418874854612,277.7789906151906,32698.39915120499,0.0011987778125330804,0.5122573971748352,0.486255407333374
2,45,3.991743022848328,28.81213662299084,756.0874869638917,2.636914905451704e-05,0.9729182124137878,0.026981260627508163
