,event id,width,length,azwidth,p_spot,p_track,p_worm
0,91,0.19271617250958364,2.4729216841297594,2.723141547339264,0.0015233124140650036,0.9670374393463136,0.02792169526219368
