,event id,width,length,azwidth,p_spot,p_track,p_worm
0,31,1.4723237431833045,21.601383352034297,55.70275506074131,0.00015085746417753398,0.951123297214508,0.03936165198683739
