,event id,width,length,azwidth,p_spot,p_track,p_worm
0,10,1.8957093529108355,429.7425167433368,131358.06538237305,0.026297502219676968,0.6708295345306396,0.12563695013523102
1,16,1.5538687606534642,6.473937843592576,4.731221954527827,0.006116477306932211,0.8314764499664307,0.1579318642616272
2,18,0.39378852981947976,4.9685539419685005,4.454070427055624,0.005576967261731625,0.9273452162742616,0.06274064630270004
3,60,0.7606446516872359,102.0162482417432,8027.47796690004,0.009635669179260727,0.075435571372509,0.9140743017196656
4,82,5.89429775213505,12.000640727118359,35.91930144286644,0.014518688432872297,0.17248794436454773,0.6013274192810059
5,89,4.204534363351339,234.4561440996333,256.0657735166982,0.14121559262275696,0.03199842572212218,0.826726496219635
6,97,33.452470929585424,93.86310511399759,8092.935855202953,0.9971349239349364,0.0008120398269966245,0.0019976093899458647
