,event id,width,length,azwidth,p_spot,p_track,p_worm
0,45,1.6869413467507293,168.05044334150637,27219.947691175785,9.461178706260398e-05,0.9694499969482422,0.02984970062971115
1,64,0.8723202022714514,9.560757084904742,23.637519012388392,7.194629142759368e-05,0.5932788252830505,0.4044378995895386
2,68,3.5184747437917023,39.79768694607867,1502.280791006815,4.485973840928637e-05,0.8742939233779907,0.1255725771188736
