,event id,width,length,azwidth,p_spot,p_track,p_worm
0,37,0.36226388323638903,261.5959037010226,9186.872224382576,4.441584678716026e-06,0.9959853291511536,0.00391642889007926
1,39,0.2953361431931168,12.824008518106725,2.7416955231762623,0.0002105141757056117,0.3382455110549927,0.01628076285123825
2,56,7.159825219601152,28.547608360257808,311.9935293819591,6.605187650166043e-07,0.003555756993591785,0.9964391589164734
3,67,10.68580476550819,332.5428695881038,88131.71781937992,3.528210754666361e-06,0.9520126581192015,0.04796648770570755
4,84,5.036783489613987,238.5008912539367,301.51594880986437,4.1619114199420437e-07,0.9986451268196106,0.00131369533482939
