,event id,width,length,azwidth,p_spot,p_track,p_worm
0,3,0.5516230051549984,53.498439493102,35.08292312163368,5.982889706501737e-05,0.9881122708320618,0.011791355907917023
1,9,0.3488701693785056,19.45110736734601,93.96814520641534,0.0012200138298794627,0.5205208659172058,0.4781456291675568
2,34,0.5923583398408395,34.117592376348966,748.3330308483665,0.0010973247699439526,0.9335817098617554,0.0649988055229187
3,61,12.199276052923205,747.6664685424123,20910.28312440728,0.003013434819877148,0.8999896049499512,0.09597352892160416
4,91,230.71805945762748,839.7493156267101,162083.64101929608,0.011316504329442978,0.8589866161346436,0.129630908370018
