,event id,width,length,azwidth,p_spot,p_track,p_worm
0,9,2.2534157282435516,63.555994077784604,568.3942011304298,6.26555411145091e-05,0.940815269947052,0.05905305594205856
1,33,0.4519499670257652,7.979136051521714,21.639797410401396,0.0015515444101765752,0.7638499736785889,0.2344992160797119
2,46,1.6459009021319124,6.2480833020750355,28.86986947309571,3.219775805973768e-07,0.008841930888593197,0.9911549091339112
