,event id,width,length,azwidth,p_spot,p_track,p_worm
0,6,0.4295860357936221,12.044376527865515,0.5531833932882446,0.010576732456684113,0.8416301608085632,0.14750225841999054
1,25,5.775182304921724,42.34531546619717,319.90265918811315,4.535908374236897e-06,0.6319363713264465,0.3680544793605805
2,39,11.28935090950598,112.1852787219418,11267.409073712915,0.0002794144966173917,0.9786545634269714,0.02096349373459816
3,74,0.7309829018550411,14.686453316729644,0.8617302110299453,0.7158281207084656,0.14667396247386932,0.13706427812576294
4,75,9.341542842801134,57.78592774668842,1585.8895928651943,4.821770360763367e-08,0.9997389912605286,0.00026024700491689146
5,94,9.95940874819966,127.88979119901884,6460.60192506253,0.13300912082195282,0.13537819683551788,0.7315937280654907
