,event id,width,length,azwidth,p_spot,p_track,p_worm
0,4,20.948085926631826,388.6816746596212,93716.24479590108,2.8550242859637365e-05,0.9820434451103208,0.01792527735233307
1,29,0.297626240980209,23.142492027368068,19.458625070335806,5.245966895017773e-05,0.9949905276298524,0.004950582981109619
2,35,1.2045107499084708,211.80285664393628,598.6474752467477,0.00017554443911649287,0.9650154113769532,0.0347328744828701
3,39,3.076765484832835,757.0085128996484,239.8203460673186,0.04331420361995697,0.3232663869857788,0.6333783864974976
4,48,25.18310646407989,383.9479343308265,30120.155495637668,1.2375586493362793e-06,0.9989852309226992,0.0010133683681488037
5,49,13.704107219201354,173.48335241192413,10448.595936726551,0.07048632949590683,0.9083300828933716,0.020272869616746902
6,54,0.5122653908906563,15.68393448790174,3.440959323981709,1.0788212421175556e-05,0.9971897006034852,0.002789244055747986
7,75,0.5794822628466019,25.92670330170959,21.198931154464667,0.0007152727921493351,0.9740563035011292,0.024554964154958725
8,87,10.98184399519717,207.94987801431125,20367.271799075643,1.9046217857976444e-05,0.9842512607574464,0.015725934877991676
