,event id,width,length,azwidth,p_spot,p_track,p_worm
0,28,1.2738989593407204,683.2058405662708,70829.86782069299,0.019080528989434242,0.1220831647515297,0.8586459159851074
1,30,6.878396935417372,284.71399346754424,3848.557239905379,0.005387883167713881,0.442725270986557,0.5518050193786621
2,41,0.6208972000850919,11.820315972351954,56.919621868278895,0.00012989770038984716,0.9288409948349,0.07094768434762955
3,56,1.0164873186598604,310.64722333060575,14623.120807531292,1.0100332474394237e-05,0.9829755425453186,0.01699257269501686
4,66,0.40006352371494697,5.705268394942907,9.738772595228808,5.813808002130827e-06,0.9904351234436036,0.00953806471079588
