,event id,width,length,azwidth,p_spot,p_track,p_worm
0,25,2.916647643708632,321.05507845920084,80527.40993987961,0.00032353567075915635,0.9732803702354432,0.02582606486976147
1,47,4.469928272527407,222.9710480291196,22905.989443390117,0.003689432982355356,0.9044644236564636,0.08734279125928879
2,62,0.3760440019840128,18.26932404127411,215.8262864430209,0.001105015748180449,0.9244652390480042,0.07064573466777803
