,event id,width,length,azwidth,p_spot,p_track,p_worm
0,68,0.29675369691881964,25.393188548632175,417.8489993522396,0.0006517742294818162,0.18513508141040802,0.017620241269469258
1,84,8.889665057729474,273.91342863124754,12182.428018944785,0.90927654504776,0.006754636764526367,0.08176912367343903
2,87,0.3787053702244605,34.149039625748145,782.6702651151382,0.3502326011657715,0.5353992581367493,0.10222668200731276
3,96,0.514879990933564,41.27515129987813,263.78190476490875,1.8778260937324376e-06,0.0008247619261965157,0.9991729855537416
