,event id,width,length,azwidth,p_spot,p_track,p_worm
0,44,0.6341766428019113,22.234369014659734,189.7936690619889,0.00038318010047078127,0.8788702487945557,0.11975102871656418
1,46,0.8447122110474165,185.3969721841335,11395.721562210709,4.136191273573786e-05,0.9922170639038086,0.007678396068513393
2,49,1.1575386098808131,172.83664473696322,18503.01996475013,0.00011010273010469973,0.9114763736724854,0.08756881952285768
3,55,1.0910979734755109,169.79565859559168,10138.16337527511,4.560744855552912e-05,0.9874066710472108,0.0124948276206851
4,81,5.558660766401486,112.75839124478195,1166.7225259511567,2.531869991440061e-10,1.3275690662339912e-06,0.9999986886978148
5,91,2.0761144648385383,122.56872155686831,73.43659688688383,1.418192641722271e-05,0.996094286441803,0.00388219952583313
