,event id,width,length,azwidth,p_spot,p_track,p_worm
0,76,0.7317798778863276,16.261173744715812,6.24391825501796,0.999990701675415,1.659816803112335e-06,7.579223165521397e-06
