,event id,width,length,azwidth,p_spot,p_track,p_worm
0,61,0.546185198036396,9.683833252286108,15.460227808410725,0.12547437846660614,0.6194842457771301,0.2504282295703888
1,87,13.649989134181249,520.1961954341991,28624.766677710395,0.007504475768655538,0.4353427290916443,0.5132006406784058
2,93,1.5278649840311616,92.38073427546192,2207.0073223571617,0.008510859683156012,0.01896190643310547,0.9725140929222108
