,event id,width,length,azwidth,p_spot,p_track,p_worm
0,19,0.35536746451122825,30.14380192150284,79.73367242000451,0.001156437210738659,0.9230003952980042,0.0752817764878273
1,22,3.21708098522502,240.48071711635708,10315.288684382429,0.0012912239180877805,0.5015627145767212,0.4957350492477417
2,29,0.3176449426096327,23.48294324913095,163.1516418845307,0.016691608354449272,0.7868282198905945,0.19574187695980072
3,30,0.19169643821354584,17.710782769402343,80.91209968567092,3.55844313162379e-05,0.98746258020401,0.007642360404133797
4,39,3.6807647322272343,361.6637157796131,39439.161281582536,0.9991896748542786,0.00029606788302771747,0.0005129010532982646
5,64,0.4235698575086316,22.49914003190865,39.40408262072422,3.4505377698224045e-05,0.9914618730545044,0.0082632414996624
6,89,1.0116463229439845,290.6800545950616,36068.732489149035,0.0006522825569845736,0.9728293418884276,0.02637827582657337
