,event id,width,length,azwidth,p_spot,p_track,p_worm
0,5,61.249386791588364,258.42940898988155,4206.130069616347,0.9851004481315612,0.010094890370965004,0.004780078772455454
1,30,6.822487493052021,382.94605108195015,144878.05252458726,0.0182089563459158,0.4894136190414429,0.4917508661746979
2,45,0.4409870896625382,3.5007456350023847,3.2855017653237404,0.009687162935733795,0.8188610076904297,0.13921336829662326
3,92,0.5714005249658728,203.7401354103438,8584.7651206536,0.03309989348053932,0.5679043531417847,0.392069011926651
