event id,p_spot,p_track,p_worm,x_coord,y_coord,width,length,azwidth
42,0.6515663862228394,0.13534696400165558,0.1525290459394455,1235,988,0.31843623982084457,23.466870329307536,240.88248863203418
