event id,p_spot,p_track,p_worm,x_coord,y_coord,width,length,azwidth
23,0.9994718432426453,0.0003548927197698504,0.00017204636242240667,1189,1096,0.7022790163872336,2.530145953828305,0.4975669545766239
74,0.48710158467292786,0.26016780734062195,0.20921994745731354,1369,888,0.9333506092879797,1.492203962671606,1.3005565310996088
