event id,p_spot,p_track,p_worm,x_coord,y_coord,width,length,azwidth
8,0.9999991655349731,2.615600749322766e-07,5.519133310372126e-07,1296,966,1.1192815087999692,1.147735638274605,1.2687379121892095
22,0.999995231628418,2.776281007754733e-06,2.003394683924853e-06,1288,976,0.3788953877017662,0.5633461551490021,0.21769280364307922
