event id,p_spot,p_track,p_worm,x_coord,y_coord,width,length,azwidth
48,0.9526500701904297,0.008539022877812386,0.030275724828243256,1379,899,1.248723542427115,2.925853533022485,1.7033954689715658
49,0.9999445676803589,1.8338067093282007e-05,3.682047099573538e-05,1313,954,1.0013185223475807,1.6397008747242805,1.0929104628358814
50,0.9999468326568604,1.016677742882166e-05,3.907603240804747e-05,1381,898,1.167410304673676,1.6863863131809762,1.8345780457070797
