event id,p_spot,p_track,p_worm,x_coord,y_coord,width,length,azwidth
57,0.9998446702957153,8.980961138149723e-05,6.528089579660445e-05,1294,992,0.3723592139691573,0.7645547339720522,0.3196419854728163
