event id,p_spot,p_track,p_worm,x_coord,y_coord,width,length,azwidth
8,0.9999977350234985,1.1663081522783614e-06,1.1264654631304438e-06,1288,978,0.6045647617916134,0.6223288080887648,0.36574436331068055
