event id,p_spot,p_track,p_worm,x_coord,y_coord,width,length,azwidth
9,0.5003213286399841,0.24156689643859863,0.20853407680988312,1290,975,0.7311544802202412,3.7922553704516977,0.7108960165316899
44,0.9998782873153687,2.767562364169862e-05,9.38439043238759e-05,1295,970,0.9972332376742724,1.1927947131904122,0.9952927773337857
