event id,p_spot,p_track,p_worm,x_coord,y_coord,width,length,azwidth
83,0.9999977350234985,1.0747178293968318e-06,1.2343999742370215e-06,1290,987,0.6889372622298405,0.7915500945180817,0.5012569355546255
