event id,p_spot,p_track,p_worm,x_coord,y_coord,width,length,azwidth
8,0.999998927116394,3.6126965596849914e-07,7.707394047429261e-07,1297,969,1.1423005912007622,1.172281831288694,1.365721313800331
