event id,p_spot,p_track,p_worm,x_coord,y_coord,width,length,azwidth
85,0.9759505391120911,0.002122123260051012,0.004322969354689121,1305,920,1.1149525703847998,2.032472803386799,1.7962606904201883
