event id,p_spot,p_track,p_worm,x_coord,y_coord,width,length,azwidth
26,0.9973551034927368,0.0007115101907402277,0.001900705392472446,1345,949,0.8746826380265539,1.7890371325249377,2.0561309344968115
54,0.9999995231628418,1.217289167243507e-07,3.460189077486575e-07,1413,926,1.1627105970725542,1.1961468980575267,1.35194860733996
