event id,p_spot,p_track,p_worm,x_coord,y_coord,width,length,azwidth
13,0.9980785846710205,0.000589125556871295,0.0013243226567283273,1293,992,1.3479324149887606,95.87267138110431,143.2937876505487
