event id,p_spot,p_track,p_worm,x_coord,y_coord,width,length,azwidth
49,0.9999998807907104,3.860752784135002e-08,3.655740243857508e-08,1339,968,1.167561305307513,1.2217807666955087,1.4906577263375993
