event id,p_spot,p_track,p_worm,x_coord,y_coord,width,length,azwidth
91,0.4733012616634369,0.2723838686943054,0.21349355578422546,1305,964,0.2971064926744939,1.2882303647738589,0.28150807291555896
