event id,p_spot,p_track,p_worm,x_coord,y_coord,width,length,azwidth
3,0.9999996423721313,1.0234936098640901e-07,2.3006633398381382e-07,1327,943,1.11603907950086,1.160518524543644,1.2893550558828861
