event id,p_spot,p_track,p_worm,x_coord,y_coord,width,length,azwidth
51,0.9999926090240479,1.8591158550407272e-06,5.539111043617595e-06,1415,968,1.2045062818267243,1.3939411995351736,1.7853243335447928
