event id,p_spot,p_track,p_worm,x_coord,y_coord,width,length,azwidth
72,0.00018271341104991734,0.8894311189651489,0.11036417633295059,1291,1028,1.3793990000488432,9.584789890216259,4.428165799236568
