event id,p_spot,p_track,p_worm,x_coord,y_coord,width,length,azwidth
45,0.5650646686553955,0.263307124376297,0.1698056012392044,1306,970,1.1491215037189957,2.2826491262699835,2.2150430737580074
