event id,p_spot,p_track,p_worm,x_coord,y_coord,width,length,azwidth
11,0.00013421988114714622,0.04774705320596695,0.952025830745697,1282,989,3.170968578806261,8.732629673246981,35.63484400333967
