event id,p_spot,p_track,p_worm,x_coord,y_coord,width,length,azwidth
90,0.3838496208190918,0.5164783596992493,0.09738251566886902,1291,1060,0.5842451726134934,1.7580004592226848,3.025627207272608
