event id,p_spot,p_track,p_worm,x_coord,y_coord,width,length,azwidth
1,0.9999997615814209,1.1695589563487374e-07,1.336509001248487e-07,1262,1027,0.5265648282492887,2.9398624589635283,0.4997599209957412
67,0.9999598264694214,1.031075771606993e-05,2.9772520065307617e-05,1318,926,1.011481109981366,2.398199490353002,1.0264310551836213
