event id,p_spot,p_track,p_worm,x_coord,y_coord,width,length,azwidth
79,0.9999997615814209,7.567236792738186e-08,1.1949751410611498e-07,1419,948,1.1870050798187515,1.251986046388113,1.5655625332912364
100,0.9931126236915588,0.0005890299216844141,0.0062904260121285915,1337,967,1.4383326495630744,1.924777857038444,3.170430727339494
