event id,p_spot,p_track,p_worm,x_coord,y_coord,width,length,azwidth
34,0.0003104862116742879,0.27424249053001404,0.7254059314727783,1376,884,1.5616325818849657,10.910108962481825,84.1588149387663
85,0.9999061822891235,2.64700338448165e-06,4.770025498146424e-06,1367,930,0.9762426546155704,8.743166614363622,14.832335356452058
88,0.9999926090240479,3.985743205703329e-06,3.460246261965949e-06,1238,1003,0.6892096806099313,2.6132196527786316,1.3983575847996217
