event id,p_spot,p_track,p_worm,x_coord,y_coord,width,length,azwidth
30,0.9999991655349731,3.1733307537251676e-07,5.009156325286312e-07,1329,953,1.065291580900697,1.1891820100456731,1.217528936163466
