event id,p_spot,p_track,p_worm,x_coord,y_coord,width,length,azwidth
24,5.665776825480862e-06,0.989260196685791,0.005061853211373091,1236,605,0.9160341010693404,16.350858178119417,2.93893911703458
55,3.970472789660562e-06,0.9702422618865967,0.029732584953308105,1491,1108,0.8506454757543058,16.137009663327397,26.841358061730105
61,0.0002461238473188132,0.1465306580066681,0.8531908392906189,1291,1331,10.414640352591368,143.98981375902392,17960.15630288922
