event id,p_spot,p_track,p_worm,x_coord,y_coord,width,length,azwidth
93,0.00016561597294639796,0.9168059825897217,0.08233023434877396,2468,151,1.12517914664278,584.1038683040688,124609.39656596471
97,5.566067557083443e-06,0.994831919670105,0.005081768147647381,937,1133,0.8142755807757105,7.981480219830962,0.6714079194151359
