event id,p_spot,p_track,p_worm,x_coord,y_coord,width,length,azwidth
5,1.0273377483827062e-05,0.9890469908714294,0.007868388667702675,1074,1299,0.8371252624951655,19.604792437681894,0.7788191331722459
41,0.0008188848732970655,0.008255955763161182,0.9909245371818542,1409,1011,4.053711862890398,250.53447610821422,9334.62982338122
60,9.03099135030061e-06,0.9956234097480774,0.004332301206886768,1676,438,0.8751304459270751,18.103397092784643,111.63373836671465
62,2.521461510696099e-07,0.9993358254432678,0.000658718345221132,2025,632,2.8503224575104236,683.9535644358655,79819.89414765059
