event id,p_spot,p_track,p_worm,x_coord,y_coord,width,length,azwidth
21,0.0032521644607186317,0.8195828199386597,0.17605842649936676,1096,868,0.7842068317542185,7.675145438047333,19.93914156090286
26,0.012402825057506561,0.10068761557340622,0.05307405814528465,1426,756,0.9148432114168338,7.666000749213469,15.635072063036892
42,0.34220436215400696,0.4823034405708313,0.128508523106575,1422,1071,6.116374804753484,72.36915918904975,218.8802896035438
