event id,p_spot,p_track,p_worm,x_coord,y_coord,width,length,azwidth
5,1.0,3.560153771786645e-08,3.811671334119637e-08,1276,1098,0.9057798227316763,163.507589032086,26649.202654653374
55,1.1275562428636476e-05,0.0001231416390510276,0.9998655319213867,1288,964,0.9125877103891499,10.354209558038617,82.22119492110639
