event id,p_spot,p_track,p_worm,x_coord,y_coord,width,length,azwidth
5,1.7387515981681645e-05,0.9923434853553772,0.007260877173393965,1413,845,2.340021956347177,635.4312796565019,91967.38810144778
35,0.005819109734147787,0.6931098103523254,0.2977045178413391,1239,750,7.445119049845674,121.95764332553962,14466.333604343366
50,0.001784625230357051,0.8246485590934753,0.17251145839691162,2294,1827,7.054312032639716,680.8258254461591,463481.68303306145
90,0.004492734093219042,0.9492623805999756,0.04540608823299408,1286,816,0.83863233281049,11.239512330725594,74.77162379477446
