event id,p_spot,p_track,p_worm,x_coord,y_coord,width,length,azwidth
17,2.1786479464935837e-07,0.9847316741943359,0.015267421491444111,521,882,13.019017748518207,454.091127432195,206198.72819594812
20,5.893400521017611e-05,0.9953972697257996,0.00448137242347002,1176,903,0.8916777568073974,13.604920264957828,2.204084794793203
73,0.18694815039634705,0.7891595363616943,0.02329125441610813,1253,1847,0.9328274038924468,15.412007809516309,26.398834154386304
