event id,p_spot,p_track,p_worm,x_coord,y_coord,width,length,azwidth
64,1.945394069480244e-05,0.005515554454177618,0.9944648146629333,1297,967,1.4696297151598658,3.0882067782358478,2.8240483126728932
