event id,p_spot,p_track,p_worm,x_coord,y_coord,width,length,azwidth
5,0.002792724408209324,0.31551700830459595,0.6813274621963501,733,1330,4.02257539220325,376.23074718471344,17722.621996544753
57,0.24099144339561462,0.5932376384735107,0.16554053127765656,924,871,14.056947914969326,189.7218172683574,23500.225865019132
91,0.09534995257854462,0.7689791917800903,0.13239358365535736,1179,432,12.096431822697944,360.3878026362845,88037.85882566303
