event id,p_spot,p_track,p_worm,x_coord,y_coord,width,length,azwidth
58,0.00034291198244318366,0.9649925827980042,0.03372770547866821,862,181,0.9066494425259112,45.60262385793502,13.409944628734756
64,0.000635867821983993,0.8898198008537292,0.10867638140916824,1365,1007,13.781574881629599,73.3181156095472,299.56805418437585
95,0.0032660544384270906,0.5649749636650085,0.4216558337211609,1217,1116,0.8909337419526412,41.86266134789983,483.09459939522833
