event id,p_spot,p_track,p_worm,x_coord,y_coord,width,length,azwidth
6,4.441675173438853e-06,0.9989411234855652,0.0010530559811741114,123,1216,0.9350172244686584,43.96389269350692,733.9224565340323
80,1.4678788829769474e-05,0.9934766888618469,0.006505109369754791,1862,610,5.919883547780385,683.1555915370152,303.07159728922977
82,0.01720643974840641,0.12417685985565186,0.8586150407791138,1045,859,1.0107857424577888,35.66105744977161,1.48735324896832
91,1.8798235714712064e-06,0.9964274764060974,0.003566947067156434,1052,1125,0.8915918662534452,35.641367259391316,8.95965431599804
