event id,p_spot,p_track,p_worm,x_coord,y_coord,width,length,azwidth
8,0.016183264553546906,0.09164980798959732,0.8917559385299683,1281,1185,0.9266466654417749,12.382107820537692,70.36988236565755
30,0.8135331273078918,0.007262048777192831,0.17915983498096466,1240,970,9.070831609458676,263.4990436856578,39639.27290827598
48,0.010785347782075405,0.29605939984321594,0.5651209950447083,1110,1150,12.925625006741987,486.8121020035144,211485.90961398347
90,0.14476780593395233,0.6664716005325317,0.1857243776321411,1369,660,4.435337317102997,136.2936545627697,577.7737418492866
