event id,p_spot,p_track,p_worm,x_coord,y_coord,width,length,azwidth
58,0.8656267523765564,0.002920715603977442,0.13143113255500793,2041,898,0.9640939458575866,39.2812264418057,765.501896048089
89,0.0003984470968134701,0.970277726650238,0.02929924800992012,1988,669,0.8664708930533785,40.50029486927629,1044.6019871214883
