event id,p_spot,p_track,p_worm,x_coord,y_coord,width,length,azwidth
9,2.6173687729169615e-05,0.992210865020752,0.00771113159134984,584,1276,0.893464441427179,13.42649394448117,52.28708326706869
32,-1.0,-1.0,-1.0,1397,1921,6.792841437637165,579.4265852826314,167664.08729887355
37,0.0034148497506976128,0.9520291686058044,0.04017600789666176,1816,204,0.9723340681753886,10.583659749713572,17.41058177752641
49,0.5760450959205627,0.2319059818983078,0.19141331315040588,1532,374,6.301790720130453,258.3951823359164,9090.275695600758
78,0.0005375888431444764,0.9432256817817688,0.02154572680592537,712,399,0.8985152796824267,13.964536738091281,5.306803985634626
87,0.0014887056313455105,0.9631608724594116,0.026527635753154755,1194,1528,13.014674464974533,198.90722825022152,9842.714688781743
