event id,p_spot,p_track,p_worm,x_coord,y_coord,width,length,azwidth
3,2.293852776347194e-05,0.9253877997398376,0.07223189622163773,1446,1015,0.9532853083488952,10.302826500996684,33.430758748755814
4,3.7485366192413494e-05,0.7144734263420105,0.2854548692703247,1466,1388,36.38760023360844,202.1102413725619,37333.08557549917
64,3.7426936614792794e-05,0.6177560687065125,0.3819883167743683,1285,947,2.676379789737776,13.787835085949453,103.23592903911165
