event id,p_spot,p_track,p_worm,x_coord,y_coord,width,length,azwidth
5,6.411111826309934e-06,0.9261919260025024,0.07379757612943649,1404,602,0.8331184446012948,22.449806036048077,11.183761637331314
12,0.03385953605175018,0.5645445585250854,0.40093404054641724,373,1617,0.9372000127553404,25.313191501565726,326.5300008897788
29,1.6015255823731422e-06,0.9976910352706909,0.0022519815247505903,1719,611,0.9094914500382835,20.64392897579815,11.65750185871207
34,0.00034602085361257195,0.905608594417572,0.09340378642082214,1156,147,0.9565521528252889,25.220180409941143,109.92739106023396
56,0.008245735429227352,0.9580599069595337,0.03344685211777687,688,1487,0.9408918420393181,26.90120046547076,212.31534828434144
63,7.797917533025611e-06,0.9932878613471985,0.006696583703160286,513,1330,0.9049217237442858,27.91970346037243,263.43027115644827
74,1.2625370800378732e-05,0.994391143321991,0.005401115398854017,1223,1303,0.9758643716200707,27.638520283482535,60.24081988574846
