event id,p_spot,p_track,p_worm,x_coord,y_coord,width,length,azwidth
39,0.0045397281646728516,0.03609864041209221,0.95931476354599,1371,1155,1.3644283252494411,29.598833165417467,365.1016336674331
40,-1.0,-1.0,-1.0,1028,30,6.056599378472182,27.10687082836189,193.1644998916803
55,0.001037898357026279,0.01557960920035839,0.9833407998085022,2003,1568,0.9452034221541876,44.179001812815976,834.2536167869123
