event id,p_spot,p_track,p_worm,x_coord,y_coord,width,length,azwidth
72,0.00403448985889554,0.7538527250289917,0.24178388714790344,1301,783,8.613436812023544,69.88799681135208,4839.247936918709
94,0.00011139680282212794,0.8959372639656067,0.10390303283929825,1836,1640,8.432446818988343,323.55591895548145,91411.69699102498
98,0.0005369464633986354,0.7643799781799316,0.2337312549352646,1415,903,0.8945729778667423,9.140671333560277,18.471151614895817
