event id,p_spot,p_track,p_worm,x_coord,y_coord,width,length,azwidth
3,0.0016637013759464025,0.1051168292760849,0.8927954435348511,1264,1254,0.9252628728472414,13.736501215480464,58.100274882228334
11,0.002033685799688101,0.853976845741272,0.08601538091897964,973,1123,0.8805705791484046,14.321608175812573,73.80277528369129
62,0.007204790133982897,0.031188569962978363,0.9612907767295837,1334,1153,14.078444674646324,82.75242551477216,6583.79699816682
71,0.0001643933792365715,0.3296010494232178,0.6700684428215027,1317,1452,0.8879011977896318,14.202385880339119,79.49617267833554
