event id,p_spot,p_track,p_worm,x_coord,y_coord,width,length,azwidth
91,0.0007448000251315534,0.8501346707344055,0.14791339635849,742,624,2.671726651342867,343.8785606445281,116823.00493142405
