event id,p_spot,p_track,p_worm,x_coord,y_coord,width,length,azwidth
6,2.8814571123803034e-05,0.9804334044456482,0.019437173381447792,1201,282,0.8833694193604967,21.650716388462303,113.45120967869684
8,2.110794866894139e-06,0.9799057841300964,0.020089041441679,1736,896,0.9465537079792706,21.935446899031277,15.934720762862186
22,0.00011547114991117269,0.9941960573196411,0.00552738131955266,2061,740,0.953015051604097,24.213996275420904,63.01510000447225
56,5.1149385171811446e-08,1.7421907614334486e-05,0.9999825954437256,2062,444,5.0016291416794925,17.061573912575327,234.5899493340712
75,0.00017829405260272324,0.01670074462890625,0.9831209182739258,1230,671,21.14003914473796,156.72793846052554,24375.199147385225
