event id,p_spot,p_track,p_worm,x_coord,y_coord,width,length,azwidth
2,0.0006284376722760499,0.9715099930763245,0.026677073910832405,771,436,0.9873888865838133,24.951610291038445,183.6348965116605
4,0.1980721652507782,0.005541630554944277,0.7963842749595642,2510,826,0.9851942477597821,21.544672214507532,187.38201285435684
8,0.030834654346108437,0.12156454473733902,0.8475492596626282,1993,1405,0.8497207569159376,26.31693085084345,87.1991508766233
10,2.4745819246163592e-05,0.8940075635910034,0.10582596808671951,1701,650,8.726638108213244,242.29975080619568,1454.0034502966503
23,1.83622250915505e-05,0.9472571611404419,0.05269123241305351,458,841,0.8725210187696782,32.293304384481665,9.84685431227279
34,0.0002732350258156657,0.0144233088940382,0.9853032827377319,1618,825,6.786013748447156,562.6429331395752,46.62923758924328
67,0.00013313173258211464,0.7314133048057556,0.26844048500061035,936,1444,0.8291146547382477,26.169730877932793,2.9799658974068377
73,8.396657358389348e-05,0.9721065759658813,0.021387740969657898,2250,789,0.9007318227145613,21.73132751019977,182.10144212068633
