event id,p_spot,p_track,p_worm,x_coord,y_coord,width,length,azwidth
3,0.00026907649589702487,0.6976082921028137,0.3020367920398712,1544,1071,4.323308434121002,69.52772661359872,365.29122049719786
39,0.0013946357648819685,0.7143664956092834,0.28231123089790344,1698,1020,0.9253975060178563,4.147595457902028,9.21278939446953
75,0.00039121301961131394,0.923588216304779,0.07539791613817215,1160,1142,3.4916975416895757,346.6613051159364,106985.67702083504
