event id,p_spot,p_track,p_worm,x_coord,y_coord,width,length,azwidth
3,0.9999995231628418,1.9224300729092647e-07,2.6948620757138997e-07,1421,962,0.9266893624823783,88.98647192699802,47.05143033133302
