event id,p_spot,p_track,p_worm,x_coord,y_coord,width,length,azwidth
47,4.571758381644031e-06,0.9516870975494385,0.04825207591056824,1102,867,3.6072236927498413,161.78350712237787,21740.453038709613
95,2.0252693957445445e-06,0.9377027153968811,0.06229245290160179,835,771,3.2974955416902345,240.91739210865094,44252.04751803687
