event id,p_spot,p_track,p_worm,x_coord,y_coord,width,length,azwidth
23,0.0011992697836831212,0.1761787384748459,0.8221872448921204,1252,517,10.975988307035884,228.32288198494714,3175.013708652437
32,0.0009316192590631545,0.5943549275398254,0.40327921509742737,1159,955,1.5550894228141898,121.44206496939346,11022.471697275489
40,0.01578257419168949,0.9255967140197754,0.05646497756242752,1247,1049,0.8745699836465317,11.310563204721813,75.38284052224554
