event id,p_spot,p_track,p_worm,x_coord,y_coord,width,length,azwidth
70,1.6017521602407214e-06,0.9972870349884033,0.0027043106965720654,96,975,0.9517550107880525,43.472088052949445,449.63829440991094
