event id,p_spot,p_track,p_worm,x_coord,y_coord,width,length,azwidth
4,5.833982413605554e-06,0.9811274409294128,0.018684420734643936,1542,603,2.751352558365305,407.103011095063,2296.3465363208234
32,0.028483916074037552,0.33726534247398376,0.6338716149330139,1115,1117,0.8888465905437021,11.661793761405038,39.930662133081455
84,0.06195961311459541,0.6570147275924683,0.2741904854774475,885,1761,4.205382441426681,723.1953454888895,54579.061836412926
89,0.00017477611254435033,0.021771037951111794,0.9780519604682922,1520,757,4.8635702450375815,97.28328361101644,2157.0840576570363
