event id,p_spot,p_track,p_worm,x_coord,y_coord,width,length,azwidth
31,0.006597733590751886,0.29117241501808167,0.7017470002174377,1303,795,1.1884342026885175,168.8970727930353,5133.657827326751
