event id,p_spot,p_track,p_worm,x_coord,y_coord,width,length,azwidth
88,-1,-1,-1,1093,0,0.35871203734836876,1.5871696382113922,2.519066397744261
