event id,p_spot,p_track,p_worm,x_coord,y_coord,width,length,azwidth
6,0.008567936718463898,0.9254956245422363,0.055645622313022614,1272,1262,2.3327567863680603,364.0715670276753,10642.893976611154
11,0.3644028902053833,0.14428859949111938,0.4685911536216736,471,859,0.9746352840512971,15.827747361000212,129.1191194191761
39,0.002339218044653535,0.6922967433929443,0.03076871484518051,1228,1033,0.919131183672057,17.383249776750436,71.75462596427816
50,0.0003058492438867688,0.00881756842136383,0.9908746480941772,1571,245,1.0448719666116701,11.102337029759678,1.0972408126023856
74,0.00043425403418950737,0.04972520470619202,0.949817419052124,1828,283,0.9740014299772929,13.517338640035641,1.0396386914332643
78,0.16352054476737976,0.5913719534873962,0.22207355499267578,2095,620,0.9349826071826493,17.253062783969895,12.643804669338559
