event id,p_spot,p_track,p_worm,x_coord,y_coord,width,length,azwidth
80,0.002819329733029008,0.6601219773292542,0.33633047342300415,1299,901,3.859172954118957,58.67498138314942,1193.0092750865724
