event id,p_spot,p_track,p_worm,x_coord,y_coord,width,length,azwidth
14,0.0009770625038072467,0.9537938237190247,0.04497527331113815,2033,237,7.910210354179714,387.79006768598475,9827.96528400497
37,4.170614556642249e-05,0.9929484128952026,0.0068845902569592,1253,1012,0.902321147542646,14.898514575514778,60.95582818538688
43,0.000882915745023638,0.8767448663711548,0.12202256172895432,1314,956,0.8934382056850446,12.150101863042131,46.78624306843348
54,0.009975981898605824,0.06882622838020325,0.9207693338394165,1779,1154,1.6418824766550515,10.745347232859302,46.496270335023326
63,0.0008922702982090414,0.8866114020347595,0.11219939589500427,1277,1138,29.119084521941197,92.51078422749246,8294.762725055874
74,0.0001316312118433416,0.992466390132904,0.0072125899605453014,2210,1074,1.1664923451713327,938.8403006418342,96014.6750289169
80,0.0008073969511315227,0.9466089606285095,0.05152338743209839,1196,1181,0.8989345445112409,14.462743410318748,38.57406336118882
