event id,p_spot,p_track,p_worm,x_coord,y_coord,width,length,azwidth
32,3.5018185826629633e-06,0.996448278427124,0.0035425652749836445,2238,243,0.9057844029568997,10.999042070162549,77.78726924984566
52,6.933035183465108e-05,0.969351589679718,0.03041601926088333,1765,345,0.9011803505412671,11.384529835657553,78.94636862727957
71,5.847260763403028e-05,0.9737803936004639,0.02606121636927128,1138,1228,0.9252316594630817,12.253933045457297,7.2202187768828
99,0.0026334382127970457,0.9643977284431458,0.03242255002260208,1129,571,0.8905531358890076,13.236003069440038,64.4857279889724
