event id,p_spot,p_track,p_worm,x_coord,y_coord,width,length,azwidth
46,0.0017516877269372344,0.3153260350227356,0.6769833564758301,1566,415,0.9187110654545132,22.303961782763853,5.014359839850589
57,1.2557154150272254e-05,0.9922303557395935,0.005817627068608999,794,676,0.8531060607592414,27.564600906832545,161.3535213397113
64,0.0009750007884576917,0.9308266639709473,0.026199718937277794,700,423,0.9299551055943441,23.853792285249106,36.90120262041133
72,2.3148471882450394e-05,0.963620662689209,0.03625356778502464,1290,607,0.8552856378354399,22.676362959999928,31.779164351174998
