event id,p_spot,p_track,p_worm,x_coord,y_coord,width,length,azwidth
78,1.7348287656204775e-05,0.9746811389923096,0.025253327563405037,1218,1071,0.922640621467517,15.430315363450923,1.2605287879212557
