event id,p_spot,p_track,p_worm,x_coord,y_coord,width,length,azwidth
25,-1.0,-1.0,-1.0,1948,1917,0.9354123606262398,6.098656961874405,8.629119848871717
31,0.00017434342589695007,0.9762150645256042,0.02355789951980114,1264,982,2.7419831693927303,53.97556245308973,651.5940644962762
64,0.0014410604489967227,0.9086241722106934,0.0889025330543518,1454,866,5.148815082476872,77.70759065586877,5279.877296855043
