event id,p_spot,p_track,p_worm,x_coord,y_coord,width,length,azwidth
35,8.303541108034551e-05,0.03848378360271454,0.9614280462265015,1638,375,3.748957821604131,25.92581067135127,30.717030343676612
42,0.00010310664220014587,0.1304103434085846,0.8693196773529053,1770,731,1.0015201148512438,38.97023210479832,10.011090021635793
57,5.675872307620011e-05,0.06624822318553925,0.933687686920166,1496,1526,22.677500468870974,47.0189395791854,1644.4788775571487
