event id,p_spot,p_track,p_worm,x_coord,y_coord,width,length,azwidth
39,0.006384918000549078,0.9603379964828491,0.03321407362818718,1292,837,304.2511666379589,720.8338881606602,103371.91223134533
