event id,p_spot,p_track,p_worm,x_coord,y_coord,width,length,azwidth
8,1.718173734843731e-05,0.028271356597542763,0.9717033505439758,935,1264,1.1001379107083362,180.46354870593106,448.21986574162565
40,6.802938878536224e-05,0.5726328492164612,0.4272463619709015,802,875,4.26389129535214,85.91706028591533,1703.1566481450498
