event id,p_spot,p_track,p_worm,x_coord,y_coord,width,length,azwidth
2,0.7484462857246399,0.04134128987789154,0.20952099561691284,256,1409,0.9607940713053118,24.62905829794595,2.709505159230691
6,4.485804765863577e-06,0.9923936128616333,0.007407252211123705,169,1389,0.9524313184074291,20.799984824246692,2.2140685499272537
19,1.844054349930957e-05,0.9924982190132141,0.007424257695674896,1303,1104,0.8757497425960623,19.900708946905684,156.64798407412528
55,0.0215456485748291,0.7344732880592346,0.23625484108924866,969,1146,0.9447939455624661,20.19846135137999,98.7111075659642
62,0.00161176105029881,0.9327544569969177,0.06016230583190918,1211,949,1.297986584383841,53.028401868957864,1370.9026618983657
