event id,p_spot,p_track,p_worm,x_coord,y_coord,width,length,azwidth
40,0.11981358379125595,0.7206697463989258,0.14377468824386597,1162,1007,0.9068348535934287,16.851522239774912,32.08723271200582
43,2.8909438697155565e-05,0.9912420511245728,0.008722946979105473,955,1536,0.8747823402954603,19.63852890206489,0.7703919309512104
46,0.00044497233466245234,0.9056878089904785,0.09352324157953262,1406,793,0.9439182394249465,15.16168896989319,64.30621980910277
78,2.858731932064984e-06,0.9928365349769592,0.007075639441609383,2554,578,1.4978588995475846,395.58056678881303,70239.92159442948
88,0.00020248224609531462,0.7497884631156921,0.24963827431201935,1103,910,21.087784120994908,185.81612398444793,29428.80610846712
