event id,p_spot,p_track,p_worm,x_coord,y_coord,width,length,azwidth
50,7.713111699558794e-05,0.9118732213973999,0.08796073496341705,1482,628,0.8769127764319161,209.51592094119854,1814.9295189400252
