event id,p_spot,p_track,p_worm,x_coord,y_coord,width,length,azwidth
26,-1.0,-1.0,-1.0,2570,1107,0.9105660438832776,33.40582013215099,923.5666230093649
27,1.1270214599790052e-05,0.9952055215835571,0.0047511933371424675,2163,1357,0.905847941891692,36.6698637496587,947.5699078011638
34,0.018707800656557083,0.9043172597885132,0.07581838965415955,800,709,0.8020098210166531,38.657260003099516,877.630918218532
52,4.420707045937888e-05,0.9957051873207092,0.004226585850119591,2157,641,0.8694478979335939,37.76394880384432,1336.1597422794953
62,0.059505119919776917,0.10789797455072403,0.8325517177581787,1072,853,0.9673955068393787,34.98031311231628,755.3798882319483
79,2.1106759959366173e-05,0.9844425320625305,0.015524245798587799,2192,748,0.8382371111581799,36.4495340707683,1209.8756547130286
98,4.5876176955061965e-06,0.9965677261352539,0.0034034994896501303,1399,1168,0.8597479009215158,35.92812847230319,757.2272217556592
