event id,p_spot,p_track,p_worm,x_coord,y_coord,width,length,azwidth
9,0.0002054325450444594,0.7585371732711792,0.24092184007167816,2085,1561,0.9332237371145362,35.595948942888924,45.37961477954478
14,5.42838961337111e-06,0.9985600113868713,0.0013737953267991543,1316,1048,0.9360766290448482,36.04171361039715,23.90392306591597
79,4.534797881206032e-06,0.9990524649620056,0.0009282298269681633,573,1175,0.8998201313355622,42.378086198664995,434.71290251729494
95,2.8919254191350774e-07,0.9988964796066284,0.0010747292544692755,1738,228,0.8935506062371924,38.749688472714155,239.92928421740208
