event id,p_spot,p_track,p_worm,x_coord,y_coord,width,length,azwidth
57,0.00658566365018487,0.9411207437515259,0.05058163404464722,1233,988,0.8761445375371059,7.8210374605864414,37.06585455836582
60,0.019506199285387993,0.7130740284919739,0.2644343972206116,1238,928,5.159194606009604,221.98736331238143,9442.123032862095
