event id,p_spot,p_track,p_worm,x_coord,y_coord,width,length,azwidth
20,3.5316463709023083e-06,0.9905735850334167,0.009401589632034302,799,434,5.077794774991018,335.85953274173374,74166.4383549403
44,8.33084704936482e-05,0.8903292417526245,0.10941734164953232,1419,1016,22.95713878117496,43.54006658600451,1311.86401949631
