event id,p_spot,p_track,p_worm,x_coord,y_coord,width,length,azwidth
25,0.0013906096573919058,0.9357206225395203,0.06286302208900452,1376,932,0.906466792354911,13.107612578467219,12.715261984645574
54,3.551206464180723e-05,0.9664760231971741,0.03348817303776741,1210,664,0.9702896300219114,11.007583639821453,22.55792009282979
61,4.667080702347448e-06,0.9972323775291443,0.0027417547535151243,558,1833,0.9251274372493312,15.350610656306618,40.239904653194294
77,4.744020770885982e-06,0.9957209229469299,0.004270368255674839,2278,35,1.2747423778323523,643.7570141277708,122759.70704739097
