event id,p_spot,p_track,p_worm,x_coord,y_coord,width,length,azwidth
66,0.9998682737350464,7.427576201735064e-05,5.71466407564003e-05,1764,850,1.001780630951413,225.9773136560689,31329.620202717306
