event id,p_spot,p_track,p_worm,x_coord,y_coord,width,length,azwidth
28,0.003470158902928233,0.8360137343406677,0.15835294127464294,1319,873,9.480256626300108,458.44190031558276,209993.4506484939
45,0.008337128907442093,0.9651489853858948,0.022144801914691925,126,407,0.8851547556603969,17.53165008064379,31.169609778018174
54,0.00795926433056593,0.9519140124320984,0.039842087775468826,2024,510,0.8714893338712709,12.644839660062464,140.40995714782167
