event id,p_spot,p_track,p_worm,x_coord,y_coord,width,length,azwidth
7,0.015361372381448746,0.9592950344085693,0.024288546293973923,1419,1133,0.8493869993543206,8.381205881374976,0.7483116773275391
63,0.0031518470495939255,0.8780660033226013,0.11834722012281418,1264,940,0.8746177920809431,8.279809207337422,1.210236659965382
96,1.3089481399219949e-05,0.9756027460098267,0.024302326142787933,1307,972,4.085931660726127,78.73183448170607,1681.4877125690975
