event id,p_spot,p_track,p_worm,x_coord,y_coord,width,length,azwidth
33,2.1852886220585788e-06,0.9854031801223755,0.014588668942451477,1352,1231,10.324588903499544,138.50058604792224,19095.67638187258
36,0.013701064512133598,0.6513177752494812,0.1615716964006424,1184,1012,0.9388151680113135,10.307252323352134,4.696899643448401
