event id,p_spot,p_track,p_worm,x_coord,y_coord,width,length,azwidth
1,0.0009180399938486516,0.9858040809631348,0.011415336281061172,1194,994,0.8501921597744901,18.218072862936765,198.68186979506388
6,5.867967956874054e-06,0.9984278678894043,0.001560115604661405,1701,1157,0.8799062187645852,16.47811250955371,185.46656314681235
14,0.03841330483555794,0.8062951564788818,0.15506693720817566,1579,324,0.8429472820766906,16.954940233806045,286.00287320923195
18,6.752055924152955e-05,0.15432468056678772,0.8455135822296143,1167,956,25.063553018708724,114.1275328529752,12280.861309242973
39,6.929425580892712e-05,0.9906208515167236,0.008452906273305416,1343,1096,0.9364952497334845,16.945799684318477,172.80698026917386
45,1.7173212185639386e-08,6.276302156038582e-05,0.9999371767044067,1908,995,6.318817881662702,15.961629229992418,60.79735391528319
51,0.06437507271766663,0.49079009890556335,0.44442126154899597,1955,799,0.8763413719463947,15.171233570879954,201.2645426979763
