event id,p_spot,p_track,p_worm,x_coord,y_coord,width,length,azwidth
19,0.0011612935923039913,0.9904938340187073,0.008316829800605774,190,1458,0.8965785447646596,21.082448744165543,172.03408497538408
76,7.534329779446125e-05,0.6799498796463013,0.3199736773967743,164,1869,2.2234009161199215,14.848756639222469,108.65412726216123
82,0.002157929353415966,0.9834312796592712,0.01438251230865717,1048,1560,5.556187436792686,687.9825491508482,36868.53590068943
83,4.3363172153476626e-05,0.9948191046714783,0.0047799451276659966,1562,1903,0.9388255633598915,21.89143275504511,31.730569420937044
