event id,p_spot,p_track,p_worm,x_coord,y_coord,width,length,azwidth
5,3.5014709283132106e-06,0.9963701963424683,0.003624060656875372,931,1000,0.8787205000775835,24.99547320464779,194.33202707991902
16,-1.0,-1.0,-1.0,1092,28,1.3143557395405145,16.307660503793343,261.61220234056856
43,0.00373576651327312,0.6594337821006775,0.3344443738460541,2478,404,1.4037985669628779,15.604829487892987,6.4162810453717505
54,-1.0,-1.0,-1.0,16,1890,0.9087416294948221,30.91616468386961,31.3866410700629
57,1.2983973647351377e-05,0.995189905166626,0.0047452435828745365,978,1487,2.707656442233035,449.2717099578014,772.411212622132
79,1.539029472041875e-05,0.9975095987319946,0.0024594375863671303,1227,968,2.9009278756956727,236.46782920329483,26929.716012836165
97,-1.0,-1.0,-1.0,214,19,0.8549153628590651,29.887297006632824,871.8767748593119
