event id,p_spot,p_track,p_worm,x_coord,y_coord,width,length,azwidth
13,0.0620398186147213,0.13934938609600067,0.19748473167419434,965,590,0.9220508219490193,15.876350549752528,58.109761495190654
87,0.0029186117462813854,0.8077966570854187,0.1781608909368515,1332,1309,3.3000913748023106,315.8728996239247,47649.02526692464
92,0.0031814691610634327,0.8612319827079773,0.06511672586202621,1205,743,0.8535631450492572,16.43612439519969,68.79961690491324
