event id,p_spot,p_track,p_worm,x_coord,y_coord,width,length,azwidth
30,0.00038840368506498635,0.5538591742515564,0.014270714484155178,1258,788,0.8582167990569037,9.880096544986316,4.135590812309249
51,0.0004392227856442332,0.7642778158187866,0.235179603099823,1423,812,0.8687921836794009,8.151183063017376,3.231405189598914
59,0.006110265385359526,0.35610949993133545,0.6339610815048218,1566,1268,0.794258217490109,11.757532366929148,20.41432107392765
