event id,p_spot,p_track,p_worm,x_coord,y_coord,width,length,azwidth
21,0.0007549730944447219,0.8283652663230896,0.13422006368637085,1456,1543,0.9227149950095416,27.020520547983672,379.7471431028133
44,0.047954585403203964,0.08574886620044708,0.8658865094184875,1635,328,5.480194776960585,246.47733850476266,12593.969645252206
