event id,p_spot,p_track,p_worm,x_coord,y_coord,width,length,azwidth
4,0.13275429606437683,0.8015006184577942,0.06358694285154343,1111,526,0.8158421433971721,19.453486798869054,215.12272399919854
43,6.961734470678493e-06,0.9975065588951111,0.002466461155563593,1358,945,0.9020424433087141,18.19076278414823,114.90010050764292
