event id,p_spot,p_track,p_worm,x_coord,y_coord,width,length,azwidth
8,0.5236555337905884,0.03778257966041565,0.43813592195510864,1281,933,2.0375989701859676,126.26880843970723,19.640677277278822
16,0.0011282343184575438,0.7255278825759888,0.2713072896003723,1242,964,0.9361517706924366,3.9094950527348638,7.7065537402884035
