event id,p_spot,p_track,p_worm,x_coord,y_coord,width,length,azwidth
37,0.0002554649254307151,0.961564302444458,0.03801897168159485,1202,1486,9.352277408443506,144.7997963632831,17922.6639827566
41,0.4064299166202545,0.4217180609703064,0.09525486826896667,1279,862,0.9822151617730009,7.540002079513143,1.0419801815994927
58,0.0008177131530828774,0.9731940627098083,0.02596115507185459,1059,954,0.883064659353293,8.41907093753631,2.4713390153193435
