event id,p_spot,p_track,p_worm,x_coord,y_coord,width,length,azwidth
31,3.4838685678550974e-05,0.7113426327705383,0.2885931134223938,981,677,36.314143801700375,184.7484514816164,26542.442867456626
