event id,p_spot,p_track,p_worm,x_coord,y_coord,width,length,azwidth
34,0.015366284176707268,0.25520503520965576,0.7286577224731445,1241,845,0.9786456435924571,26.194838550330722,475.5987086255631
35,0.24469229578971863,0.5791298151016235,0.17579101026058197,1589,1567,0.8639010189696142,23.593017118114755,257.7183903567951
