event id,p_spot,p_track,p_worm,x_coord,y_coord,width,length,azwidth
17,0.044054366648197174,0.7930986881256104,0.1550447642803192,1413,794,0.9357366727768359,7.71233267287702,8.210672221501717
96,0.0003268492582719773,0.07885470241308212,0.9206643104553223,1373,1006,0.957164949441016,6.71621611418764,10.318546799544155
