event id,p_spot,p_track,p_worm,x_coord,y_coord,width,length,azwidth
13,0.0003753464843612164,0.9510074853897095,0.04826859384775162,1075,679,0.8541483426038905,23.7780859133925,239.5984079972563
28,0.16529488563537598,0.030227486044168472,0.8044428825378418,182,1543,1.1109455683715146,26.656815138557608,63.16876145750815
30,1.2279717793717282e-06,0.99662184715271,0.0033134236000478268,170,1086,0.8789046231242099,27.41326160266313,17.53991121282397
43,0.00017832742014434189,0.9727484583854675,0.02556494064629078,159,1167,0.901536182428613,28.673505088424637,22.20424196474061
51,0.0005111205973662436,0.10775946080684662,0.8917166590690613,2021,1616,0.9022543510654528,20.85537090823485,86.35891718711109
52,-1.0,-1.0,-1.0,2589,596,13.27637747925856,327.8853567519177,95085.45679660908
73,0.0010325610637664795,0.8732661008834839,0.12401928752660751,2366,253,0.7798381486578505,20.254347003437452,352.07118083801936
98,0.00010877698514377698,0.9372934699058533,0.06137413904070854,1203,1252,0.9108328739117757,26.024171766709998,104.75618075835523
