event id,p_spot,p_track,p_worm,x_coord,y_coord,width,length,azwidth
42,-1.0,-1.0,-1.0,2212,1921,0.9832436444875787,19.170323509385707,2.282559707174218
78,7.310105957003543e-06,0.9951663017272949,0.004823207855224609,1299,1038,0.8735951285115298,22.30640850106322,20.335626456942904
