event id,p_spot,p_track,p_worm,x_coord,y_coord,width,length,azwidth
2,0.02347780019044876,0.13946035504341125,0.8368893265724182,744,966,24.449453511795756,284.5296582585696,76103.22834787013
23,-1.0,-1.0,-1.0,1829,1924,1.1439209333054319,6.485884353676602,12.500083642345915
65,0.00018650748825166374,0.9470517039299011,0.052638497203588486,1596,304,8.86056425027963,888.4820561879922,5017.180437073901
98,8.970811904873699e-05,0.11265552788972855,0.8871662020683289,1361,901,6.522958280358459,34.270221548893254,277.7750117791491
