event id,p_spot,p_track,p_worm,x_coord,y_coord,width,length,azwidth
40,0.00028236370417289436,0.9653708338737488,0.034253187477588654,1296,1062,0.9158653552641868,8.13484744720566,27.52441974156308
