event id,p_spot,p_track,p_worm,x_coord,y_coord,width,length,azwidth
12,8.76702688401565e-06,0.9935903549194336,0.006218138616532087,302,1155,0.9282591573296093,40.61549902979301,59.74634769907165
26,0.00018620779155753553,0.07120899111032486,0.9285416007041931,1252,996,3.016944223118818,7.135819915256672,15.043827786196102
32,4.611090844264254e-06,0.9906346201896667,0.008809499442577362,1258,1028,0.9230584638493768,37.207296698766044,210.1995657116939
41,0.004093582276254892,0.33990997076034546,0.6559783816337585,2120,325,2.993193160109646,1025.7935246468164,407469.8758439971
45,5.195938229007879e-06,0.9944362640380859,0.005397701635956764,1441,742,0.9318922527583641,34.861239685187215,402.9754102335932
48,1.3774504623143002e-05,0.992879331111908,0.007062416989356279,1440,1182,0.8803959405670615,41.67705904569813,228.19588028767245
