event id,p_spot,p_track,p_worm,x_coord,y_coord,width,length,azwidth
2,0.8621770143508911,0.09359172731637955,0.04174302890896797,1303,1024,5.50626476910779,94.70764165230075,7512.489903184685
