event id,p_spot,p_track,p_worm,x_coord,y_coord,width,length,azwidth
8,0.7906197905540466,0.1495700180530548,0.026840122416615486,1222,1075,0.94757566400485,13.390986712894252,21.473950652648895
20,5.1983279263367876e-05,0.9835573434829712,0.016032392159104347,1240,1005,7.717639384057488,43.51362157101161,202.63515605870944
66,0.868401825428009,0.008742029778659344,0.12284327298402786,1141,567,12.003389455302983,224.77821700757067,44518.964527155455
87,0.035659756511449814,0.7494524717330933,0.21356786787509918,1352,840,4.106644538047646,107.1346910967041,390.32705563703394
90,0.011027882806956768,0.3330751359462738,0.6178897619247437,1539,849,0.8721344235494942,12.125714787933545,4.949741238089525
