event id,p_spot,p_track,p_worm,x_coord,y_coord,width,length,azwidth
19,0.005410449113696814,0.12177789956331253,0.3181644380092621,1294,1014,2.3730624765055652,32.16811366402863,330.13310546739234
37,0.0004797331348527223,0.0006619989289902151,0.998852014541626,1309,989,5.687808900703955,39.45851535957983,839.5883170182601
40,0.007106225937604904,0.2192612886428833,0.7727990746498108,1428,1188,15.111951548000635,114.44711599914231,12131.488511572492
50,0.002943942090496421,0.001987970434129238,0.9947287440299988,1271,967,12.458284801628132,27.363061787362426,306.9997601350867
57,0.011319500394165516,0.4172869622707367,0.5293458104133606,1315,917,5.820284001395257,39.61523865329031,304.40137531518053
80,0.3464462459087372,0.0020033526234328747,0.651529848575592,1277,972,13.104756128079135,27.382215938674275,349.647356491044
81,0.12642906606197357,0.49040156602859497,0.35781919956207275,1288,999,4.823034912201911,35.212657551872006,319.6397439080565
89,2.3144333681557328e-05,0.9325913786888123,0.06666819751262665,1292,1000,6.669531977990097,68.78263199622687,2799.810665757826
94,0.0038869273848831654,0.3858610689640045,0.6055341362953186,1297,965,2.9552500344411534,62.46303378671771,1063.1792115657272
