event id,p_spot,p_track,p_worm,x_coord,y_coord,width,length,azwidth
39,0.00039607472717761993,0.10442713648080826,0.8581563830375671,1285,991,4.7778675786958384,20.940079848920167,105.61667463436116
64,0.012825056910514832,0.6191309094429016,0.36257192492485046,1265,981,1.6065285328376242,17.759433402741813,54.29343197564333
98,0.004728675354272127,0.2561143934726715,0.7391022443771362,1329,953,12.110413173119724,23.430582651244745,494.90407451518854
100,0.002007210161536932,0.9732804894447327,0.02419203892350197,1269,994,4.437624165802772,31.390013384516774,60.945587422779376
