event id,p_spot,p_track,p_worm,x_coord,y_coord,width,length,azwidth
11,0.01835479959845543,0.6095910668373108,0.28437066078186035,1277,996,7.435991694139016,16.866784428499393,64.1021247565219
12,1.095027624131717e-09,7.042961078695953e-05,0.9999295473098755,1275,961,3.816267570873911,8.796515821831377,73.97568676919896
18,0.00021204697259236127,0.890309751033783,0.10520865023136139,1271,983,4.571118777465081,11.332968295979814,63.11998744047652
30,0.0021034013479948044,0.3816513419151306,0.6156781911849976,1283,971,1.0598705605928034,10.999676500826844,75.47422000337455
40,0.013529973104596138,0.27556368708610535,0.6983560919761658,1312,966,1.5827020321851721,11.780777516060981,81.1946001980141
95,0.00011208384239580482,0.9905601143836975,0.009201929904520512,1271,968,5.993773112001714,37.52179640081629,1402.0292240765978
