event id,p_spot,p_track,p_worm,x_coord,y_coord,width,length,azwidth
4,0.001224730396643281,0.0011498663807287812,0.9970781803131104,1298,971,1.8234469052110502,4.63615559134538,7.432985563273948
