event id,p_spot,p_track,p_worm,x_coord,y_coord,width,length,azwidth
92,2.1631508673181088e-07,0.9737129211425781,0.026285821571946144,1288,974,0.8128023309037575,5.058869218500057,4.406811652530127
