event id,p_spot,p_track,p_worm,x_coord,y_coord,width,length,azwidth
51,1.0433833267597947e-05,0.37028810381889343,0.6290985941886902,1294,976,1.6861241612913827,5.692358597635445,4.508920515688181
