event id,p_spot,p_track,p_worm,x_coord,y_coord,width,length,azwidth
46,1.0005562216974795e-05,0.2193576693534851,0.7806298136711121,1303,965,3.4964888045456592,183.89478064077025,3216.463195523016
