event id,p_spot,p_track,p_worm,x_coord,y_coord,width,length,azwidth
5,0.0017774176085367799,0.6791743636131287,0.318618506193161,1282,1006,22.849827635090058,43.35026461199967,545.3177893210665
7,0.0017714658752083778,0.4914158880710602,0.5033692121505737,1300,967,13.257029932032626,42.435616157455506,452.84533234282475
28,7.014245784375817e-05,0.9520044326782227,0.047116514295339584,1304,964,10.81085041302893,51.71771188611408,668.6892929508635
35,0.0005419092485681176,0.006328876130282879,0.9930452704429626,1297,964,2.0112412358286864,36.06741521950905,128.56823886352123
64,0.10403655469417572,0.1531413197517395,0.7424935102462769,1302,925,7.6820786310990785,63.444281982952624,888.4670294055555
83,0.046751294285058975,0.12121858447790146,0.8317505717277527,1443,678,4.352187163687865,194.24310447827298,212.39571495124503
94,0.002425702754408121,0.9597799181938171,0.03731108084321022,1212,1242,2.7958324428903207,101.56251504402947,1859.5485957098738
98,0.06387883424758911,0.09087863564491272,0.7402213215827942,1303,944,1.6018387913986798,42.519612024102905,137.09137564487335
