event id,p_spot,p_track,p_worm,x_coord,y_coord,width,length,azwidth
13,3.751075200852938e-05,0.9869036674499512,0.01305133942514658,1237,1060,2.812152312074253,47.653247578018686,24.301786014855647
17,2.808078716043383e-05,0.9962390661239624,0.0037322640419006348,1285,986,9.922950733832993,118.10712007623204,5327.724220010898
38,0.0004396237200126052,0.9869259595870972,0.012554950080811977,1285,986,4.1381401345597935,134.7847680068939,1102.980475575481
52,0.0002514093939680606,0.011381806805729866,0.2119276374578476,1296,964,3.404158564813989,11.03270594613687,11.778617421942922
69,0.0004876218445133418,0.859727144241333,0.12325220555067062,1305,972,2.105307652847857,21.586135581290264,9.270815298638857
94,0.003627801313996315,0.3578606843948364,0.4055436849594116,1309,970,6.100515176646769,18.238667439595485,37.64850002521284
