event id,p_spot,p_track,p_worm,x_coord,y_coord,width,length,azwidth
23,4.773031105287373e-05,0.2805826961994171,0.7192822098731995,1296,969,1.2533259907514722,7.4464408579720915,4.3436841350764
57,0.0012212068540975451,0.08946431428194046,0.05786008760333061,1289,972,1.6824336399861848,9.405568754735636,10.512171842050334
