event id,p_spot,p_track,p_worm,x_coord,y_coord,width,length,azwidth
11,3.0294044336187653e-05,0.04780663549900055,0.9512743353843689,1288,974,2.723474089956016,8.728158886579667,40.6825051818383
70,0.0010584753472357988,0.6782633662223816,0.31987008452415466,1279,974,2.2111509892702044,9.382761590161373,46.72918801128627
85,0.0047716181725263596,0.595840573310852,0.36229225993156433,1282,979,1.5597030886920475,10.312990018482934,56.15103705908646
99,0.00028936518356204033,0.2809385061264038,0.7187204360961914,1305,971,1.0754168938626,8.76231176456781,50.79280161529438
