event id,p_spot,p_track,p_worm,x_coord,y_coord,width,length,azwidth
4,3.721501343534328e-05,0.966693639755249,0.03322160989046097,1239,1513,13.191770817084318,273.2209663501649,31755.074744829533
10,0.000535933708306402,0.9106022119522095,0.08806470781564713,1278,986,4.781173117267443,20.334183550058395,105.8172797241983
58,9.127820521825925e-05,0.5629014372825623,0.4357043206691742,1280,979,2.4531518319099095,15.022445182162501,21.359148312426722
66,8.212439570343122e-05,0.31572091579437256,0.675017237663269,1284,982,4.700807151433364,14.892855825809669,49.948448611134864
75,1.6785935486041126e-06,0.10977065563201904,0.8902183771133423,1284,981,5.591434007604356,11.541265186006878,31.721236369148823
85,3.991983976447955e-05,0.05203751474618912,0.9477206468582153,1274,993,4.889427776766344,15.231804079107315,28.347215734206667
