event id,p_spot,p_track,p_worm,x_coord,y_coord,width,length,azwidth
8,1.6563434712679737e-07,0.0016214377246797085,0.9983783960342407,957,640,12.176113890700472,165.72344935166512,26524.100902708476
