event id,p_spot,p_track,p_worm,x_coord,y_coord,width,length,azwidth
6,5.394511026679538e-05,0.8348540663719177,0.16505166888237,1290,974,0.9184600077719028,3.817372610203277,1.0375859702959729
69,4.603618071996607e-05,0.8405584096908569,0.1593378782272339,1292,974,0.9176117599540259,4.211903847987911,0.9674606813961375
