event id,p_spot,p_track,p_worm,x_coord,y_coord,width,length,azwidth
68,1.1491703162391786e-06,0.983798623085022,0.01619618386030197,1289,979,0.941346690952914,3.9672688029182095,1.6225445364255042
