event id,p_spot,p_track,p_worm,x_coord,y_coord,width,length,azwidth
26,0.002547838259488344,0.09415353834629059,0.9029878377914429,1292,966,1.5005025841475264,4.874311226805297,17.10236094124332
66,0.0004844252543989569,0.2028290033340454,0.7965938448905945,1299,969,1.0413579865642384,4.955277887051218,16.41352722152279
