event id,p_spot,p_track,p_worm,x_coord,y_coord,width,length,azwidth
5,7.177865427365759e-06,0.0008357042097486556,0.9991569519042969,1641,127,7.436058451327417,449.7332415703604,188.83305229582405
7,0.0002280357584822923,0.0740431547164917,0.9256943464279175,1335,921,5.63082243359686,25.857467959088922,42.84833554889127
26,3.1681971449870616e-05,0.6520644426345825,0.1342690885066986,1267,1011,3.000529313797278,25.582568339495072,9.408388935321813
52,0.00020365310774650425,0.9414746761322021,0.05821480229496956,1355,908,1.9248717564678555,75.84300199400907,156.81152938264853
72,0.0011046204017475247,0.29207056760787964,0.7054091691970825,1305,950,9.185631581499141,32.39962749339425,117.7004116812311
