event id,p_spot,p_track,p_worm,x_coord,y_coord,width,length,azwidth
13,3.288601146778092e-05,0.9606958627700806,0.039255332201719284,1300,955,0.8273292706169836,60.803717636331,336.3760677173802
