event id,p_spot,p_track,p_worm,x_coord,y_coord,width,length,azwidth
7,2.6341547709307633e-05,0.6764247417449951,0.32352662086486816,1289,991,5.202797844641196,7.676002666074357,37.43884386809945
19,6.837370619905414e-06,0.9892616271972656,0.010727784596383572,1287,974,0.8873248367867107,4.843156694935446,4.185343097512078
43,1.0043406291515566e-05,0.8901424407958984,0.10983492434024811,1244,961,4.251066076125969,24.36485840400743,528.9341593762402
