event id,p_spot,p_track,p_worm,x_coord,y_coord,width,length,azwidth
4,4.337436257628724e-05,0.9691942930221558,0.029577337205410004,1290,986,0.9357145083475857,29.251323480619277,166.32401591260324
33,0.0007095890468917787,0.5140765905380249,0.45461928844451904,1293,989,6.0239472262957525,29.12436355711045,129.45235335983574
36,0.02198505401611328,0.18777801096439362,0.7816069722175598,1291,889,3.3382367283325043,66.83413917062205,1399.5815306114232
57,0.006992471870034933,0.18713238835334778,0.8023445010185242,1288,1036,1.7846589863851359,28.38229106507794,192.7157632502852
63,4.245043237460777e-05,0.9452071189880371,0.054253239184617996,1292,992,1.0885056683287633,26.506436427332527,143.35922631418373
71,0.26133665442466736,0.08405424654483795,0.6538375616073608,625,1827,9.76613029778862,546.9057954045587,49630.45799054727
94,0.0015508958604186773,0.01781526952981949,0.9805835485458374,1294,955,23.677553965546505,83.51713438417346,2299.893714122269
