event id,p_spot,p_track,p_worm,x_coord,y_coord,width,length,azwidth
44,0.00014115418889559805,0.8157257437705994,0.1832977682352066,1286,956,6.263481123193118,9.961335441402653,39.30470132087813
56,0.00136133364867419,0.011199472472071648,0.7400307059288025,1282,970,1.6636480073214717,7.8487025536054675,30.715952073335533
