event id,p_spot,p_track,p_worm,x_coord,y_coord,width,length,azwidth
14,0.00023622027947567403,0.9630998373031616,0.036424022167921066,1288,977,1.0257185095277686,6.476169334485604,3.3747900959453676
27,0.0005678408197127283,0.25757622718811035,0.6856091618537903,1275,975,4.64944353197878,7.322085007279015,42.97415279822377
41,0.00011345410166541114,0.9479482173919678,0.05139659717679024,1297,982,0.9775393565120181,7.276706354713631,6.353770205469284
87,0.0002618175058159977,0.00019935338059440255,0.0045027341693639755,1294,975,1.9819277929513817,5.608161231925395,7.153379501635056
