event id,p_spot,p_track,p_worm,x_coord,y_coord,width,length,azwidth
19,1.4390851902135182e-05,0.7297748327255249,0.27020567655563354,1291,973,0.9347873890549523,11.692754547704231,64.04701411112745
27,0.012904392555356026,0.07220182567834854,0.11829099804162979,1286,978,1.8417041605460858,10.03812153187118,53.145208582637274
54,1.5898976926109754e-05,0.9887744188308716,0.01119922287762165,1277,979,0.8870401415688774,11.655935111105302,62.14864923386228
