event id,p_spot,p_track,p_worm,x_coord,y_coord,width,length,azwidth
32,2.4779924387985375e-06,0.003026559017598629,0.9969683289527893,1290,976,1.2939592802662507,12.053379909940059,42.35137912319804
46,0.17461365461349487,0.22777900099754333,0.5825442671775818,1296,979,1.1363720753663134,10.19627826430549,37.13824929058831
59,0.018658198416233063,0.14048194885253906,0.8354001641273499,1286,950,2.771033158882019,15.227147075253193,141.36927897059687
