event id,p_spot,p_track,p_worm,x_coord,y_coord,width,length,azwidth
47,0.7958534359931946,0.09346682578325272,0.10946905612945557,1294,976,0.8677670445720921,1.788228689600376,2.1311332460606214
