event id,p_spot,p_track,p_worm,x_coord,y_coord,width,length,azwidth
4,1.3230371109784755e-07,0.9996429681777954,0.00035667099291458726,1284,986,0.9122047797933621,10.772812660616795,1.1552640903051268
13,4.008671749033965e-05,0.992330014705658,0.0076245833188295364,1289,983,0.9598764317471823,11.449683049842001,1.4808720018192754
59,1.6527931734344747e-07,0.9996732473373413,0.00032594570075161755,1293,982,0.8933188845858832,11.664176776918978,1.0812484682819676
87,7.019531767582521e-05,0.7610312700271606,0.23703430593013763,1291,976,4.996053142166421,18.77714083902611,70.33765993467473
