event id,p_spot,p_track,p_worm,x_coord,y_coord,width,length,azwidth
12,0.0006428460474126041,0.8410910367965698,0.15817463397979736,1290,970,0.8776111044230082,3.8289660238911036,9.016687621231808
61,0.0002716280287131667,0.9650879502296448,0.03461859002709389,1296,972,0.89679069787251,3.3626731377567376,7.453261940187852
69,0.0005052173510193825,0.6094357967376709,0.3900216221809387,1289,973,0.8870091797894851,3.958771030137404,10.415686146949657
