event id,p_spot,p_track,p_worm,x_coord,y_coord,width,length,azwidth
36,0.9033734798431396,0.014380600303411484,0.08223213255405426,1326,940,1.2006911515622076,155.40377190109663,2770.384495561397
45,0.0009149832767434418,0.8516440391540527,0.14594973623752594,1238,994,5.818235191264722,41.47914452096185,259.8103157921484
48,1.8517143018925708e-07,0.9988389611244202,0.0011601876467466354,1252,990,0.9533991658885522,443.799246721839,68464.23869750206
65,6.631456471950514e-06,0.005652233026921749,0.9943406581878662,1131,1120,10.371953548292113,89.414583503635,195.76393277560672
79,0.00021632254356518388,0.9215364456176758,0.0781736895442009,1247,994,10.975625665824952,41.01811574537085,244.7527642914842
85,5.8945108321495354e-05,0.9646530151367188,0.03420122340321541,1265,980,15.580732421367879,286.91293583376086,4849.779013754291
97,0.0003816247044596821,0.00237065926194191,0.99724280834198,1299,970,17.214875685496335,31.76550853645494,579.1008009106181
