event id,p_spot,p_track,p_worm,x_coord,y_coord,width,length,azwidth
3,7.822371230759018e-07,0.9966179728507996,0.0033544269390404224,1280,985,1.0283069049278244,19.447067190682226,22.279528933135825
56,0.02804289199411869,0.7619638442993164,0.20997095108032227,1210,1038,1.7765569537199948,49.24394100338298,199.29096232408583
60,0.00024712245794944465,0.0998397171497345,0.8957850933074951,1270,1004,5.196528752795268,18.617206538757458,40.49475372622859
80,0.0007816488505341113,0.9785793423652649,0.02008626237511635,1302,976,0.9280969205994344,17.033169917236638,15.9880172129855
