event id,p_spot,p_track,p_worm,x_coord,y_coord,width,length,azwidth
27,0.0007020152406767011,0.9568376541137695,0.04108811169862747,1239,903,6.108673419550124,44.5799177763935,1822.7350755658388
