event id,p_spot,p_track,p_worm,x_coord,y_coord,width,length,azwidth
13,0.0010715407552197576,0.7793956398963928,0.21766901016235352,1357,929,15.71238215329101,479.3918459138133,407.7763682843786
19,0.0006236167391762137,0.21151933073997498,0.7877922654151917,1277,994,11.486432483137937,36.646486426653695,160.70398802766115
40,0.003986652009189129,0.9218343496322632,0.07416273653507233,1235,1042,9.888608729436042,287.62871543984755,3935.0359726301094
49,0.07417753338813782,0.2173752635717392,0.7073531746864319,1295,966,7.452882936897814,55.54305450432333,91.5999382073368
66,0.0007263216539286077,0.020217159762978554,0.9790542125701904,1349,933,8.820144440321812,427.3909588991036,2006.6312167373703
86,2.311755679329508e-06,0.9917576909065247,0.008239329792559147,1214,1018,11.060403941542985,49.76757926691293,238.36389731908025
87,6.67722815705929e-07,0.9986286163330078,0.001368625438772142,1264,1008,13.0200279332197,213.15878941181822,1851.397023128238
93,0.9614062309265137,0.022066328674554825,0.016500886529684067,867,1377,26.14830019193954,169.18931259076425,930.8054264660655
