event id,p_spot,p_track,p_worm,x_coord,y_coord,width,length,azwidth
9,0.00011210042430320755,0.7178534269332886,0.28160351514816284,1264,973,2.707092229122797,16.966252477291533,191.8825607955427
12,0.0026165894232690334,0.3739430010318756,0.10090314596891403,1265,969,2.426494146247716,18.69179408692309,226.1049425958196
14,0.02822820097208023,0.3292699158191681,0.6141480803489685,1311,998,6.692222199991347,29.38678892637715,800.3474958174498
73,1.7911663690028945e-06,4.185480429441668e-05,0.3268318176269531,1304,972,2.037831479707859,19.635152037394192,238.76161889924012
74,0.00038539685192517936,0.5049640536308289,0.4942918121814728,1323,977,6.184343203232289,55.552051651604295,2839.4951487147987
