event id,p_spot,p_track,p_worm,x_coord,y_coord,width,length,azwidth
25,1.3668266547028907e-05,0.9667813181877136,0.033026404678821564,1297,974,1.2091856817666717,8.212821465123518,1.6780863515984976
83,0.005651144776493311,0.06774616986513138,0.9265955090522766,1302,970,1.4769182445586795,8.580555945702173,2.297008592086676
