event id,p_spot,p_track,p_worm,x_coord,y_coord,width,length,azwidth
10,4.659435944631696e-05,0.32828018069267273,0.6698201894760132,1272,993,3.9051251965406775,25.552034016720327,18.84227493904004
27,0.002241164445877075,0.8097449541091919,0.18767030537128448,1259,990,10.809285043627597,26.856390898360015,167.61531630409758
30,0.002383106155321002,0.5565455555915833,0.43871334195137024,1334,897,0.9694903925225122,50.44729979266012,25.132332106553314
31,0.7597785592079163,0.007533990312367678,0.2326839715242386,1363,758,5.295313444389799,96.26699737905587,608.3078078277156
36,0.086702860891819,0.8192344903945923,0.09389278292655945,1268,1021,9.520879978768795,27.994383269653778,141.8733820436043
42,0.0011259391903877258,0.9788055419921875,0.019988931715488434,1239,955,19.59327118520439,34.375981018457196,906.1821919249778
96,3.1351560210168827e-06,0.996333122253418,0.0036612222902476788,1276,1008,0.8455736890027272,27.498068723530515,13.773878494308144
