event id,p_spot,p_track,p_worm,x_coord,y_coord,width,length,azwidth
3,5.639585243244483e-09,7.377508154604584e-05,0.9999262094497681,1288,955,4.180209663464284,5.329384841868939,28.23430741813463
22,0.0006402265862561762,0.352527916431427,0.6467099189758301,1300,968,1.1521954775990224,6.461589283013458,14.871499543467793
31,5.5791501836210955e-06,0.9625059366226196,0.0374649353325367,1293,976,1.5565689345907407,24.28338485440432,83.79520716829934
42,2.3625712856301107e-05,0.0024748300202190876,0.01974334754049778,1295,971,1.7931796928474268,6.996086777874443,10.449784367473262
