event id,p_spot,p_track,p_worm,x_coord,y_coord,width,length,azwidth
36,0.32526957988739014,0.37546661496162415,0.1749955266714096,1337,954,5.951063365167904,23.538406040680954,97.96903727621665
51,0.03052651509642601,0.36940643191337585,0.2892986834049225,1292,980,1.5372910049288477,14.790401175720852,70.8415155603137
65,0.00032930989982560277,0.8766093254089355,0.12290789186954498,1295,1017,2.7759588880809867,21.682283768670487,182.1381625542284
77,0.519216001033783,0.25049012899398804,0.219691202044487,1290,980,6.699342459472973,26.63820097446917,703.738272694599
