event id,p_spot,p_track,p_worm,x_coord,y_coord,width,length,azwidth
35,0.0006335870129987597,0.7674077153205872,0.23192423582077026,1106,145,6.478154202040833,420.0874737386221,58431.807650985225
