event id,p_spot,p_track,p_worm,x_coord,y_coord,width,length,azwidth
13,0.00319543550722301,0.4225018620491028,0.5687897801399231,1287,985,1.4413232858855363,10.361006719183283,7.6123205318480425
22,0.0013789351796731353,0.24224336445331573,0.7554267048835754,1291,982,5.294818426306377,12.793097581313338,66.04300721101268
46,0.00044659682316705585,0.07438918203115463,0.5278403759002686,1290,984,2.3291353314034167,10.879831796137259,8.796314041098555
59,5.288891813393093e-08,0.998783528804779,0.0012162092607468367,1300,964,0.9985791769645767,9.779067490899855,6.03378136124097
81,3.5476159609970637e-06,0.3280271887779236,0.67192143201828,1299,965,1.9315535401573527,9.697537383115977,5.09024836035749
