event id,p_spot,p_track,p_worm,x_coord,y_coord,width,length,azwidth
35,0.00012538782902993262,0.976116418838501,0.022875001654028893,1294,983,0.9206250306123,11.011792819511227,24.73999015944352
76,0.0019335420802235603,0.15359102189540863,0.8431692123413086,1290,987,2.0008587475706747,18.965030186174303,44.81048701924876
100,0.0003187484689988196,0.009049666114151478,0.7860476970672607,1294,979,1.6061962333192255,11.348481759429808,32.00250245245953
