event id,p_spot,p_track,p_worm,x_coord,y_coord,width,length,azwidth
12,0.0014071501791477203,0.6834979057312012,0.31320101022720337,1273,962,6.333701673952526,14.307432137952892,173.98728142009693
32,8.821064693620428e-05,0.9674122929573059,0.03248358890414238,1277,978,0.9564681576529176,13.531587015455525,54.939459434225206
68,0.0043330746702849865,0.2523055076599121,0.7427131533622742,1276,977,1.3198347385280038,11.8214756825164,42.13318217380042
