event id,p_spot,p_track,p_worm,x_coord,y_coord,width,length,azwidth
38,7.596461728098802e-06,0.018760105594992638,0.9812144041061401,1286,977,1.210646586010745,17.743201321630735,117.02130862852162
56,0.002187986858189106,0.04864899441599846,0.9488745331764221,1299,974,1.1475472216060534,18.39650963490058,123.29297352068721
70,0.0017595206154510379,0.012774718925356865,0.6648415923118591,1300,978,2.945030729086178,19.947573509604567,175.12723017101155
71,6.669735739706084e-05,0.008592273108661175,0.9165685772895813,1290,967,2.3936353596243207,18.674125078914663,153.5362235616585
73,0.0002803094103001058,0.03752720355987549,0.7915298938751221,1303,994,2.657964151293941,20.004993838276555,122.63003172945399
95,0.0012611164711415768,0.7238879799842834,0.2721303403377533,1292,982,0.9373705118803037,19.534780612294874,136.5748258995455
