event id,p_spot,p_track,p_worm,x_coord,y_coord,width,length,azwidth
9,1.4866884157527238e-05,0.005044048186391592,0.9949408769607544,1355,989,3.8603839271946203,27.01781165133855,656.484271442132
12,0.0005613067769445479,0.031435299664735794,0.967796802520752,1043,1071,3.6887092780032518,135.65484043671262,3900.385628789053
58,0.0024343510158360004,0.7859958410263062,0.1982448548078537,1290,969,6.812114113103428,10.9482116459864,110.10106685419987
