event id,p_spot,p_track,p_worm,x_coord,y_coord,width,length,azwidth
12,1.8717077665542092e-08,0.0018773454939946532,0.99812251329422,1289,970,1.1591138940053927,7.327453036046708,27.595574613491745
50,0.04603949561715126,0.08185786753892899,0.8709973692893982,1244,987,5.704292519363545,24.409104650573198,342.4499243951561
