event id,p_spot,p_track,p_worm,x_coord,y_coord,width,length,azwidth
20,6.381494313245639e-05,0.8621252775192261,0.1365387886762619,1292,975,1.3029746732763972,9.402600847893869,12.530476742669466
78,5.001306362828473e-06,0.95683753490448,0.043064650148153305,1296,975,1.090764224791411,6.095617512191275,3.018375524573015
