event id,p_spot,p_track,p_worm,x_coord,y_coord,width,length,azwidth
78,0.9999966621398926,1.1044299981222139e-06,2.2211952455108985e-06,1299,972,0.8856664933850997,0.9303758688363744,0.8605621954819961
