event id,p_spot,p_track,p_worm,x_coord,y_coord,width,length,azwidth
9,0.012952661141753197,0.11631567031145096,0.6780362725257874,1296,970,1.441533110523809,10.368685396247857,3.5718740018374326
50,3.986752744822297e-06,0.9942806959152222,0.005707885138690472,1287,982,0.9426234185430442,11.116726717281797,2.584534808719681
