event id,p_spot,p_track,p_worm,x_coord,y_coord,width,length,azwidth
20,7.048940460663289e-05,0.9116981029510498,0.08813222497701645,1307,963,1.177783800302415,12.489158627236488,20.155211318691453
60,1.7268780538870487e-06,0.9967734217643738,0.0032185812015086412,1299,968,1.0232296978621327,10.266291844387943,16.700220116798366
87,0.00017530639888718724,0.01307965349406004,0.9866998195648193,1312,971,3.591612206343108,9.464666820470256,52.86485203083267
