event id,p_spot,p_track,p_worm,x_coord,y_coord,width,length,azwidth
23,0.08442497998476028,0.5754206776618958,0.338661789894104,1289,982,1.5441327777713318,10.111232299235734,5.856913823938637
34,0.0037794793024659157,0.20735737681388855,0.7879073023796082,1309,968,2.750712641512785,66.25723569872589,1130.1419047235236
40,1.7762826246325858e-05,0.12613245844841003,0.8463930487632751,1290,988,2.044713045080099,9.187392836006142,10.083005725785858
43,3.9851946098679036e-07,0.9987699389457703,0.0012169398833066225,1289,982,0.8389684214350921,7.9509263502052,1.6872153472365374
