event id,p_spot,p_track,p_worm,x_coord,y_coord,width,length,azwidth
3,3.0241510103223845e-05,0.00819296482950449,0.9678059220314026,1300,965,2.819931952525707,23.064991591288695,176.81362964854787
