event id,p_spot,p_track,p_worm,x_coord,y_coord,width,length,azwidth
12,0.0003907455538865179,0.4051216244697571,0.594355046749115,1295,976,0.9870984739716206,4.142812386285884,6.675324179689033
