event id,p_spot,p_track,p_worm,x_coord,y_coord,width,length,azwidth
50,0.0038324601482599974,0.4650809168815613,0.5197428464889526,1276,981,1.5094077415737703,16.042919795704414,40.81665830467616
62,0.0371394045650959,0.36515864729881287,0.5974729061126709,1305,961,1.392385191675374,14.752747024007222,33.1707681587058
67,3.8600541302002966e-05,0.7743228673934937,0.22560568153858185,1297,962,7.966268976418789,73.00755511532014,2219.207573824648
75,0.00015628163237124681,0.10777115821838379,0.892062246799469,1304,958,2.4671343028783044,10.205790681946977,17.187884541275928
92,0.0008550917846150696,0.8214567303657532,0.17758513987064362,1277,982,1.1342795073432652,13.34572735463504,28.907312463070568
