event id,p_spot,p_track,p_worm,x_coord,y_coord,width,length,azwidth
4,0.000404196121962741,0.3362109065055847,0.5020183324813843,1274,988,7.924863372058106,190.3800412037023,193.73290291866263
9,5.169023893358826e-07,0.9988387227058411,0.0011590145295485854,1200,1058,1.0225083585553418,63.70123707243823,134.69384016153197
29,0.0007038204930722713,0.9296223521232605,0.0696680024266243,1224,1050,0.9662031361386397,50.95350621567315,100.59116043017835
34,0.033545028418302536,0.5665528178215027,0.39989057183265686,1292,973,6.754976903140485,503.1493013369151,7248.308900708482
38,9.542566203890601e-07,0.9949878454208374,0.004993710201233625,1282,987,1.387006861401917,38.855280526060106,51.50640880845135
66,0.0010682643624022603,0.664618194103241,0.3258931636810303,1240,1018,3.4784337047364415,35.26493573765104,21.690348809705505
86,9.162960736830428e-07,0.9958564639091492,0.004141370300203562,1291,979,2.879185537048098,395.7561226165825,15464.078203822603
90,8.811326551949605e-06,0.9544354677200317,0.04545893892645836,1278,990,1.2020640681433523,24.575172209630125,32.51780761887935
