event id,p_spot,p_track,p_worm,x_coord,y_coord,width,length,azwidth
12,9.732199032441713e-06,0.019068587571382523,0.9802859425544739,1295,970,4.421787429456549,12.933997397310321,112.0550522889225
15,0.0003331115294713527,0.9728797674179077,0.026449130848050117,1286,970,0.9228196388725317,14.051424438559302,127.25952326819255
17,0.0005314168520271778,0.9725881814956665,0.02677224390208721,1278,970,0.5548684330248808,3.231704943757466,6.7225257189759215
23,0.003659116802737117,0.2672659456729889,0.6861728429794312,1279,978,5.730994320690979,14.744472987397133,122.98123617730353
29,2.5032488792930963e-06,0.0012361936969682574,0.9986081719398499,1281,970,2.0721073369542027,10.069273450610805,71.49369089142454
42,0.02745746076107025,0.8632062077522278,0.10826421529054642,1244,970,0.9848937834125326,20.846290260499316,286.0541127665146
88,0.007074194028973579,0.15403442084789276,0.48603513836860657,1305,980,4.384740041838692,18.099858875783525,276.6948027769008
90,0.005902507342398167,0.7189810276031494,0.27090588212013245,1241,960,5.403334986627593,17.966711192526933,278.9070450237756
91,0.0004261006251908839,0.9709416627883911,0.028587626293301582,1277,972,0.8150320752085368,14.582963119436576,136.2727841643265
