event id,p_spot,p_track,p_worm,x_coord,y_coord,width,length,azwidth
3,1.4523317986459006e-05,0.9839916825294495,0.015760937705636024,1470,889,4.291861773837726,96.64586272045932,2817.2620236094485
16,0.0017364035593345761,0.8361260890960693,0.1461305320262909,1277,972,6.708703026246813,23.179259405009866,381.1009134773584
27,3.461112282820977e-05,0.6290234923362732,0.37092265486717224,1268,979,3.150563165754241,18.532320193840494,147.46906311171105
35,0.00028231137548573315,0.9484797120094299,0.050575222820043564,1271,975,1.2400243087185356,18.70471510285713,160.0114729976292
46,9.01797747587807e-08,0.9991703033447266,0.0008256686851382256,1255,975,0.8885208335272036,20.01688073917536,184.94381998761497
52,0.00019848995725624263,0.002499994123354554,0.005904956720769405,1283,973,2.2115271643115015,17.915658750022068,148.8742297567148
72,6.339359970297664e-05,0.9007212519645691,0.09911132603883743,1303,974,3.3658574078226247,62.99923764044692,2520.4584456319653
