event id,p_spot,p_track,p_worm,x_coord,y_coord,width,length,azwidth
28,6.991020927671343e-05,0.02545647881925106,0.8716279864311218,1296,980,2.8973747037912814,20.015214652518804,108.18465526623393
35,0.20094071328639984,0.030681319534778595,0.7683305144309998,1306,967,2.594806521356133,65.36039183452014,809.7071478469728
38,0.00998678244650364,0.9233595728874207,0.06333490461111069,1643,773,3.0145564205548303,204.51307774944152,10376.129301598074
48,0.00012391203199513257,0.972277820110321,0.027553584426641464,1373,934,2.232152958052078,54.50787114988927,708.0257607098883
51,0.06304272264242172,0.019987348467111588,0.8902923464775085,1299,967,2.199350021175677,21.144384357895714,114.29714607139151
53,2.4623768695164472e-05,0.996330201625824,0.0036335824988782406,1281,981,0.9615268678991497,19.50390625810548,115.85651478101462
77,0.0064277020283043385,0.8295867443084717,0.16304339468479156,1265,982,5.393984327284624,24.676683914288542,122.74058757643637
79,2.8579838726727758e-06,0.00018399058899376541,0.9998131394386292,1015,973,4.768692250808724,109.74251890215595,6470.050748482755
80,9.140105248661712e-06,0.9975966811180115,0.002358143450692296,1264,982,0.9816784484509941,19.317336135893058,111.99873500048491
