event id,p_spot,p_track,p_worm,x_coord,y_coord,width,length,azwidth
21,8.348209667019546e-05,0.8299106359481812,0.16942822933197021,1283,978,1.2226845058502667,8.12368522873966,11.684060200811635
23,1.0,4.8168601551878965e-08,4.119536711755245e-08,1283,980,0.4652249555457983,0.7621725669557329,0.27160838390987496
99,0.0010627328883856535,0.8643761277198792,0.13201729953289032,1322,963,0.9829362256826198,20.866248701338364,86.24868055278368
