event id,p_spot,p_track,p_worm,x_coord,y_coord,width,length,azwidth
82,0.00014636589912697673,0.0016892118146643043,0.9981641173362732,1301,963,0.9183621060541358,4.742001675608862,1.52130345633882
