event id,p_spot,p_track,p_worm,x_coord,y_coord,width,length,azwidth
15,9.1495385277085e-05,0.988664448261261,0.01123585645109415,1281,981,0.9199146106042475,15.224587842346358,69.86040038889016
66,0.00025612933677621186,0.0027894028462469578,0.9969479441642761,1283,975,6.565282455409983,12.864585067165782,99.02760573131289
71,0.0004554798360913992,0.014268748462200165,0.21435533463954926,1284,970,3.707323201719842,13.7141399356954,68.96809875328732
79,0.004820222035050392,0.5683771371841431,0.4258861839771271,1171,762,16.222983901081786,119.7963824229701,11424.951541311133
