event id,p_spot,p_track,p_worm,x_coord,y_coord,width,length,azwidth
41,0.0009435098036192358,0.009310109540820122,0.9896261692047119,1294,965,1.4309438357924669,8.740635402824179,23.638173169338142
51,1.7805357856559567e-05,9.737201617099345e-05,0.0072569171898067,1298,976,1.944525316408424,8.307067520866006,19.92219474790956
55,0.032666970044374466,0.0604783333837986,0.8988276124000549,1294,981,1.3576597099291434,7.966889958156248,24.388069061067295
