event id,p_spot,p_track,p_worm,x_coord,y_coord,width,length,azwidth
6,0.00011063977581216022,0.022174077108502388,0.9088716506958008,1285,981,3.284779054662975,10.586104702643484,14.586346780492716
15,4.243411967763677e-05,0.8416657447814941,0.15819744765758514,1190,1038,6.933227951338316,54.25584497739415,198.72090439934948
25,0.004898024722933769,0.7300001978874207,0.2407938838005066,1251,992,8.750184715520883,21.66676977680915,233.50666811812764
33,1.2974757623851474e-07,9.035495907028235e-08,1.4390279829967767e-05,1290,977,2.7628748615090744,11.772662206733647,23.294406471044255
93,3.475022458587773e-05,0.9133411049842834,0.08660975843667984,1260,1036,9.375321326722293,66.71687898561812,1039.250645586434
