event id,p_spot,p_track,p_worm,x_coord,y_coord,width,length,azwidth
32,0.02256494015455246,0.003627218073233962,0.9738010168075562,1344,963,5.433581200638372,30.29306550955063,444.9892892666839
39,0.00027290984871797264,0.9433735609054565,0.05625884607434273,1239,963,16.534436067832548,301.06982552719097,27240.84368899957
44,1.5316882127081044e-06,0.0022227424196898937,0.9977747797966003,1256,952,2.484019524626516,26.302678209975863,394.97165185251805
47,5.536899827518482e-09,9.475184924667701e-06,0.9999905824661255,1211,992,88.08094651351946,451.91471156530287,8506.049552402443
64,0.0014578776899725199,0.8250056505203247,0.16305404901504517,1269,966,1.409418675674304,26.21684876711019,438.01060317672517
66,0.00211250688880682,0.3985089063644409,0.5993233323097229,1301,972,0.9751092703200617,24.48755784035409,380.8146022817144
84,0.7636496424674988,0.15241198241710663,0.08331438153982162,1224,954,7.137641893542054,26.130089990836073,534.32344031319
85,0.0006697364733554423,0.9246944785118103,0.07314988970756531,1290,938,10.206435411242772,33.090990332645234,454.97253782600484
98,0.043882425874471664,0.15796512365341187,0.7971235513687134,1238,1018,10.494212979432556,49.9193124897117,608.5840898202382
