event id,p_spot,p_track,p_worm,x_coord,y_coord,width,length,azwidth
13,3.831095000350615e-06,0.9962037205696106,0.003792077535763383,1308,959,0.9574295028141999,14.059944206883706,1.6060255037189797
22,3.995548013335792e-06,0.5354183912277222,0.4645591080188751,1307,937,9.483097755708615,31.725248654774145,101.28282284168398
42,7.274226663867012e-05,0.9331478476524353,0.050243962556123734,1303,986,5.4539054840858725,19.122746273180557,67.20108764158496
47,1.11795425254968e-05,0.9935182929039001,0.006464773789048195,1267,1000,1.2260744114971927,20.457515014965328,5.112774197945671
88,1.225555479322793e-05,0.9968425035476685,0.00313927442766726,1105,730,13.677047746810088,157.72357999461875,21843.31752975463
