event id,p_spot,p_track,p_worm,x_coord,y_coord,width,length,azwidth
83,3.0993851396488026e-05,0.000332515686750412,0.9996365308761597,1300,963,0.960327517750685,4.471464458747028,3.5202536299601173
