event id,p_spot,p_track,p_worm,x_coord,y_coord,width,length,azwidth
2,0.409146785736084,0.3309653401374817,0.2580612003803253,1352,1439,2.1700906399704385,234.49789076861416,31402.778020372094
21,0.0003279650991316885,0.9282584190368652,0.07090761512517929,1295,986,0.9359198805737802,13.949729171740936,70.78023116030404
29,0.1868431717157364,0.3006576895713806,0.4883264899253845,1295,995,1.8231122333279117,18.221101112084618,97.77299651214031
73,0.020848972722887993,0.6548224091529846,0.3108380138874054,1274,1009,8.681919495955619,21.708280550334408,85.07730990618131
86,0.019637741148471832,0.020207859575748444,0.9599016308784485,1292,955,1.4242774030852945,12.743647242677481,59.6180694128718
