event id,p_spot,p_track,p_worm,x_coord,y_coord,width,length,azwidth
58,1.8513036081913015e-07,0.9996341466903687,0.00036566663766279817,1270,1013,0.7357075517372891,52.30020307298504,74.39362842520391
