event id,p_spot,p_track,p_worm,x_coord,y_coord,width,length,azwidth
6,0.00032672585803084075,0.8174693584442139,0.18214969336986542,1298,961,1.011784998011311,3.239775831267269,1.8470815406552696
