event id,p_spot,p_track,p_worm,x_coord,y_coord,width,length,azwidth
19,0.000524146540556103,0.29329195618629456,0.7061371207237244,1294,976,1.250319196552727,17.73940457817348,5.939403665993354
30,0.0005935112130828202,0.027705242857336998,0.9617152214050293,1282,994,2.597257504432903,19.649801368583354,14.278444551160078
62,0.0024116267450153828,0.8717873096466064,0.12550857663154602,1279,991,7.2089772863489285,21.60601351212971,57.942687749561706
63,0.0029570935294032097,0.3295639157295227,0.6655834913253784,1314,974,8.7743056695613,19.37794317381534,115.11283928576624
66,0.0002985760511364788,0.8883746266365051,0.10535362362861633,1274,990,8.05219359514995,19.4461975591118,67.15996742443004
