event id,p_spot,p_track,p_worm,x_coord,y_coord,width,length,azwidth
50,3.560017648851499e-05,0.9415245652198792,0.05843355134129524,1325,946,0.9375568164529658,37.23532615883547,73.51565870459251
78,2.4479508283548057e-05,0.3546556830406189,0.6453171372413635,1375,933,8.045137990718123,90.77472502127284,1504.174063947809
87,0.0008052315679378808,0.9249810576438904,0.07368482649326324,1278,943,19.15739763245336,40.15794825576529,406.02372092404437
91,0.00025537743931636214,0.22269579768180847,0.7584949135780334,1276,992,7.14746651553408,38.79637723325464,121.24841070915667
