event id,p_spot,p_track,p_worm,x_coord,y_coord,width,length,azwidth
10,0.999996542930603,1.0271606925016386e-06,2.432329438306624e-06,1293,972,0.9339348308581457,1.1484330566824519,1.3026853768148825
