event id,p_spot,p_track,p_worm,x_coord,y_coord,width,length,azwidth
15,0.006042285822331905,0.4170018136501312,0.5552574396133423,1294,977,1.3452785676977908,18.50961770117293,24.33810304010834
32,0.22204814851284027,0.19486819207668304,0.5819319486618042,1301,958,1.1016971672604292,24.49210298521336,66.9844553647177
60,0.00022544687089975923,0.951198935508728,0.04825311154127121,1281,993,0.8843629839309405,13.619323057436569,18.140565740434074
83,8.261188668257091e-06,0.05761945620179176,0.942155122756958,1274,998,3.3724077170615927,15.592419363688672,14.171470252309605
88,0.004240713082253933,0.07591936737298965,0.9100539684295654,1284,995,1.3376770734137389,13.756355924614311,19.698493332696355
