event id,p_spot,p_track,p_worm,x_coord,y_coord,width,length,azwidth
9,0.024954885244369507,0.20723706483840942,0.47236689925193787,1292,970,2.4870280198888683,34.03911402238053,348.0488798829191
88,0.005896980874240398,0.09281063079833984,0.8773556351661682,1314,918,3.8341402026109948,29.918083498839337,78.10093995863815
