event id,p_spot,p_track,p_worm,x_coord,y_coord,width,length,azwidth
20,3.557424497557804e-05,0.9942356944084167,0.005278429947793484,1117,1105,13.074451146283792,123.464821370112,836.276595139348
21,0.007627100218087435,0.918645441532135,0.07140815258026123,1287,972,8.55089941000315,44.435645585272,850.7172655511441
29,0.0009042573510669172,0.7340012192726135,0.1818310022354126,1248,983,4.590258208551387,180.4481288677603,13998.940688932325
39,1.8256789189763367e-05,0.004686530213803053,0.9952952265739441,1293,973,11.170953891282391,82.89714517997082,515.7337292024625
59,0.00017319653125014156,0.6704517602920532,0.32872918248176575,805,833,22.291622101807654,254.9817295102574,54028.589924499196
73,0.0010804423363879323,0.04786918684840202,0.9509440064430237,1250,991,3.5360169926888356,43.58663990296485,441.52922575745947
74,2.190660779888276e-05,0.13985812664031982,0.859320878982544,1298,964,3.979983190571804,40.089459276608686,550.259455483852
77,2.926064553321339e-06,0.9969467520713806,0.0030289737042039633,1230,992,0.47825515934748297,5.8490284576221745,9.502363904293057
100,0.01493760198354721,0.4161527156829834,0.5225206613540649,1311,965,2.411200789503117,45.188265479039956,703.797145160179
