event id,p_spot,p_track,p_worm,x_coord,y_coord,width,length,azwidth
2,0.002279396867379546,0.7949434518814087,0.20210173726081848,1294,975,6.270446965067103,68.38932846786479,2946.8090300618505
9,0.00412053382024169,0.7244287729263306,0.26895830035209656,1259,974,7.269802594672449,141.5522578135998,6850.206049999504
44,0.06690842658281326,0.08621907979249954,0.8465473055839539,1286,980,8.101990759076875,75.34084265958263,3684.3172651426353
50,5.292763034958625e-06,0.9926114678382874,0.007361478637903929,1219,986,4.774509044750992,41.41544932312055,881.7193746258858
51,0.0008279699832201004,0.4808400571346283,0.508530855178833,1297,975,1.9159884825907927,55.3692628268114,1345.1350858338926
52,0.003210039809346199,0.005811913404613733,0.9903157353401184,1298,962,3.07157282355422,35.60873607336324,582.6526053724276
57,1.874506051535718e-05,0.9841541051864624,0.01578042469918728,1258,970,36.430532697435964,211.01775591637545,37369.40752108083
68,5.496034282259643e-05,0.9834081530570984,0.016471687704324722,1204,922,24.84301622554027,62.56893091134794,3783.924397762061
100,0.002213791012763977,0.9653171300888062,0.03240339085459709,1271,951,16.022600621640827,44.49220483176011,615.8651900683833
