event id,p_spot,p_track,p_worm,x_coord,y_coord,width,length,azwidth
27,2.429712537832529e-07,0.9995433688163757,0.00045061734272167087,1280,993,0.8997464930964957,15.693986049429446,4.987206313127101
35,0.0037570924032479525,0.6845591068267822,0.23732073605060577,1282,997,5.144569494579855,23.232385886145305,40.494211815350184
43,0.0011068853782489896,0.7303166389465332,0.2671425938606262,1304,954,2.759439827098243,19.254415416806296,10.002263002564648
50,7.839989848434925e-05,0.8284977674484253,0.17125117778778076,1285,991,6.483612646817981,14.148320441776406,49.84737325766564
51,0.0008691077237017453,0.8694887757301331,0.1295996606349945,1292,1090,5.678611781520943,59.54877366309388,1224.9101063515575
52,0.002068702131509781,0.6950798630714417,0.2286493480205536,1295,976,7.2307217786952505,15.922357708649672,53.636593791432134
66,1.1968921853622305e-06,0.9978109002113342,0.0021845120936632156,1290,982,0.9877073667742879,14.640750034456705,3.593724646127755
74,0.0012296439381316304,0.7697264552116394,0.228814959526062,1287,979,1.3175609841922666,40.94908916061185,8.891748685217868
78,0.3941124975681305,0.5665954947471619,0.038908451795578,1322,1047,11.610744788232529,31.820348986143646,847.9760970974629
