event id,p_spot,p_track,p_worm,x_coord,y_coord,width,length,azwidth
18,0.8562484383583069,0.07603657245635986,0.06754150241613388,1423,976,20.88139002132592,77.37670792250053,2389.694964289232
24,0.0009550433023832738,0.8088927268981934,0.18975664675235748,1282,997,11.671419440961749,68.76428312782467,150.29241290165461
53,0.00017959582328330725,0.9364103078842163,0.0628456100821495,1291,989,8.32140256628529,50.940563294115044,70.14978561072472
54,3.742040280485526e-05,0.983609676361084,0.016237623989582062,1266,1060,1.7407447823382693,37.290983236991,102.30995464402997
83,0.014344540424644947,0.20941878855228424,0.7473255395889282,1317,913,0.962756792406182,24.948290143149876,44.99134672628097
84,7.97879183664918e-05,0.9303553700447083,0.06942661106586456,1292,990,2.68760444481841,252.984360804571,4487.452311773272
86,0.0024560706224292517,0.48041030764579773,0.5164929032325745,1299,965,10.680266261990983,95.61900931352967,4677.982513141095
97,2.071059725494706e-06,0.0005422139656729996,0.9994555115699768,1310,906,2.5685524830437942,33.828502164600984,92.89992553922782
