event id,p_spot,p_track,p_worm,x_coord,y_coord,width,length,azwidth
43,1.1816303413070273e-05,0.9841293096542358,0.0158302653580904,1275,931,13.960733381314741,21.72193331307263,323.9606883916004
58,0.005782402120530605,0.5446755290031433,0.3982354700565338,1331,988,6.879009410509827,22.910256233063887,466.5325918676769
93,6.834966188762337e-05,0.03672114387154579,0.7425366640090942,1311,975,2.4003660064698535,13.662101790720168,101.61825630465685
