event id,p_spot,p_track,p_worm,x_coord,y_coord,width,length,azwidth
2,0.003073781495913863,0.4224753677845001,0.5706338882446289,1292,1002,7.135355599332415,20.15023786524898,113.31090427193047
65,0.0010159759549424052,0.7864991426467896,0.09095024317502975,1290,989,4.855230003007472,44.355405548081194,619.9206909170191
94,0.007229666691273451,0.07687871158123016,0.7518112659454346,1289,978,1.7824252147964597,29.024781091841852,112.57221578192171
95,0.00010961070074699819,0.31458866596221924,0.5307823419570923,1284,987,2.2454685257598013,20.65807980110043,27.518691841359953
