event id,p_spot,p_track,p_worm,x_coord,y_coord,width,length,azwidth
82,6.663891554126167e-07,0.029846373945474625,0.9697145819664001,1287,974,3.9876690624475315,7.524411518981441,48.08103866786626
97,0.0011858437210321426,0.025820733979344368,0.9729772210121155,1297,961,0.9902088366867026,7.820849950872318,24.07074024060027
