event id,p_spot,p_track,p_worm,x_coord,y_coord,width,length,azwidth
39,0.13714352250099182,0.18378189206123352,0.6784171462059021,1294,968,0.8974777308723892,2.74264829372456,4.671380458380281
