event id,p_spot,p_track,p_worm,x_coord,y_coord,width,length,azwidth
56,0.9999874830245972,5.9822859839187e-06,6.5476001509523485e-06,1295,969,0.8118592421183187,0.826914455837466,0.6605335324828683
78,0.9999992847442627,3.2224676260739216e-07,3.2157566920432146e-07,1297,973,0.6332542561441836,0.6901392112116025,0.4039013486312554
99,0.9999979734420776,5.707653940589807e-07,1.4365949709826964e-06,1298,966,1.1405065117151616,1.1679420727667253,1.363508157494405
