event id,p_spot,p_track,p_worm,x_coord,y_coord,width,length,azwidth
18,0.9999970197677612,1.4095452343099169e-06,1.5746313692943659e-06,1290,973,0.8124985030817223,0.8209153137378328,0.6605610938181683
58,0.9999961853027344,9.181915174849564e-07,2.8191432193125365e-06,1299,963,1.0956275053931257,1.1519863810613076,1.2540779827855772
67,0.9999933242797852,2.6426960175740533e-06,4.05656692237244e-06,1296,970,0.9340523358367077,0.9806411314152231,0.891015214456497
80,0.999998927116394,4.91961543502839e-07,6.111662855801114e-07,1293,979,0.420585227626721,0.6020868625567798,0.21820580825748603
