event id,p_spot,p_track,p_worm,x_coord,y_coord,width,length,azwidth
14,0.9999912977218628,4.190903382550459e-06,4.518721198110143e-06,1296,969,0.9367455587467132,0.9704557426373494,0.8845685559833133
30,0.9999986886978149,3.511372881348507e-07,9.233818332177179e-07,1296,969,1.1630530587127696,1.181008741719806,1.379746160946912
64,0.9999986886978149,3.558036496542627e-07,9.999125722970348e-07,1299,974,1.1291344638905503,1.1665148492553645,1.3537879254443381
92,0.9999978542327881,9.47525734318333e-07,1.234882915923663e-06,1294,972,0.7750008410572523,0.8205469229710975,0.6679563730952559
96,0.9999934434890747,2.665008878466324e-06,3.9692768041277304e-06,1299,973,0.9711074690743591,0.9976825977411666,0.9430543880546552
