event id,p_spot,p_track,p_worm,x_coord,y_coord,width,length,azwidth
63,0.9999986886978149,4.021664494757715e-07,9.276520245293796e-07,1296,976,1.156799574849661,1.1687807936857495,1.3638661717807854
85,0.9999982118606567,4.5377984747574374e-07,1.2589030120579991e-06,1297,976,1.1476438517386394,1.1608697069568537,1.3230815052693319
