event id,p_spot,p_track,p_worm,x_coord,y_coord,width,length,azwidth
32,0.9999991655349731,4.00319549953565e-07,5.192583785174065e-07,1295,974,0.39894131227296986,0.5069822944859018,0.18979040209655573
46,0.9999969005584717,1.555974449729547e-06,1.5072797623361112e-06,1296,972,0.77418944106782,0.7993297329487726,0.6379333556847049
55,0.9999959468841553,1.4151739833323518e-06,2.6350273856223794e-06,1294,968,0.997746300960388,1.0336512962497153,1.0436045412693784
95,0.9999881982803345,5.6350404520344455e-06,6.206364560057409e-06,1295,974,0.7973556720064521,0.8102044096203544,0.6465665696535552
