event id,p_spot,p_track,p_worm,x_coord,y_coord,width,length,azwidth
28,0.5107176303863525,0.005654714070260525,0.48358941078186035,1294,971,1.1199651407790285,2.336522464969923,2.378804606359996
35,0.999996542930603,7.631921903339389e-07,2.761497171377414e-06,1297,972,1.1700550588075465,1.1749766402285262,1.3738444815305837
39,0.9999995231628418,2.529445737309288e-07,2.38390711615466e-07,1293,972,0.632081405348242,0.6476446324290195,0.40148734100444516
50,0.9999985694885254,5.049827223047032e-07,9.30328383219603e-07,1295,970,0.5035085005815099,0.5118083924290113,0.2574644656989086
83,0.9999988079071045,3.399596266717708e-07,7.877117127463862e-07,1295,974,1.1697825002813862,1.1941058850441635,1.3974266466152567
91,0.9999922513961792,3.4438437523931498e-06,4.30130421591457e-06,1295,971,0.9337378941244351,0.9706191656630627,0.9335415686806248
