event id,p_spot,p_track,p_worm,x_coord,y_coord,width,length,azwidth
30,0.9999908208847046,3.7431102555274265e-06,5.494307970366208e-06,1295,972,0.9815212485344279,1.003418305044279,0.9761710879580513
49,0.9999988079071045,3.9125083617364e-07,7.969316584421904e-07,1291,968,1.1525330552976392,1.2580231829902906,1.5639632991567982
84,0.9999921321868896,2.9484012884495314e-06,4.909222298010718e-06,1294,971,0.8944319404098069,0.9265546429097263,0.8435229787563521
93,0.9999948740005493,1.913636424433207e-06,3.2320854188583326e-06,1296,971,1.0783848091282113,1.117001693454482,1.2404235073101861
