event id,p_spot,p_track,p_worm,x_coord,y_coord,width,length,azwidth
34,0.9999982118606567,9.865950687526492e-07,8.770858812567894e-07,1293,969,0.6503882862221504,0.6732485942738448,0.44955014928053133
47,0.9999985694885254,3.819039591235196e-07,1.0356633310948382e-06,1774,1047,1.102787429535672,1.128682149645826,1.2569080576292655
77,0.9999915361404419,4.307310518925078e-06,4.141486442676978e-06,1295,970,0.7483597234434657,0.7563086225673681,0.569694804113865
