event id,p_spot,p_track,p_worm,x_coord,y_coord,width,length,azwidth
29,0.9999921321868896,1.9769879600062268e-06,5.823288574902108e-06,1301,969,1.075485390651271,1.1289734767429354,1.1623003964750178
77,0.9999712705612183,8.821192750474438e-06,1.9826911739073694e-05,1292,971,0.9504525719053055,0.9730893749338198,0.9306978263232811
