event id,p_spot,p_track,p_worm,x_coord,y_coord,width,length,azwidth
40,0.9999949932098389,2.0489094367803773e-06,3.022465534741059e-06,1290,973,0.9182973407835309,0.9414925247154341,0.8496101401974188
46,0.9999982118606567,4.939860218655667e-07,1.3205514051151113e-06,1295,967,1.1647639539893473,1.2050079254869381,1.383802233282422
81,0.9999614953994751,1.5827014067326672e-05,2.257722917420324e-05,1295,968,0.8049826344388068,0.8246149157607514,0.6699488886810679
85,0.9999915361404419,1.8897598010880756e-06,6.539014975714963e-06,1298,968,1.0800192525639674,1.1031673786337137,1.1691789162703152
88,0.999997615814209,1.1890505220435443e-06,1.1493150395835983e-06,1295,968,0.761941608477981,0.7778390089216853,0.594321777833356
94,0.9999935626983643,3.2971488508337643e-06,3.119335588053218e-06,1296,973,0.7708471383446648,0.7962852930271251,0.6281115015449351
