event id,p_spot,p_track,p_worm,x_coord,y_coord,width,length,azwidth
7,0.9999974966049194,1.3181246458771056e-06,1.1912296713489923e-06,1293,971,0.752975093650129,0.7899548080674631,0.5769159841859003
8,0.9999938011169434,2.0999852949898923e-06,4.0276649997395e-06,1295,970,0.964064951007363,0.9857969739374229,0.9715721694296113
16,0.9999990463256836,2.3860576447987114e-07,6.803069823035912e-07,1295,970,1.176558700554886,1.2078197274763176,1.4028397386025526
49,0.9999994039535522,3.006051940701582e-07,2.927128548435576e-07,1296,972,0.5500959734652898,0.5746306220737089,0.30359655302800626
60,0.9999994039535522,1.1170558167350464e-07,4.5790983449478517e-07,1298,968,1.2548353152628555,1.2757903166381301,1.6228029384247369
68,0.9999995231628418,2.3877046828602033e-07,2.7420159653956944e-07,1294,971,0.5484801181310708,0.5689664653435851,0.30570173004206935
81,0.9999969005584717,1.3389054629442398e-06,1.821010300773196e-06,1296,970,0.6238170616272377,0.6528749491774127,0.38998111228630905
99,0.9999903440475464,4.250588517606957e-06,5.3394360293168575e-06,1295,970,0.9464757086032687,0.956495636575724,0.9148228016067943
100,0.9999898672103882,3.6753638141817646e-06,6.489484803751111e-06,1300,973,0.9009236415039155,0.9419514686875363,0.8582615306404668
