event id,p_spot,p_track,p_worm,x_coord,y_coord,width,length,azwidth
14,0.9999988079071045,5.826129836350447e-07,5.461848786580958e-07,1289,974,0.5669936468846973,0.6115007041906919,0.3215138667740445
45,0.999997615814209,6.682142270619806e-07,1.6895046428544447e-06,1300,967,1.1436461979647672,1.180185382737488,1.3521472956276
71,0.9999991655349731,3.711379576998297e-07,4.2452114712432376e-07,1288,978,0.43543725044091436,0.7319399701625852,0.18965987665727713
78,0.9999988079071045,2.5296657213402796e-07,9.246138574781071e-07,1300,964,1.1713339451573077,1.2052312226116562,1.3805154148878331
82,0.9999983310699463,5.252616119832965e-07,1.1798240393545711e-06,1297,967,1.2012324854250767,1.2199372839489857,1.488243933611796
94,0.9999988079071045,2.783436627851188e-07,9.032141292664164e-07,1296,967,1.1735816291001904,1.193852057431724,1.3774678684176882
