event id,p_spot,p_track,p_worm,x_coord,y_coord,width,length,azwidth
10,0.999968409538269,7.4330218922114e-06,2.418469921394717e-05,1300,970,1.04824822203115,1.066439945050035,1.102857095066368
12,0.9999990463256836,3.5616022842077655e-07,6.040489779479685e-07,1293,973,0.49890997050223324,0.5456748966872385,0.2495846052576933
