event id,p_spot,p_track,p_worm,x_coord,y_coord,width,length,azwidth
7,0.9999988079071045,3.66607252999529e-07,7.832202868485183e-07,1295,965,1.1894084651505663,1.2160787670689817,1.4499555796150176
9,0.9999864101409912,5.248510206001811e-06,8.294791769003496e-06,1295,968,0.8756961697298654,0.9392541792007315,0.8191788398923119
70,0.9999855756759644,3.9769065551809035e-06,1.0476634997758083e-05,1294,969,0.9707918014596553,1.0041181096796832,0.963471835064437
78,0.9999984502792358,4.6192664626687474e-07,1.0507402521398035e-06,1293,966,1.170576313286131,1.2182022818581748,1.4823169684096589
82,0.9999734163284302,8.48381023388356e-06,1.8089907825924456e-05,1295,973,0.9536647608284696,1.0009085602341343,0.9481302413535018
