event id,p_spot,p_track,p_worm,x_coord,y_coord,width,length,azwidth
54,0.9999995231628418,2.590015242276422e-07,2.9707928206335055e-07,1290,969,0.4482266406717223,0.5883099856947414,0.2671261614687701
56,0.0003431267396081239,0.004613333381712437,0.9950414299964905,1288,970,0.7347080583609794,3.035554619394266,7.1443289548830995
