event id,p_spot,p_track,p_worm,x_coord,y_coord,width,length,azwidth
18,0.9999984502792358,4.435878793174197e-07,1.1223988849451416e-06,1296,969,1.1628182056919945,1.2196361404946774,1.352186938337836
63,0.9999967813491821,1.555027779431839e-06,1.667860715315328e-06,1297,970,0.6361854451843062,0.6552624324180263,0.41301340549317045
67,0.9999954700469971,1.3824579809806892e-06,3.0572639388992684e-06,1296,973,1.0419694294267547,1.080772016486033,1.148305400673898
83,0.999995231628418,2.3747650175209856e-06,2.369010417169193e-06,1297,970,0.782325072127021,0.8090211148150229,0.6252296933114249
