event id,p_spot,p_track,p_worm,x_coord,y_coord,width,length,azwidth
63,0.9999982118606567,5.570818757405505e-07,1.2452335340640275e-06,1298,972,1.133340964918359,1.146171354764736,1.2862756351887425
