event id,p_spot,p_track,p_worm,x_coord,y_coord,width,length,azwidth
38,0.9999971389770508,1.4005784123582998e-06,1.4346784382723854e-06,1292,967,0.6643657726124037,0.6773699574853108,0.4476252768278373
69,0.0007208966999314725,0.0007340852753259242,0.9985450506210327,1297,969,0.6087475929856864,8.297346866128576,48.54819865901535
