event id,p_spot,p_track,p_worm,x_coord,y_coord,width,length,azwidth
12,0.9999986886978149,4.0661649336470873e-07,9.54311758505355e-07,986,248,1.1281711069108393,1.1511284578574876,1.2857505512699732
18,0.9999940395355225,2.644180540301022e-06,3.3698786410241155e-06,1295,973,0.8874640890990452,0.9137095043802645,0.8149244863944083
47,0.9999946355819702,2.9913853722973727e-06,2.3729094209556933e-06,1292,970,0.7648612060367725,0.7661686689782955,0.5861075816206398
90,0.9999864101409912,4.951828032062622e-06,8.608142707089428e-06,1295,965,0.9241449878640836,0.95161174681028,0.8642382165501057
