event id,p_spot,p_track,p_worm,x_coord,y_coord,width,length,azwidth
4,0.004870986100286245,0.0036878716200590134,0.991348922252655,1293,965,0.7425296112350718,4.941188596211342,1.56815857151861
10,0.9999985694885254,2.990294944993366e-07,1.0593481647447334e-06,1298,970,1.1614256956377322,1.210606033541384,1.4653452493322099
34,0.9999986886978149,7.220235715976742e-07,6.322990770968318e-07,1297,969,0.4898380293287375,0.5055777403946817,0.24935188009292902
58,0.9999957084655762,1.51847393681237e-06,2.7646938178804703e-06,1296,969,0.9973752721999098,1.0089072299234416,0.9961857161495022
83,0.99998939037323,4.1971788959926926e-06,6.490775376732927e-06,1292,971,0.976731626276423,0.9929914862705829,0.9755010167311915
