event id,p_spot,p_track,p_worm,x_coord,y_coord,width,length,azwidth
53,1.0211551852989942e-06,0.9995964169502258,0.0004026197420898825,527,1446,0.8533724677652843,27.376675832242565,98.12326142224069
