event id,p_spot,p_track,p_worm,x_coord,y_coord,width,length,azwidth
67,0.9993440508842468,0.00020884245168417692,0.00044355535646900535,2128,787,1.0246400291617905,1.5873992397003531,2.4207393886982773
