event id,p_spot,p_track,p_worm,x_coord,y_coord,width,length,azwidth
52,0.00045908766333013773,0.8142806887626648,0.05342281237244606,273,1649,0.9302291249492826,23.635445222469567,479.0027345875521
