event id,p_spot,p_track,p_worm,x_coord,y_coord,width,length,azwidth
8,2.4184779249480926e-05,0.9883990287780762,0.011238149367272854,2144,224,0.8734519405912026,6.298065596917863,12.388441767743043
81,0.00013344836770556867,0.46005600690841675,0.5397569537162781,1286,981,0.9431753116071357,5.24515844673436,1.0718061618253645
