event id,p_spot,p_track,p_worm,x_coord,y_coord,width,length,azwidth
57,0.001708360156044364,0.4197218120098114,0.5784168839454651,1553,524,0.9652976832123203,7.397323548161391,41.97832415398217
