event id,p_spot,p_track,p_worm,x_coord,y_coord,width,length,azwidth
87,0.0006539853056892753,0.9425066709518433,0.056672509759664536,1128,508,0.8754515207443929,5.70859402481583,6.671580569108224
