event id,p_spot,p_track,p_worm,x_coord,y_coord,width,length,azwidth
3,0.0016089072450995445,0.3360747992992401,0.6620749235153198,1095,1860,0.9992309029149951,7.609136250678138,30.99309411999184
