event id,p_spot,p_track,p_worm,x_coord,y_coord,width,length,azwidth
59,0.003340239869430661,0.07930228859186172,0.9170281887054443,2509,939,0.8365201113505524,6.94709034260125,43.671851967640606
