event id,p_spot,p_track,p_worm,x_coord,y_coord,width,length,azwidth
14,0.9956389665603638,0.00042663206113502383,0.0038876181934028864,2163,1145,0.9669696301882021,21.81787402071775,78.12168362072961
