event id,p_spot,p_track,p_worm,x_coord,y_coord,width,length,azwidth
19,2.337294972676318e-06,0.990839421749115,0.009129567071795464,492,1855,0.8200010124952055,22.617632610779847,232.82765095904838
24,-1.0,-1.0,-1.0,844,17,0.560889528950689,7.476174448317335,23.889408988670393
26,-1.0,-1.0,-1.0,1136,1942,0.6845702903080726,1.2885573673065864,0.6364122211181067
