event id,p_spot,p_track,p_worm,x_coord,y_coord,width,length,azwidth
8,1.8234764866065234e-05,0.9927236437797546,0.0035886596888303757,505,1219,0.9212719800997005,11.95721050899775,41.642293399762686
68,0.2586725056171417,0.5067452192306519,0.06235295906662941,1252,769,0.956707986964006,10.148603571085067,3.5820840205921165
