event id,p_spot,p_track,p_worm,x_coord,y_coord,width,length,azwidth
66,0.0015028996858745813,0.02858002670109272,0.96988844871521,1006,1172,0.9894405727997969,9.423860920205035,15.569368706577462
