event id,p_spot,p_track,p_worm,x_coord,y_coord,width,length,azwidth
99,5.146632611285895e-05,0.9179732203483582,0.08178973942995071,1275,963,5.8303679347105755,29.967766607345073,768.0357159253039
