event id,p_spot,p_track,p_worm,x_coord,y_coord,width,length,azwidth
66,0.08094371110200882,0.15249046683311462,0.7659034132957458,935,69,1.0424667531617686,2.9513080322825114,3.430193889997164
77,0.9999998807907104,6.01994400994954e-08,5.6257142944105e-08,1216,1287,0.7877975991857391,1.3100896627873941,0.7551055144128139
