event id,p_spot,p_track,p_worm,x_coord,y_coord,width,length,azwidth
71,0.9999744892120361,1.4326709788292646e-05,1.01185769381118e-05,1434,1491,0.835330668178167,1.5565873965722874,2.035529551127138
