event id,p_spot,p_track,p_worm,x_coord,y_coord,width,length,azwidth
26,0.048816878348588943,0.7636690735816956,0.18434831500053406,465,1644,1.9654378621883348,504.5197497972827,75.91597594055312
