event id,p_spot,p_track,p_worm,x_coord,y_coord,width,length,azwidth
63,0.012898356653749943,0.9067847728729248,0.07710151374340057,2383,1397,0.8843389115609104,17.98932086096508,2.6474899676743915
