event id,p_spot,p_track,p_worm,x_coord,y_coord,width,length,azwidth
23,0.5198124647140503,0.09066364169120789,0.10898961871862411,1200,1206,1.0002753620067566,8.45167983299425,29.569708014596987
