event id,p_spot,p_track,p_worm,x_coord,y_coord,width,length,azwidth
59,0.00012098511069780216,0.9846091270446777,0.015185907483100891,1351,992,0.8914228066417128,11.68775423636448,64.43813894949594
