event id,p_spot,p_track,p_worm,x_coord,y_coord,width,length,azwidth
62,0.17988212406635284,0.620649516582489,0.1965273916721344,1647,1800,0.8698556800513384,2.4828653650482604,5.637139110652389
