event id,p_spot,p_track,p_worm,x_coord,y_coord,width,length,azwidth
82,0.0004990216111764312,0.6629369258880615,0.33615148067474365,1049,921,13.969944472039087,52.05852624278551,2704.4546098669584
