event id,p_spot,p_track,p_worm,x_coord,y_coord,width,length,azwidth
3,0.9996576309204102,0.0001985712442547083,0.00014246042701415718,1244,884,1.0225655425885254,1.6926400408781608,1.519250990161405
29,0.41040101647377014,0.10511987656354904,0.48329007625579834,1671,1476,0.9968775654651938,10.797121632579687,46.78405655832329
79,0.003101461101323366,0.9610083103179932,0.032396625727415085,295,1277,0.9486828082025585,13.328268909511744,7.325639666013522
