event id,p_spot,p_track,p_worm,x_coord,y_coord,width,length,azwidth
21,7.847652159398422e-05,0.012865484692156315,0.9869612455368042,1979,276,5.049040221489585,15.88147915172685,236.32142707150766
98,0.0003192191943526268,0.8728966116905212,0.12667638063430786,309,761,0.711589565350537,5.939311223094353,8.654955731683568
