event id,p_spot,p_track,p_worm,x_coord,y_coord,width,length,azwidth
75,0.0036253530997782946,0.9397144317626953,0.055297356098890305,835,1785,0.9712225959795728,9.63753308624281,3.35982304970486
