event id,p_spot,p_track,p_worm,x_coord,y_coord,width,length,azwidth
49,0.0009313958580605686,0.8328112363815308,0.16569973528385162,1530,1238,0.9633545630097827,10.826718052396874,35.44509833170069
