event id,p_spot,p_track,p_worm,x_coord,y_coord,width,length,azwidth
38,0.9999983310699463,6.74577904646867e-07,8.955602766036463e-07,1567,1057,0.8859272754735743,1.361113779404015,1.6586346851967138
49,0.9999961853027344,1.685239340076805e-06,2.092944441756117e-06,1124,744,0.8529701344382667,1.257791404384513,1.5488139484018113
