event id,p_spot,p_track,p_worm,x_coord,y_coord,width,length,azwidth
2,3.4621440136106685e-05,0.9044615626335144,0.09549590200185776,2240,451,0.940807361562061,6.858274906412581,26.156341347951834
90,1.1056597486458486e-06,0.99797123670578,0.002022356726229191,964,1906,9.068053436266899,669.8164131452214,319491.6042156394
