event id,p_spot,p_track,p_worm,x_coord,y_coord,width,length,azwidth
93,4.348334186943248e-05,0.9397886395454407,0.0601206049323082,812,583,0.7924754312384806,6.657681584454758,7.710469196594303
