event id,p_spot,p_track,p_worm,x_coord,y_coord,width,length,azwidth
89,0.05670252442359924,0.5829722285270691,0.35978972911834717,629,1252,0.8271697676412088,6.3999644431924425,20.101979444467467
