event id,p_spot,p_track,p_worm,x_coord,y_coord,width,length,azwidth
33,0.0002056839148281142,0.9014316201210022,0.035182636231184006,1238,958,0.9623537656106266,10.962186832518032,11.908075777926816
