event id,p_spot,p_track,p_worm,x_coord,y_coord,width,length,azwidth
19,0.0010869872057810426,0.9132220149040222,0.08415547013282776,1431,1184,0.8551693647704475,23.949756251945008,227.75061252903402
