event id,p_spot,p_track,p_worm,x_coord,y_coord,width,length,azwidth
2,0.013721025548875332,0.23766884207725525,0.7474942207336426,1352,996,0.8067144278993608,5.994310898962102,1.8160167702753183
