event id,p_spot,p_track,p_worm,x_coord,y_coord,width,length,azwidth
1,0.0001325403427472338,0.9672365784645081,0.03166712820529938,1944,832,0.8493505921973942,10.035260534997366,33.5577800561386
