event id,p_spot,p_track,p_worm,x_coord,y_coord,width,length,azwidth
9,0.00020121301349718124,0.9140374660491943,0.08559663593769073,1954,1213,0.8780741274964429,3.639618998430547,6.537133344656474
87,0.8494120836257935,0.023324962705373764,0.12721708416938782,407,1907,1.0779465798071255,8.950443112656309,1.450715167084678
