event id,p_spot,p_track,p_worm,x_coord,y_coord,width,length,azwidth
71,0.00011020802048733458,0.9525511264801025,0.046956516802310944,65,724,0.8383946594704403,5.3880673910744274,10.701427192314133
