event id,p_spot,p_track,p_worm,x_coord,y_coord,width,length,azwidth
21,3.7730621897935634e-06,0.9808074831962585,0.0191789623349905,1986,73,0.8953466163253395,4.249530394505128,16.2043475970915
46,4.176837137492839e-06,0.01777832768857479,0.9822152256965637,1022,662,34.82325084909078,144.28359672678357,20590.472305797615
