event id,p_spot,p_track,p_worm,x_coord,y_coord,width,length,azwidth
53,0.0001832534180721268,0.9863237142562866,0.013439783826470375,1812,1093,0.8738471027877777,12.805879872204205,3.4927429442618227
