event id,p_spot,p_track,p_worm,x_coord,y_coord,width,length,azwidth
58,0.9999899864196777,2.9668417482753284e-06,7.015208211669233e-06,1466,1201,1.0035741534355933,1.1776907023112728,1.386744504945107
64,0.9977937936782837,0.00097923434805125,0.0012115173740312457,1155,393,0.9198755409684423,1.9357000461840588,2.093075061569679
