event id,p_spot,p_track,p_worm,x_coord,y_coord,width,length,azwidth
37,0.04535530507564545,0.8752689361572266,0.0771290585398674,1218,512,0.8825457301932111,12.316114526787807,110.47686266688912
