event id,p_spot,p_track,p_worm,x_coord,y_coord,width,length,azwidth
1,7.041496428428218e-05,0.4240204393863678,0.5758624076843262,299,819,0.9128947307167145,9.37852114684788,4.823259320333695
79,0.0022757083643227816,0.8826446533203125,0.1146199032664299,1621,761,0.9317512218099355,7.611665503073291,42.92374379846876
