event id,p_spot,p_track,p_worm,x_coord,y_coord,width,length,azwidth
83,0.14346849918365479,0.7450225949287415,0.11032329499721527,2403,724,0.7378235143209331,13.07355676679047,6.104446343299588
