event id,p_spot,p_track,p_worm,x_coord,y_coord,width,length,azwidth
43,0.0004066220426466316,0.10723434388637543,0.8923523426055908,2250,980,1.1111667801034544,6.374709399790184,21.071757097338864
