event id,p_spot,p_track,p_worm,x_coord,y_coord,width,length,azwidth
17,2.449355633871164e-07,0.9993404746055603,0.0006592194549739361,685,1472,4.070838225985128,460.72701957876455,5772.619897442554
