event id,p_spot,p_track,p_worm,x_coord,y_coord,width,length,azwidth
30,0.002333198906853795,0.8681092858314514,0.12329742312431335,1326,1613,1.0263024990425464,24.887658852262224,140.90456307575784
