event id,p_spot,p_track,p_worm,x_coord,y_coord,width,length,azwidth
30,0.006541390437632799,0.4690735638141632,0.5215840935707092,700,1043,0.8764570544716133,10.753922425281873,65.66611569673502
33,0.0037391784135252237,0.2454122006893158,0.749782383441925,1850,876,0.9366505727369422,8.125913893685656,19.859373667412953
