event id,p_spot,p_track,p_worm,x_coord,y_coord,width,length,azwidth
33,0.1341991126537323,0.010007095523178577,0.8557319045066833,1319,970,1.3371439607970488,6.394177003583962,9.41059827035614
