event id,p_spot,p_track,p_worm,x_coord,y_coord,width,length,azwidth
75,0.021759435534477234,0.09396347403526306,0.8839403390884399,1294,968,2.4147054937610712,128.80915161033863,15887.1322914409
