event id,p_spot,p_track,p_worm,x_coord,y_coord,width,length,azwidth
5,0.003502701409161091,0.6873464584350586,0.30719229578971863,1267,969,8.02878300320772,10.120218729793548,84.81325799872059
19,0.002214602893218398,0.2757757306098938,0.721680223941803,1272,963,2.845909838405296,14.904294840971186,112.7414250566046
45,0.012147248722612858,0.708173930644989,0.21836218237876892,1290,1007,10.009155274667904,14.057858067902096,152.72394758127413
47,0.00010936868784483522,0.9738982319831848,0.025868361815810204,1255,960,6.04286262789798,29.732466475584474,807.3922574128516
51,0.005257420241832733,0.8791202902793884,0.11207433044910431,1267,994,3.3871585669117943,17.83487448071771,37.3474313439647
94,0.00013685411249753088,0.6620219349861145,0.33773040771484375,1300,932,45.86377073401896,93.86790138434695,4935.72211043563
