event id,p_spot,p_track,p_worm,x_coord,y_coord,width,length,azwidth
39,7.442734931828454e-05,0.004294150043278933,0.9956309795379639,1291,975,0.9131553295175787,7.169762721193415,10.622633665479297
49,4.947465276927687e-05,0.005576528143137693,0.9943711161613464,1296,968,0.8585219002100487,7.453056975155655,14.63770184268814
