event id,p_spot,p_track,p_worm,x_coord,y_coord,width,length,azwidth
34,3.0092913220869377e-05,0.9977105855941772,0.0022528385743498802,1298,1096,9.501094336498609,57.21333791089486,1559.8777347006471
52,0.8863000273704529,0.029111210256814957,0.08458658307790756,1266,995,1.4637516497632526,96.28532810339125,23.963339511514356
91,8.198667700298756e-08,0.02398575283586979,0.9760141372680664,1261,1014,2.7853341080589495,20.02312797461637,20.476957536176624
