event id,p_spot,p_track,p_worm,x_coord,y_coord,width,length,azwidth
38,0.003940276335924864,0.3275531530380249,0.6677202582359314,1294,973,0.7269112880944831,3.272412661779819,1.36917832911021
