event id,p_spot,p_track,p_worm,x_coord,y_coord,width,length,azwidth
21,8.767619146965444e-05,0.9785642623901367,0.019315224140882492,1238,974,3.6193558424587633,151.6248479039808,1746.3016639628436
53,8.131332833727356e-06,0.9984657764434814,0.0015245560789480805,1262,980,0.7540351041590302,13.13784167663829,50.83418405603847
57,2.7283131203148514e-06,0.9985548853874207,0.001439679996110499,1280,988,0.9062940619496523,21.745487959649424,135.18673959672785
58,0.001014223089441657,0.01398535817861557,0.9849975109100342,307,1318,3.3995273802429686,392.4671386706507,34.80552294516937
78,0.0011178918648511171,0.9676666259765625,0.029596352949738503,1199,1057,0.9657392886053462,17.89760872424403,76.84659639919217
90,0.0002444298006594181,0.4901614189147949,0.5091559886932373,1302,990,5.281062625368784,25.164783007515968,91.72107662863948
