event id,p_spot,p_track,p_worm,x_coord,y_coord,width,length,azwidth
95,0.39839810132980347,0.028253158554434776,0.51581871509552,1284,970,6.195928396745666,15.188997828411141,212.8793672178753
