event id,p_spot,p_track,p_worm,x_coord,y_coord,width,length,azwidth
2,9.652840162743814e-06,0.9951351284980774,0.004798394627869129,1418,933,5.332991257403217,48.870052878452746,135.28383354849024
18,1.2208120097056963e-05,0.9869053959846497,0.012950751930475235,1578,807,1.1440908314530633,209.3623225408085,7214.140939968972
33,1.8817285308614373e-05,0.9922471046447754,0.007646653335541487,1155,1034,1.1873297358734916,168.3436201356239,5841.452819062517
38,0.11116835474967957,0.3248833417892456,0.5615718960762024,1243,978,6.648865515396461,29.084108463622545,337.2648826627596
79,8.544413503841497e-06,0.9941794872283936,0.005807401146739721,1266,988,3.5375269570373473,72.16249143407781,353.27360842702427
95,0.00025552944862283766,0.14719577133655548,0.819855272769928,1288,971,2.2304855034259727,16.25146298233767,41.75786280047923
