event id,p_spot,p_track,p_worm,x_coord,y_coord,width,length,azwidth
10,9.963049524230883e-05,0.9560779929161072,0.03131476417183876,1304,547,0.922903454089018,39.69573242768732,211.05096450370056
13,0.0012014649109914899,0.6697917580604553,0.3246188759803772,1309,990,0.8957674010308936,37.010550523023646,470.35021982598636
76,0.005091628059744835,0.4233963191509247,0.5680691003799438,1379,487,9.760122759895774,351.0283216855286,13062.379567098034
85,0.0026609115302562714,0.781670868396759,0.14180022478103638,1308,1098,1.4747705004454477,71.72430273520864,2104.8385282382847
