event id,p_spot,p_track,p_worm,x_coord,y_coord,width,length,azwidth
5,1.1621971680142451e-05,0.9934588074684143,0.006527052726596594,1389,981,7.410339407365867,673.3983790525004,4193.3087332687965
48,4.988014552509412e-06,0.9942342638969421,0.005760483909398317,1760,614,6.734651126747137,180.6884018925389,6468.471416232085
66,0.0029656130354851484,0.8936803340911865,0.10297111421823502,1173,1022,10.420819957851785,234.0495591724976,8267.518275398723
76,0.0005469918833114207,0.5201760530471802,0.47926416993141174,1130,1231,8.098622320405385,76.96361659349216,83.64324971656964
92,0.0005076618981547654,0.5577110052108765,0.4411059021949768,1321,961,8.351500799590672,424.1853041622668,845.8064638902189
93,-1.0,-1.0,-1.0,3,1258,1.0509085296453482,28.35410588648188,402.7284219192002
