event id,p_spot,p_track,p_worm,x_coord,y_coord,width,length,azwidth
10,0.00031965156085789204,0.9499530792236328,0.04060332477092743,1268,996,11.352441486639023,139.35931416612627,15147.066212544594
11,0.008967039175331593,0.288645476102829,0.6914546489715576,1322,845,0.8567933235159876,17.800672236967426,13.826579436594706
47,0.00029384292429313064,0.9834849238395691,0.01518705952912569,1261,1068,18.17454945125451,161.48471321340918,20931.85094947605
58,0.6668301820755005,0.2362208217382431,0.06525184214115143,1377,1050,0.9310066485786822,16.011653881937786,22.63461642347621
62,3.666740303742699e-05,0.991957426071167,0.007747291587293148,1285,905,4.974884637933777,205.44071033332045,14232.654673042325
81,0.9017452001571655,0.0760079100728035,0.021954378113150597,1285,1046,4.79371154264701,126.19644178921403,4319.38513150697
99,5.964260253676912e-06,0.9922487735748291,0.007631684187799692,1268,918,0.9181588150307528,23.588960388028838,39.45739677446115
