event id,p_spot,p_track,p_worm,x_coord,y_coord,width,length,azwidth
43,0.0037708866875618696,0.7345772981643677,0.26002633571624756,1285,996,1.0011159157778597,20.583526111549517,4.883072364748359
92,0.01443800050765276,0.9205060005187988,0.06467042118310928,1251,983,6.127703135391973,27.359156667607085,245.83885912985102
