event id,p_spot,p_track,p_worm,x_coord,y_coord,width,length,azwidth
20,0.0029887596610933542,0.7392244338989258,0.25673478841781616,1227,511,5.857750492508395,242.81480158625845,23982.610423804792
50,0.0030233170837163925,0.2565523386001587,0.7400335669517517,1252,992,2.4597553189082735,15.952633427627092,69.34943773933215
70,0.0010480462806299329,0.9067918658256531,0.09176891297101974,1290,967,1.983966374640993,18.56364949077813,139.70288453243776
