event id,p_spot,p_track,p_worm,x_coord,y_coord,width,length,azwidth
74,0.0001585041609359905,0.8721060752868652,0.12762512266635895,1326,1008,5.029899438232988,34.64093765377283,1108.5421338979263
