event id,p_spot,p_track,p_worm,x_coord,y_coord,width,length,azwidth
14,0.5609214901924133,0.1260077804327011,0.31183522939682007,1245,982,8.285774536922881,39.02213964553806,980.7019875813896
39,0.032177481800317764,0.5419760942459106,0.4134904146194458,1302,1010,2.1617450655343036,14.36807405104228,116.01977498327096
61,0.004125365987420082,0.04713556542992592,0.9481029510498047,1107,708,5.455222130321852,132.01093180247955,15187.066269147548
