event id,p_spot,p_track,p_worm,x_coord,y_coord,width,length,azwidth
76,0.0007987968274392188,0.02016516402363777,0.9790233373641968,1288,968,1.051991936746872,5.9859450831244,34.8965386772495
