event id,p_spot,p_track,p_worm,x_coord,y_coord,width,length,azwidth
35,0.31049516797065735,0.12762969732284546,0.5617062449455261,1252,1010,2.853090038287755,30.51648791568305,12.346083589368808
