event id,p_spot,p_track,p_worm,x_coord,y_coord,width,length,azwidth
5,0.002931843278929591,0.9667105674743652,0.028276624158024788,1307,963,1.7971644157200315,70.31412840566026,137.2428732123103
41,0.002896427409723401,0.8963519930839539,0.0992065966129303,1300,868,14.654177973478673,31.99177534322593,453.23914443965344
69,0.0005101949791423976,0.9565865993499756,0.04084380343556404,1352,1013,9.861680020336683,39.118646058451894,1354.3508281095283
75,0.0041902330704033375,0.6388020515441895,0.35407504439353943,1261,1049,3.918227477863268,51.58143934735554,1066.818778232693
81,0.013585549779236317,0.5983251333236694,0.3705395460128784,1286,994,1.3577175687646925,11.995375975554804,15.72730075073158
