event id,p_spot,p_track,p_worm,x_coord,y_coord,width,length,azwidth
36,5.909340688958764e-05,0.00015452712250407785,0.9997863173484802,1291,964,0.8990526871398766,11.452929587914078,91.2250462199573
95,0.9999977350234985,1.1053130037907977e-06,1.1769778893722105e-06,1337,966,0.8606896496448102,21.31512243379582,293.2508911571698
