event id,p_spot,p_track,p_worm,x_coord,y_coord,width,length,azwidth
37,0.00043526600347831845,0.9662925601005554,0.03225066140294075,1207,889,10.868037470975398,53.49507434992779,1372.2242740587167
38,0.00991781521588564,0.802460253238678,0.17990052700042725,1328,933,8.032257761972499,18.13462621775159,65.15084788888919
43,0.00387918041087687,0.3214413523674011,0.6741741299629211,1377,1132,9.945286137567809,91.00649671631574,6363.932979426207
61,0.0006155351875349879,0.955844521522522,0.04299386963248253,1283,999,9.546017335540013,23.517164468106404,134.34736754367228
