event id,p_spot,p_track,p_worm,x_coord,y_coord,width,length,azwidth
1,0.00014909662422724068,0.9712169766426086,0.02751418948173523,1244,1057,1.0500806916289902,39.54164415226915,401.18867404389977
30,0.0002941062848549336,0.8971720337867737,0.10195938497781754,1437,793,23.065599523062165,73.85581586947909,1777.914223385121
46,0.0009374493383802474,0.7203254699707031,0.2770843505859375,1082,933,0.955633051854208,217.58937891688075,17244.3291446707
