event id,p_spot,p_track,p_worm,x_coord,y_coord,width,length,azwidth
14,0.001259700278751552,0.730627179145813,0.26795145869255066,1486,830,15.702952625611857,127.79907982651743,4325.085245447524
19,0.004145209211856127,0.9353840947151184,0.058955494314432144,1288,953,0.8709479373945258,23.575947045470453,38.79921380187993
26,4.938826532452367e-05,0.6439774036407471,0.35589244961738586,1331,989,22.14911692775943,101.0431468285582,5044.125114645366
55,0.004547591786831617,0.12529432773590088,0.8685151934623718,1269,1059,0.8894117633573264,43.725695605606134,170.8527869562483
61,0.0019867196679115295,0.7705369591712952,0.22633704543113708,1243,1093,7.674592258160456,181.40026645079539,15612.367390420253
63,0.022705882787704468,0.019307078793644905,0.9579629898071289,1262,1192,3.6050441621311076,206.8087244243804,9238.493866595292
95,3.320260293548927e-05,0.9246681332588196,0.07521878182888031,1290,1073,4.254104310091681,340.57796396549367,12950.870460145452
97,0.5848813056945801,0.042486708611249924,0.3720797598361969,1444,959,13.862989482099893,140.80884994939495,4690.996958960108
