event id,p_spot,p_track,p_worm,x_coord,y_coord,width,length,azwidth
28,0.0012342043919488788,0.6492103934288025,0.3423236906528473,840,830,1.4798033082437114,238.30806404596353,47640.92379064031
54,0.0016892390558496118,0.06610825657844543,0.9319949746131897,1265,965,77.95880869609825,331.11628178618616,22993.20364654515
