event id,p_spot,p_track,p_worm,x_coord,y_coord,width,length,azwidth
7,0.0720655769109726,0.6133825182914734,0.30894339084625244,1256,1016,7.621249427449861,213.56693330978015,2166.4075890273234
30,0.4519798755645752,0.2912368178367615,0.25603190064430237,1216,1173,3.404230806446663,155.42225383433322,1926.2055041446238
43,0.0002778811613097787,0.03934439271688461,0.8910495638847351,1321,949,2.380107916151854,16.000454712927475,39.97266459818874
57,6.677250325992645e-07,0.0011061893310397863,0.9988691210746765,1293,980,2.436556316493318,12.011980055785495,24.97854633776674
