event id,p_spot,p_track,p_worm,x_coord,y_coord,width,length,azwidth
18,0.5914527773857117,0.11402341723442078,0.29286429286003113,1296,973,2.403590069788057,64.07528632035086,3177.4617656451323
42,3.278362555647618e-06,0.9966997504234314,0.003295422997325659,1289,974,0.8711729904790716,4.224245205158887,1.5985929161457888
