event id,p_spot,p_track,p_worm,x_coord,y_coord,width,length,azwidth
48,6.824281172157498e-06,0.9474979639053345,0.052463993430137634,1250,973,0.9208407543049774,22.70055094853475,249.26268478962115
71,9.60889010457322e-05,0.006460403557866812,0.8018650412559509,1291,970,2.4067704615752024,5.1197493551471265,15.193995340246184
83,0.0003809371846728027,0.8339276909828186,0.16457971930503845,1287,992,5.267862786643122,19.08846619739223,323.8949378583495
