event id,p_spot,p_track,p_worm,x_coord,y_coord,width,length,azwidth
18,0.03381570056080818,0.7595486640930176,0.2018144279718399,1210,1032,14.538794868915376,79.00857514908128,1398.6893630509562
20,0.0008794657769612968,0.3756926953792572,0.6232931017875671,1372,983,15.028408647372862,47.90240110816371,2289.7303237189694
36,0.009350000880658627,0.7840293645858765,0.20446746051311493,1292,978,4.0346451280810545,170.354192598353,3101.6902946664222
42,0.0594385601580143,0.5292754769325256,0.2635231912136078,1296,890,5.291384032708564,35.878687835510554,524.4374835123165
48,2.4329343432327732e-05,0.005373520310968161,0.9945869445800781,1291,1091,40.044717520575176,121.0043906377239,5700.688214221429
75,0.10410259664058685,0.22652475535869598,0.667763888835907,1277,1069,0.7837085785377516,20.859421016416732,105.71505394677797
76,0.05909167230129242,0.20132775604724884,0.7391631603240967,1288,1004,0.4300260879762842,3.1463650720298224,2.2560642270158673
84,0.010773084126412868,0.7331162095069885,0.2466820776462555,1277,1007,4.368783535502033,23.671012119528736,82.59580183768583
