event id,p_spot,p_track,p_worm,x_coord,y_coord,width,length,azwidth
74,4.142525995121105e-06,0.8868353962898254,0.11315681040287018,1258,954,3.8840845446282883,24.365723137909193,511.75536203513366
91,4.087803517904831e-06,0.9078860282897949,0.09210167825222015,1321,964,1.0152588085878806,25.257279458929055,144.702582422587
