event id,p_spot,p_track,p_worm,x_coord,y_coord,width,length,azwidth
31,2.1314453988452442e-05,0.9893504977226257,0.010440095327794552,1020,1094,2.685573555423876,276.5751405316457,25931.236224634216
45,0.0016113950405269861,0.4320974349975586,0.3965969681739807,1367,963,3.9704505134337165,28.05806239071412,462.5691619354784
50,0.010203586891293526,0.5623604655265808,0.4252046048641205,1966,1024,8.217773020291673,328.94712718280863,94915.96044844175
53,0.001965634059160948,0.8742685914039612,0.12323372811079025,1290,969,4.979889579411309,66.05651721916801,1133.8659536019613
64,0.0008075873483903706,0.9293337464332581,0.0616692490875721,1382,946,0.9013384293632069,23.7824624372885,294.6089768442937
97,0.0017524365102872252,0.05139828845858574,0.9468159079551697,842,1019,6.860051742050579,340.15517404564775,44364.567655177576
