event id,p_spot,p_track,p_worm,x_coord,y_coord,width,length,azwidth
52,0.8262538313865662,0.08708028495311737,0.0736587718129158,1322,949,10.895145052622297,85.7727425352853,5175.523556713133
58,0.27088117599487305,0.6302632093429565,0.09505096077919006,1306,1012,10.344828020979882,42.066080869563756,1705.5634504892455
68,0.0076612913981080055,0.9097614884376526,0.07845300436019897,1277,973,8.969828760940594,44.75019609801331,1954.6956517991598
77,0.34319421648979187,0.09130865335464478,0.5649551153182983,1310,942,10.20538263376207,19.450582167805702,324.71411517496483
