event id,p_spot,p_track,p_worm,x_coord,y_coord,width,length,azwidth
57,8.149704626703169e-07,0.9981439113616943,0.0018501129234209657,1292,830,9.813282193145875,61.16399500680685,1457.4534417783009
62,0.0005759479245170951,0.9657905101776123,0.03361865505576134,1241,1000,10.624180572686287,38.85596293752334,933.4017776936395
97,0.006303989794105291,0.9418760538101196,0.05171036347746849,1460,1135,9.742864763048736,115.63403882750403,12643.63144916451
