event id,p_spot,p_track,p_worm,x_coord,y_coord,width,length,azwidth
42,9.179682365356712e-07,0.9944090247154236,0.005589764565229416,1272,1003,0.9715604259995698,77.50156355552461,158.0400225811087
