event id,p_spot,p_track,p_worm,x_coord,y_coord,width,length,azwidth
30,0.722028374671936,0.11192052066326141,0.1639440506696701,1294,973,1.001499839373309,2.1204940896962867,3.8208512061003823
