event id,p_spot,p_track,p_worm,x_coord,y_coord,width,length,azwidth
10,0.0007543260580860078,0.0038858368061482906,0.9953592419624329,1299,615,5.954020479400486,413.55131377038714,25526.908913909032
16,0.0017286957008764148,0.6305421590805054,0.3588050603866577,1389,691,5.403600663495362,329.62759517362286,467.7179528493858
19,0.9999833106994629,6.679591024294496e-06,9.984484677261207e-06,1320,676,23.928710349696882,342.4064302652506,25365.849674387344
58,5.922880518482998e-06,0.9879314303398132,0.003349459497258067,1325,832,6.714297452803832,112.69382204073071,3885.377562210308
72,0.11797349900007248,0.22568169236183167,0.6496338844299316,1348,969,0.9579781050607811,36.820089100017796,266.88881805018707
77,3.4816494007827714e-05,0.9434871077537537,0.03527807071805,1157,1423,32.7924675130751,106.02312513192079,11238.616700346309
86,0.004329281859099865,0.6187958717346191,0.37621036171913147,1264,1078,25.535363099098323,165.2840745692369,23533.343163389705
88,0.001408010139130056,0.6160860061645508,0.3816911280155182,1453,1276,10.905809535057474,297.450400738939,13990.632885962446
