event id,p_spot,p_track,p_worm,x_coord,y_coord,width,length,azwidth
10,0.00033594341948628426,0.9870269894599915,0.012602854520082474,1782,1116,3.290711099088824,273.68890679301074,69068.31033028889
22,0.001558142015710473,0.38752779364585876,0.6090757846832275,1286,993,8.342014859211158,23.806101451339334,73.64434966164886
40,0.025057034566998482,0.6210885643959045,0.2763597071170807,1272,989,1.2643436145944271,27.817017000880366,541.4094192395552
52,0.10568124800920486,0.7433071732521057,0.1452436000108719,1267,963,1.441578871612988,43.60136552899045,1055.5311609988769
57,2.2004351762916485e-07,6.495074921986088e-05,0.9999347925186157,653,690,65.0460400766809,326.3199113520461,101918.2832288486
63,0.003327514510601759,0.7534921765327454,0.23274768888950348,1251,967,2.2706221676084515,199.6596722952218,29383.618497340292
72,0.0006736707873642445,0.9802951216697693,0.018933134153485298,1264,934,10.547990240734737,51.323206140289656,808.889063836873
91,0.0024216780439019203,0.4416530430316925,0.555721640586853,1277,949,5.71289284093224,70.97345373808561,4954.215964827241
