event id,p_spot,p_track,p_worm,x_coord,y_coord,width,length,azwidth
24,0.0016618347726762295,0.981764018535614,0.016524245962500572,1183,1007,25.46923960263267,538.0171911845974,58092.683597864976
25,0.0012924638576805592,0.749226987361908,0.1797453761100769,1192,974,4.0736122191067095,60.16692029186157,1968.248481616476
37,6.656771802227013e-06,0.9987307190895081,0.0012530968524515629,795,1033,10.492360473863025,77.19821448722023,1553.8894522003998
48,0.023162871599197388,0.03807780146598816,0.938696026802063,1429,856,1.6313312924702192,135.2801390287409,12535.736863776352
50,9.351181506644934e-05,0.9706727266311646,0.02914261445403099,690,875,6.1463290887587805,396.7163036066534,112061.20380968216
70,0.00037514048744924366,0.934847354888916,0.06454332172870636,1415,959,2.9712068116339494,232.84293143552893,37567.20245115506
90,0.00014542383723892272,0.9938622713088989,0.005954839289188385,1302,961,0.8885338331527787,38.80745871859217,1008.5679681666
93,0.025396861135959625,0.5596044659614563,0.41351932287216187,1321,849,0.9106560447338987,38.04477480566357,1043.4956799373663
94,0.21161623299121857,0.7284747362136841,0.05849944427609444,955,829,1.1860524188907355,361.80187082527107,72447.34739788836
