event id,p_spot,p_track,p_worm,x_coord,y_coord,width,length,azwidth
16,0.0005000943783670664,0.8829835057258606,0.11574234813451767,1530,925,3.1399000643984403,139.54047175385494,11452.107665931115
46,0.0018894938984885812,0.0005723033682443202,0.9974949359893799,1176,971,10.05127880544523,45.587445949604344,1402.7500858217636
50,0.059620924293994904,0.7220850586891174,0.21349717676639557,1231,995,12.170017078968874,33.247852576125716,275.21723698931544
63,0.05909966677427292,0.7315457463264465,0.1995374709367752,1430,909,2.2346123103225897,74.53593507798057,1094.329510388528
71,0.0002565596951171756,0.010294396430253983,0.9894484281539917,1309,1040,9.045436951825314,73.8224509095804,5432.647493084638
96,0.00667531555518508,0.9585897922515869,0.034578707069158554,1298,918,5.591435063900484,53.308997913997466,122.0209076266139
