event id,p_spot,p_track,p_worm,x_coord,y_coord,width,length,azwidth
8,0.4092548191547394,0.39953190088272095,0.17883053421974182,1194,1147,2.4601248197306513,102.59537530043578,743.3743208770013
38,0.0002956278040073812,0.07943236827850342,0.9201905727386475,1294,959,1.0524210363155335,22.26591895036884,215.89527198330558
62,0.0483890175819397,0.39524468779563904,0.437950998544693,1299,979,2.3675464931565586,59.940906236240735,2495.4375510161403
