event id,p_spot,p_track,p_worm,x_coord,y_coord,width,length,azwidth
50,0.002872862620279193,0.06305500119924545,0.9338911175727844,1305,964,4.32501718685141,40.12324173780383,112.33839339480076
