event id,p_spot,p_track,p_worm,x_coord,y_coord,width,length,azwidth
13,2.3088114176061936e-05,0.9886830449104309,0.011274403892457485,1271,990,7.112177642523629,42.712312439237486,769.1623371500929
48,3.9727678085910156e-05,0.9927105903625488,0.007226611487567425,974,1202,0.9692980121351905,187.85377700392598,661.0989766243318
72,0.00010685712186386809,0.9318342804908752,0.06539766490459442,1283,1021,7.869376733544887,11.745930445277711,110.58909416042273
