event id,p_spot,p_track,p_worm,x_coord,y_coord,width,length,azwidth
18,0.920907199382782,0.05267674848437309,0.026358798146247864,1067,1015,5.5627625403823,124.83155866750222,5244.753870354307
38,0.0008274807478301227,0.9710363149642944,0.027095448225736618,1170,985,2.213539818498805,257.9745187445398,50930.199750775326
60,0.0006688703433610499,0.0020500465761870146,0.9972809553146362,1240,974,1.3812886965922035,11.474575397662896,84.03816490040987
63,0.027113867923617363,0.4016592502593994,0.5690292119979858,1301,970,4.234645859369008,68.64648199857685,4119.207892908559
