event id,p_spot,p_track,p_worm,x_coord,y_coord,width,length,azwidth
1,9.46728396229446e-05,0.11918115615844727,0.8806933760643005,1554,629,1.949609184053255,183.45581874792165,4125.754292251122
45,0.0021019482519477606,0.7636869549751282,0.2339751124382019,1056,1288,3.7759113787729897,195.09843565627457,176.85439613831844
78,0.007027302403002977,0.0026226039044559,0.015044771134853363,1246,1011,3.9144880402666806,27.77171643913032,22.754109376977077
85,4.2033978388644755e-05,0.9815161228179932,0.01844065450131893,1042,1273,3.6376780433617504,193.62747764444285,141.75554665197612
91,0.03839265555143356,0.1084304004907608,0.8531762361526489,1394,919,12.993685085586831,43.48190523918949,925.5062803311818
