event id,p_spot,p_track,p_worm,x_coord,y_coord,width,length,azwidth
40,0.9999992847442627,3.3312343816760404e-07,3.1459765637009696e-07,1296,969,0.9429099352085425,17.956829353591083,140.09670670810937
