event id,p_spot,p_track,p_worm,x_coord,y_coord,width,length,azwidth
35,0.00038615637458860874,0.9644514918327332,0.0350654199719429,1269,1007,2.049553710402589,25.352081246227122,24.90769680577152
76,4.71146540803602e-06,0.7481122612953186,0.2518673539161682,1339,1016,3.8016941790136283,33.95583852174169,1152.9400006886535
