event id,p_spot,p_track,p_worm,x_coord,y_coord,width,length,azwidth
47,0.9405710697174072,0.001452339580282569,0.0579698383808136,1341,947,1.3653378806849013,82.18984251222119,4802.8926848953415
48,0.6618390679359436,0.09889408946037292,0.22907502949237823,1285,884,12.538654459900634,51.929468669376874,1901.9984045133374
62,0.0011155565734952688,0.5786021947860718,0.41814252734184265,1281,965,4.609806831538355,25.760850051372095,570.352899441915
81,0.016183795407414436,0.8385108113288879,0.14477013051509857,1304,905,5.817629754451839,246.23386929765948,60279.510076417835
