event id,p_spot,p_track,p_worm,x_coord,y_coord,width,length,azwidth
14,0.00011741068010451272,0.9579994082450867,0.041851773858070374,1308,939,13.983186678060958,248.1161711731675,27538.596060858483
26,1.6937556210905313e-05,0.9204493165016174,0.07950509339570999,1315,1023,12.833644463277809,32.865739291527106,981.0325594632415
56,0.0002280125190736726,0.6198227405548096,0.3799417316913605,1328,962,0.9482171049428346,20.257420189395273,62.329962432918656
59,2.766866600723006e-05,0.9888688325881958,0.00998876802623272,1214,863,11.642401403004783,65.80234149719055,2267.3964537055845
81,8.238856935349759e-06,0.9966182112693787,0.0033463709987699986,1266,961,3.90104192997693,49.05249098958082,91.07097934095496
86,0.001953714294359088,0.9155351519584656,0.08221135288476944,1273,978,5.746111916772563,78.93785441331873,3679.6085079368386
99,3.2970776828733506e-06,0.9967862367630005,0.003128217766061425,1352,928,0.8438362744256125,144.4790993172755,2671.3987144159773
