event id,p_spot,p_track,p_worm,x_coord,y_coord,width,length,azwidth
3,0.07101047039031982,0.8597431778907776,0.0691920667886734,1470,472,6.165471008859322,277.1322721564884,2169.6064946424217
4,3.6943499708286254e-06,0.9984649419784546,0.0015216359170153737,1251,1073,7.363451204626538,85.97735693722693,900.1300718581576
33,0.0026015564799308777,0.12174344062805176,0.8755908608436584,1491,868,16.433120268226315,95.59671548709818,4969.5595007082065
36,1.6018988162613823e-06,0.99394291639328,0.006055396515876055,1423,854,3.2840330761881322,111.57629018229127,840.4280311417366
53,0.0011894606286659837,0.9790387749671936,0.01951812207698822,1380,1035,69.31931062785557,673.295536502021,4911.684855311189
55,0.005461100023239851,0.017655786126852036,0.9767864942550659,1270,1041,9.57596851331338,37.88935922415594,93.40468172477868
74,5.714688086300157e-06,0.9956462979316711,0.004320371896028519,1174,1052,3.3523150025775923,235.17327198759142,4576.195447554746
