event id,p_spot,p_track,p_worm,x_coord,y_coord,width,length,azwidth
5,0.00019534959574230015,0.34437233209609985,0.6550779342651367,1235,921,49.18238540522009,90.20550560725813,5090.752806588147
6,0.00013772484089713544,0.9884291291236877,0.01081861462444067,1257,1014,14.844370246880843,28.308580330409992,581.4779110779209
13,0.002283050213009119,0.510539174079895,0.4867236912250519,214,1464,3.7806256213537295,589.5681445039505,2692.611321879849
31,0.009100141935050488,0.9265592694282532,0.06164376437664032,1306,966,5.1552964933755705,77.93703620632795,1159.8956538726934
44,0.0010462289210408926,0.9130913019180298,0.08576419204473495,1269,942,14.74116141788858,36.6161754185437,869.3291482160711
67,1.784306368790567e-05,0.9952270984649658,0.004668687470257282,1316,918,4.211321161840236,60.192049593553854,641.0838072407129
68,0.8003048896789551,0.015654845163226128,0.1840249001979828,1367,1003,10.869236967874198,107.74932184463515,11499.36233275197
99,0.00011349729174980894,0.9814105033874512,0.013601645827293396,1281,988,11.690829061063873,41.976719909670436,1719.778688073493
