event id,p_spot,p_track,p_worm,x_coord,y_coord,width,length,azwidth
7,5.098461930419518e-11,7.450997259184078e-07,0.9999963045120239,1289,998,7.686470412440741,94.79426552172781,2998.93481261552
37,4.581721805152483e-05,0.886326014995575,0.11278153955936432,1308,988,12.320544004714831,21.888398695027373,474.8866030246215
45,2.7402506020735018e-05,0.9863525629043579,0.013617584481835365,1263,995,1.1936534041597515,15.84268016006656,15.953056338622389
58,0.000969167856965214,0.8430027365684509,0.15597198903560638,1269,1041,8.110200095107384,40.55705485159176,220.86213139033055
80,1.565286765981e-05,0.9934451580047607,0.006422678008675575,1533,922,4.8030901204986005,110.74759453692563,4178.144885125824
