event id,p_spot,p_track,p_worm,x_coord,y_coord,width,length,azwidth
52,1.3993222637509461e-05,0.9926416277885437,0.007343517150729895,1231,1050,0.48890524395710494,17.717217903030097,0.3335022977126221
61,0.0001150059761130251,0.9924910664558411,0.007393214851617813,1247,1033,1.252340234656865,19.262711769669117,3.463777862416575
