event id,p_spot,p_track,p_worm,x_coord,y_coord,width,length,azwidth
1,0.0003329128376208246,0.9641218185424805,0.03337225690484047,1413,836,4.342921038072637,94.86688045556322,479.7554081901172
21,0.0001360153401037678,0.9815784692764282,0.018037769943475723,1267,965,5.3118325082960585,32.97801313451002,1058.5886750304296
49,4.3308948079356924e-05,0.8339219093322754,0.16575153172016144,1298,987,6.865520209049515,12.022181277446412,144.10341525876132
