event id,p_spot,p_track,p_worm,x_coord,y_coord,width,length,azwidth
30,0.0012066266499459743,0.45332491397857666,0.5449632406234741,1147,1022,12.07227335171474,77.55150325468992,3529.643990016672
43,0.8546382188796997,0.11334308236837387,0.03149019554257393,1509,850,8.376012632618789,116.08081705285194,2250.341358609951
51,0.19045782089233398,0.6060351133346558,0.20065894722938538,1337,1020,7.043523747755916,59.604178651978415,154.28977594693194
66,7.886911771493033e-05,0.8756582140922546,0.12232135981321335,1293,953,1.5672783397412486,287.323775398348,3235.7996543591053
76,1.9293576769996434e-05,0.9852988719940186,0.012989711947739124,1283,991,13.252135440502823,111.20152612723862,12126.26624981103
79,0.010191040113568306,0.9513160586357117,0.03812739625573158,1304,965,9.607230755522773,360.17876621091295,55769.10874635764
96,0.017957834526896477,0.1614125519990921,0.8201562166213989,1497,1376,11.687568509679515,186.65372849319587,32527.67194378931
