event id,p_spot,p_track,p_worm,x_coord,y_coord,width,length,azwidth
22,0.009726588614284992,0.9045631885528564,0.08390351384878159,1299,949,0.8866420450924392,3.454401579130371,0.8564473377617182
27,0.00011395435285521671,0.355819970369339,0.6437992453575134,1308,980,3.929483094176145,13.649000114346535,172.80278298234708
95,0.00023275101557374,0.12285313010215759,0.8767408132553101,1285,975,2.357690817091193,11.17179707293015,64.54189361417706
