event id,p_spot,p_track,p_worm,x_coord,y_coord,width,length,azwidth
33,6.3420353399124e-05,0.6353150010108948,0.36447227001190186,1298,964,4.796165636971575,8.538363746120817,71.88973304038518
