event id,p_spot,p_track,p_worm,x_coord,y_coord,width,length,azwidth
1,1.3201090951042715e-05,0.9938063621520996,0.006166500970721245,1309,977,9.506417493522413,58.24229147859773,606.9128978058178
13,0.0005691155092790723,0.9630753993988037,0.036052506417036057,1247,1075,1.95706415991693,169.06560248580624,777.9940378502157
32,1.0579630725260358e-05,0.9968247413635254,0.0031560135539621115,1324,900,11.441304347732025,122.14742345660854,5509.218328980123
41,1.1501389053591993e-05,0.9083406925201416,0.09163737297058105,766,1637,1.7718613465696413,575.5251792517864,23697.88693373692
52,0.00020978103566449136,0.980000913143158,0.019787510856986046,1230,973,14.940460168352002,69.05956471939626,1346.6589871103597
57,2.8048252715962008e-05,0.9723943471908569,0.027493460103869438,1399,786,4.417779259756027,236.10530753784334,1105.5722627460239
61,1.4547459841196542e-06,0.9976893663406372,0.0022878851741552353,942,1280,6.936896042705687,141.56784315009438,80.00562721311655
85,5.744606096413918e-05,0.9701529741287231,0.02972877025604248,1190,1096,0.8575547677658358,27.342698337884606,1.5095215258826682
96,3.49883134731499e-06,0.9981889128684998,0.0018040826544165611,1218,821,25.572616900011404,199.42397259672364,39207.439314280746
