event id,p_spot,p_track,p_worm,x_coord,y_coord,width,length,azwidth
11,0.00017824182577896863,0.03423400968313217,0.6033499240875244,1296,986,3.115031757474691,11.128384014289372,36.24346780785666
30,0.06579166650772095,0.6370557546615601,0.2910335659980774,1294,994,1.2382289776467,12.909486597861784,69.51447294338458
43,0.025447284802794456,0.1725054830312729,0.7935452461242676,1297,941,2.3492811949817183,26.679329963690336,367.84963370784794
