event id,p_spot,p_track,p_worm,x_coord,y_coord,width,length,azwidth
9,0.4124758243560791,0.16091102361679077,0.4237293004989624,1307,943,1.31002077337862,13.359861913386474,3.9102510455323847
