event id,p_spot,p_track,p_worm,x_coord,y_coord,width,length,azwidth
28,0.00021861190907657146,0.9559378623962402,0.04136694222688675,1290,963,3.8521555680394166,22.131392235676774,177.3722725824435
91,0.0031102197244763374,0.9177752733230591,0.078968845307827,1290,982,2.6771951378011263,86.35495620463564,1569.3530011554005
