event id,p_spot,p_track,p_worm,x_coord,y_coord,width,length,azwidth
3,5.54673022179486e-07,0.9986039996147156,0.0013951297150924802,1180,990,0.4152825553503192,5.102354729913398,10.565132097790428
