event id,p_spot,p_track,p_worm,x_coord,y_coord,width,length,azwidth
36,0.012538845650851727,0.5577976703643799,0.4151726961135864,1293,976,5.3504582144495325,15.825737955530926,147.24469947152045
59,2.798449031615746e-06,4.173983688815497e-05,0.9999555349349976,1266,963,4.011140116220437,9.935537648765356,85.64324318118892
60,0.05961296334862709,0.2610853314399719,0.6785452365875244,1253,1045,0.7970901984613697,39.436657546363996,23.41863485115156
