event id,p_spot,p_track,p_worm,x_coord,y_coord,width,length,azwidth
2,0.0037060582544654608,0.6304527521133423,0.3655743896961212,1087,1048,8.729141497772584,54.397111216145056,84.4201704954946
4,0.004156989045441151,0.16752514243125916,0.8235377073287964,1230,1001,7.742074256512935,27.952276834605595,181.36229656532274
26,0.09801322966814041,0.0387430302798748,0.8630208373069763,1334,687,11.814151709187096,156.00259793762237,423.2749127439108
39,2.9114620701875538e-05,0.9953018426895142,0.004196861758828163,1208,972,3.9184072345568923,40.195885611596886,1038.4401246342481
40,2.3787677491782233e-05,0.988175630569458,0.011766656301915646,1257,922,17.563248171547382,20.147754084096928,308.52706366392255
53,0.00012765437713824213,0.00133079057559371,0.9985414743423462,1177,1038,23.727317384983817,217.17069204885811,867.7394394558651
80,0.22588413953781128,0.027050722390413284,0.7470204830169678,1479,1118,12.789227365616984,102.65724373142764,10404.724942245504
100,0.4339328706264496,0.04052441567182541,0.5254198908805847,1364,962,6.249178184883248,97.76129554461346,764.4009897136015
