event id,p_spot,p_track,p_worm,x_coord,y_coord,width,length,azwidth
18,0.004412196576595306,0.8355293869972229,0.15986603498458862,1313,924,2.1327225445632667,330.67220331178095,1196.2327377802105
39,0.023233965039253235,0.6112072467803955,0.03896421939134598,1292,1034,0.9398866488933291,14.299018841440693,5.1811233487484225
78,0.0032369063701480627,0.27969661355018616,0.7169737219810486,1366,952,13.107159657027623,51.350745693077045,1130.7764327257887
