event id,p_spot,p_track,p_worm,x_coord,y_coord,width,length,azwidth
40,0.0007576021016575396,0.30326440930366516,0.6940720677375793,1261,1007,2.2048391726993937,16.927747425841748,12.962130416194734
95,0.00013640378892887384,0.6044437289237976,0.395342081785202,1293,969,2.559685522188439,13.035207142183333,13.84336992510589
