event id,p_spot,p_track,p_worm,x_coord,y_coord,width,length,azwidth
3,0.9999979734420776,4.0481896235178283e-07,1.7203435618284857e-06,1369,281,2.1678880604971975,343.4277879117407,15971.747243086063
