event id,p_spot,p_track,p_worm,x_coord,y_coord,width,length,azwidth
42,0.004763240460306406,0.12703748047351837,0.868126392364502,1300,980,4.390756899625271,191.11389946062678,25141.175431757154
43,8.670536772115156e-05,0.06758325546979904,0.9323257207870483,1287,972,4.619571977367142,52.81936816472145,819.8852310973799
57,0.031090589240193367,0.2544443905353546,0.7103416919708252,1691,857,7.519143431428738,220.87211076813432,22633.705753125963
75,0.19090360403060913,0.4049516022205353,0.40265950560569763,1212,1090,8.899256859473876,39.200636891428815,874.0121884275355
