event id,p_spot,p_track,p_worm,x_coord,y_coord,width,length,azwidth
9,0.001713257865048945,0.9318740367889404,0.06365025788545609,1302,1000,6.968501738809464,24.55660005586548,191.4112583759383
79,3.1085855880519375e-05,0.9594277739524841,0.04051060602068901,1341,983,5.212356181880776,28.987394269174356,175.85784337358913
93,0.0032747734803706408,0.6596646308898926,0.3369673788547516,1284,994,1.9493859200988766,13.69320293252093,3.842321090988755
