event id,p_spot,p_track,p_worm,x_coord,y_coord,width,length,azwidth
4,2.6201563741778955e-05,0.9924353957176208,0.007379859685897827,1316,1036,17.927270280917522,236.0662956342746,51632.09476037843
7,0.0001455961901228875,0.9755682349205017,0.020139390602707863,1310,1068,8.583264840329619,111.8804047972113,3731.0929282601505
17,0.00044818539754487574,0.9614207744598389,0.03800113499164581,1598,744,5.611733736736292,221.9063415551711,3957.7380992764047
21,0.00022784704924561083,0.9632024168968201,0.03210769593715668,1283,1015,1.4015743777581797,45.48759989019794,61.47142392856183
49,0.001929726218804717,0.6546603441238403,0.34098780155181885,1250,1033,1.7266036442006731,56.252833971445526,154.70469186242707
79,3.5190510971006006e-05,0.9787110686302185,0.02124672755599022,1317,916,5.875786844516068,536.681085743598,73626.88515724626
89,0.0009082756005227566,0.21125023066997528,0.7823447585105896,1314,998,6.426572547515817,21.454651541993634,47.97716363778067
90,0.011451252736151218,0.059439755976200104,0.9290684461593628,1339,879,0.9418251149945632,51.71974077305682,23.679672110742047
