event id,p_spot,p_track,p_worm,x_coord,y_coord,width,length,azwidth
20,1.5853269360377453e-05,0.9954277276992798,0.004489085171371698,898,1263,13.096965406784474,221.84010098350544,2410.608146987472
24,7.873852882767096e-05,0.91463303565979,0.08406594395637512,1622,251,5.6546287630614644,282.15255798561384,114.30740021504796
26,4.8247966333292425e-05,0.9389721155166626,0.060889098793268204,1271,1088,0.8988838287183194,24.174385677854715,17.32789841763736
47,1.1806353938936809e-07,0.9989902377128601,0.0010054244194179773,1310,960,7.758230788242017,59.18655941894311,157.188800231989
100,5.8769554016180336e-05,0.9924483299255371,0.007452862802892923,1524,721,5.938839369317163,208.68076318469676,1283.0524262750241
