event id,p_spot,p_track,p_worm,x_coord,y_coord,width,length,azwidth
4,0.07689598947763443,0.05032430961728096,0.8726754784584045,1379,984,23.503775793208504,44.8943537038134,795.5274309539906
26,0.9361075758934021,0.00450635701417923,0.0593218170106411,1480,994,1.1663224880473753,20.090307835712636,268.3840137221434
34,0.001928425393998623,0.9630314707756042,0.03378065675497055,1429,963,0.9512094928509316,25.293191949553226,445.3575431979741
46,0.028054673224687576,0.035759489983320236,0.936051607131958,1471,872,20.77502190127552,125.19832706211348,11198.091696226244
51,0.00011879335215780884,0.9812859296798706,0.01849130354821682,772,892,4.371718502928273,406.71415078388674,126905.16822264073
66,4.486386387725361e-06,0.9963185787200928,0.0034970149863511324,618,971,1.0476196618666038,306.58952799301363,43181.22751096909
69,0.01299058087170124,0.6477535963058472,0.3375815451145172,1240,981,6.719358119128484,31.256191939536475,494.4081510131615
96,0.0002553508384153247,0.9537525177001953,0.0428537093102932,1217,951,0.9396210021050747,24.193843885668844,371.3893897924922
