event id,p_spot,p_track,p_worm,x_coord,y_coord,width,length,azwidth
96,0.00032842240761965513,0.024630848318338394,0.9750389456748962,1179,1911,1.2753350898082676,8.297261774333242,19.885323882481266
