event id,p_spot,p_track,p_worm,x_coord,y_coord,width,length,azwidth
57,0.011875303462147713,0.6606205701828003,0.1171162948012352,1322,910,0.8561040355167833,15.138222337041903,42.31519806701534
