event id,p_spot,p_track,p_worm,x_coord,y_coord,width,length,azwidth
7,0.9999898672103882,1.5959960819600383e-06,2.0218174086039653e-06,1151,994,0.31585059918385333,8.349444809670652,27.421701669838438
