event id,p_spot,p_track,p_worm,x_coord,y_coord,width,length,azwidth
48,0.7290312647819519,0.1518210917711258,0.11763034015893936,1554,683,0.9408407608459102,2.2948419832161715,4.413887719166645
