event id,p_spot,p_track,p_worm,x_coord,y_coord,width,length,azwidth
23,-1.0,-1.0,-1.0,2324,1923,1.3051236440506395,9.85737087754969,2.5048167893084514
89,0.03922243043780327,0.7846928834915161,0.1752680391073227,1326,1398,0.7821572009696691,5.178643030258169,14.78141763197933
