event id,p_spot,p_track,p_worm,x_coord,y_coord,width,length,azwidth
23,0.0005351691506803036,0.9580530524253845,0.03732137382030487,647,1792,0.9136000263590495,7.407919939127372,30.23695234488559
