event id,p_spot,p_track,p_worm,x_coord,y_coord,width,length,azwidth
30,0.00010143120016437024,0.008740215562283993,0.9911511540412903,1345,1074,4.6613428014930305,14.385957331645272,63.47165292474496
