event id,p_spot,p_track,p_worm,x_coord,y_coord,width,length,azwidth
19,0.9999905824661255,4.995486506231828e-06,4.465574875212042e-06,1528,774,0.9834641378971023,1.4274227924670233,1.451872199988043
