event id,p_spot,p_track,p_worm,x_coord,y_coord,width,length,azwidth
81,0.006285490933805704,0.6912886500358582,0.30100157856941223,736,1662,0.8399866702410634,5.789483770736794,10.324314345121003
