event id,p_spot,p_track,p_worm,x_coord,y_coord,width,length,azwidth
40,9.11677343538031e-05,0.641262948513031,0.35859647393226624,1117,1905,2.156684159043971,17.836291279706632,241.38500882612612
