event id,p_spot,p_track,p_worm,x_coord,y_coord,width,length,azwidth
12,-1,-1,-1,2590,320,0.48039116963499917,1.488030375830763,1.124301731812316
