event id,p_spot,p_track,p_worm,x_coord,y_coord,width,length,azwidth
29,0.0029277876019477844,0.7762724161148071,0.16729581356048584,1287,986,0.89644780891323,9.751128172833141,8.47627988711171
