event id,p_spot,p_track,p_worm,x_coord,y_coord,width,length,azwidth
70,0.0030798367224633694,0.7516133189201355,0.24528811872005463,1284,983,1.1713653368341392,27.312969346531354,76.53288715038664
98,2.1846099116373807e-06,0.001003961660899222,0.9989939332008362,656,1622,1.6996522935385892,9.901144778792439,68.79083092704774
