event id,p_spot,p_track,p_worm,x_coord,y_coord,width,length,azwidth
39,0.014069123193621635,0.9277597665786743,0.057669974863529205,1746,1225,24.71018050635277,133.29294671926112,16867.33665129338
85,3.0908349799574353e-06,0.005747862160205841,0.9942465424537659,872,1473,1.1258396543142533,5.407371800283685,11.217521546017661
