event id,p_spot,p_track,p_worm,x_coord,y_coord,width,length,azwidth
44,2.1031229535672935e-10,4.527362307271687e-06,0.9999954700469971,2528,302,5.629840036099436,26.527944347234953,678.8075316990399
100,0.00011160867143189535,0.45984745025634766,0.539924144744873,936,859,1.0904883836971229,4.453582612417559,5.843645183235691
