event id,p_spot,p_track,p_worm,x_coord,y_coord,width,length,azwidth
58,0.00015121781325433403,0.9700635671615601,0.029344892129302025,454,1131,0.9055945334786158,7.151582675295586,15.211910556716699
72,0.0005517147947102785,0.16546419262886047,0.8337810635566711,567,1382,1.146467969746082,5.574291029096335,2.916875737093224
