event id,p_spot,p_track,p_worm,x_coord,y_coord,width,length,azwidth
11,0.9999997615814209,9.181838578342649e-08,1.4589583940960438e-07,1225,879,0.8645119478863428,1.2468840103411856,1.419531520267105
55,8.103196887532249e-05,0.7066326141357422,0.2930499315261841,556,371,1.06645088973792,11.14449769284262,2.0640072423197005
