event id,p_spot,p_track,p_worm,x_coord,y_coord,width,length,azwidth
44,0.9514124989509583,0.027018435299396515,0.011479886248707771,860,621,0.958192646096499,8.599440444739555,43.865136271073844
