event id,p_spot,p_track,p_worm,x_coord,y_coord,width,length,azwidth
74,8.746000821702182e-05,0.8907324075698853,0.10203701257705688,1223,1060,0.9071659691828848,5.578224463194884,8.087034015361
