event id,p_spot,p_track,p_worm,x_coord,y_coord,width,length,azwidth
23,0.015887949615716934,0.3825817108154297,0.600183367729187,368,915,1.033986714700573,9.199192625305285,28.040094893716592
