event id,p_spot,p_track,p_worm,x_coord,y_coord,width,length,azwidth
31,3.045978747007183e-11,4.504528078541625e-06,0.9999954700469971,1032,1238,8.500436465670498,14.160207018255848,88.25320093796341
