event id,p_spot,p_track,p_worm,x_coord,y_coord,width,length,azwidth
35,0.00071713823126629,0.9263489842414856,0.07270216196775436,599,964,0.9637905292323437,4.313977031359648,18.358294235982964
