event id,p_spot,p_track,p_worm,x_coord,y_coord,width,length,azwidth
28,0.00016216088260989636,0.9793885350227356,0.020398901775479317,2301,1031,3.1468826558974134,16.797219455624603,260.408196149186
