event id,p_spot,p_track,p_worm,x_coord,y_coord,width,length,azwidth
60,3.2182422728510574e-05,0.004973943345248699,0.9949936270713806,1212,1472,2.6612606764267177,6.234161657859039,30.496287156879998
