event id,p_spot,p_track,p_worm,x_coord,y_coord,width,length,azwidth
49,1.392776994180167e-06,0.9976805448532104,0.002313195960596204,840,1138,2.1439918713440056,29.0047388290582,237.14083374631932
