event id,p_spot,p_track,p_worm,x_coord,y_coord,width,length,azwidth
1,0.1201184093952179,0.4271543025970459,0.35224831104278564,1282,1062,1.7410031394881273,23.652272416048515,52.81108474720073
87,0.017122136428952217,0.07796946913003922,0.9014236330986023,1278,998,2.4399127676553167,28.375740218830323,136.0289550140657
