event id,p_spot,p_track,p_worm,x_coord,y_coord,width,length,azwidth
14,0.9999984502792358,5.823011406391743e-07,9.068457416105957e-07,489,921,1.0274007372590925,1.4088787346121185,1.1168801493719676
