event id,p_spot,p_track,p_worm,x_coord,y_coord,width,length,azwidth
37,8.878606604412198e-05,0.8900488615036011,0.10950946062803268,88,869,1.0374140717655935,7.67026193713894,48.37949980248715
48,0.0010232108179479837,0.003227800130844116,0.9957478642463684,1237,826,24.198723226144875,44.317775093122066,1656.4814635337361
