event id,p_spot,p_track,p_worm,x_coord,y_coord,width,length,azwidth
8,2.4425597075605765e-05,0.5913840532302856,0.40853723883628845,1079,886,9.473873729530629,27.35985449614331,409.48657151002396
