event id,p_spot,p_track,p_worm,x_coord,y_coord,width,length,azwidth
86,6.804212277162006e-14,1.0059841315523954e-07,0.9999998807907104,1720,694,7.248584381614652,45.277865703436696,1890.6068656742038
