event id,p_spot,p_track,p_worm,x_coord,y_coord,width,length,azwidth
76,8.106527005224962e-09,1.9148883438901976e-05,0.9999808073043823,1283,998,1.4500131753845844,7.402696184176003,19.143378723949994
