event id,p_spot,p_track,p_worm,x_coord,y_coord,width,length,azwidth
65,0.019016943871974945,0.8118118047714233,0.16602836549282074,1996,1041,0.8715269135682505,5.741498868483263,24.178341963761227
