event id,p_spot,p_track,p_worm,x_coord,y_coord,width,length,azwidth
2,0.0054309070110321045,0.010349293239414692,0.35550951957702637,1316,960,3.6198044352704875,21.41967109345901,112.14092110511908
71,0.9737398624420166,0.0017886217683553696,0.024470753967761993,1302,962,1.376903343056168,28.71807628033781,174.9338753825573
73,0.0017016400815919042,0.6977885365486145,0.29903092980384827,1297,970,7.689751337984089,48.40505375283678,170.05419233872468
