event id,p_spot,p_track,p_worm,x_coord,y_coord,width,length,azwidth
1,5.217010766500607e-05,0.9173568487167358,0.08242398500442505,1272,980,5.4138534841470864,16.38874239678705,29.405566082877062
15,1.5526181869063294e-06,0.9967670440673828,0.0031486956868320704,1410,946,3.5501810360866495,55.995173086023755,1529.4774675172669
19,3.700986417243257e-05,0.8628710508346558,0.12446162104606628,1288,982,2.567994256247274,10.016046254489595,16.37644295973851
25,0.0027723948005586863,0.8904462456703186,0.10675308853387833,1277,977,11.5608294817052,26.655835561847404,647.9009094331251
77,3.6332636227598414e-05,0.9293423891067505,0.07057464867830276,1286,979,1.1311910972412271,11.147048557060153,20.456626911387552
79,8.558169793104753e-05,0.9644442796707153,0.035428568720817566,1304,970,0.9513073308189403,13.11492407511274,23.566197655196987
87,0.00027828256133943796,0.18347588181495667,0.3068501949310303,1298,969,2.050926670692327,10.992450755155014,15.211294465133443
