event id,p_spot,p_track,p_worm,x_coord,y_coord,width,length,azwidth
24,0.0013546576956287026,0.07525883615016937,0.13956400752067566,2114,215,4.990042096956849,11.53082728377368,125.01864566130982
