event id,p_spot,p_track,p_worm,x_coord,y_coord,width,length,azwidth
5,3.6816694773733616e-05,0.895862877368927,0.10403986275196075,2555,679,0.7503498570637492,6.189952111620972,16.09004213079673
