event id,p_spot,p_track,p_worm,x_coord,y_coord,width,length,azwidth
34,0.0016561229713261127,0.7477717399597168,0.24654947221279144,1286,982,7.477134042937654,136.00346523932876,18222.561893019374
68,1.681601679592859e-05,0.013055806048214436,0.9868865609169006,1297,964,5.778233779556414,6.966626486648521,44.300234509309554
73,0.002343217609450221,0.22627100348472595,0.6093311309814453,1291,979,5.104851007752434,9.231358932112213,39.93864391622825
74,0.0010671655181795359,0.830456554889679,0.16766151785850525,1280,996,3.039179888332447,13.451929525318324,34.5181758559971
78,3.386625024859313e-08,9.056447743205354e-05,0.9999091625213623,1293,966,2.7828318240028245,6.386413414994656,7.874969346009861
