event id,p_spot,p_track,p_worm,x_coord,y_coord,width,length,azwidth
69,0.12891460955142975,0.464313805103302,0.33719125390052795,724,176,0.9216028948824315,4.810796417585279,22.969246280332058
71,0.8863828778266907,0.09199298918247223,0.021464630961418152,1322,1430,0.9409583286451225,1.9486735897792702,0.9748640429730278
