event id,p_spot,p_track,p_worm,x_coord,y_coord,width,length,azwidth
39,5.2654602768598124e-05,0.9824200868606567,0.01595607027411461,1301,976,0.9155995611063703,7.532272348197699,0.9744118498284969
44,4.757512073183534e-08,0.0008005676208995283,0.99919193983078,1296,968,4.279988653755569,7.697457935262414,18.693094571392773
61,0.01072451937943697,0.3473474085330963,0.6410478353500366,1287,980,7.078746826400278,23.131556378634702,489.34430217209797
64,2.2110394638730213e-05,0.0005996202235110104,0.00502169132232666,1300,968,2.493958876494521,8.037535556781647,6.235996233542731
97,0.023652799427509308,0.1909790337085724,0.7853124737739563,1301,965,1.3771386879265974,11.125024129139018,4.0040760457495805
100,5.08899538544938e-05,0.8940730094909668,0.10582205653190613,1292,978,1.1038170479412663,8.290271930166004,1.637913051867909
