event id,p_spot,p_track,p_worm,x_coord,y_coord,width,length,azwidth
84,0.0005753267323598266,0.9285100102424622,0.0706946849822998,2044,1876,0.897470037468287,3.6051421293525037,12.210928068216468
