event id,p_spot,p_track,p_worm,x_coord,y_coord,width,length,azwidth
11,1.8065395124722272e-05,0.9865822792053223,0.006977718323469162,1273,1023,11.354917999298907,34.58724663038189,300.20449393905005
21,8.51854019856546e-06,0.996087908744812,0.0032304362393915653,1232,973,13.689290034707183,32.4887137650297,571.402954072778
66,0.0009461240842938423,0.5698677897453308,0.42853862047195435,1250,975,13.395247381979978,100.46059785456856,756.138187286928
98,5.2405546739464626e-05,0.21335940062999725,0.7694710493087769,1294,991,3.193887222417989,18.463659469111235,11.427351397251465
