event id,p_spot,p_track,p_worm,x_coord,y_coord,width,length,azwidth
18,0.02423054538667202,0.39944422245025635,0.4467809796333313,1261,394,0.8999082907366196,4.869919052871248,2.5856995904314113
53,0.008911761455237865,0.6088184714317322,0.37875720858573914,1209,997,0.9063285632733251,3.9814545202773264,5.751638418865102
