event id,p_spot,p_track,p_worm,x_coord,y_coord,width,length,azwidth
38,0.0005112713552080095,0.5193125605583191,0.47925904393196106,1278,961,3.734654724519655,8.831112953625574,73.23692354806276
46,1.3837234291713685e-06,0.9843233227729797,0.015674110502004623,1283,974,0.9528290327102158,5.926916910782327,15.530370892460535
