event id,p_spot,p_track,p_worm,x_coord,y_coord,width,length,azwidth
8,1.0773682106446358e-06,0.9947471022605896,0.005241588689386845,1279,961,22.108347731775556,396.82555095993825,3243.5970079716085
25,4.8294910811819136e-05,0.9761053323745728,0.023845121264457703,1611,718,5.6110465269611725,186.10081968256029,5470.498678482171
45,2.6756450097309425e-05,0.986215353012085,0.013737518340349197,1241,1008,7.3196417729176515,602.37223582541,181214.6296513182
51,0.0001529711444163695,0.8283683657646179,0.17049594223499298,1102,1140,13.179613387824942,104.65331992388363,188.4824830277786
52,0.00025230925530195236,0.9631222486495972,0.035936832427978516,1536,772,60.817672168060966,523.283348834955,87135.89987883957
79,9.276157584281464e-07,0.9951382279396057,0.0048600235022604465,1567,711,5.301056088509955,306.4100584018395,9300.65955292602
99,9.343903002445586e-06,0.9895504117012024,0.010425588116049767,1348,982,6.51429726004563,49.49136076017245,297.228085859293
