event id,p_spot,p_track,p_worm,x_coord,y_coord,width,length,azwidth
8,0.9959208965301514,0.0006832035141997039,0.0033504029270261526,1297,966,1.0049321678656506,1.6260659005392442,1.7939413646825662
48,0.999997615814209,9.829411737882765e-07,1.3786283261651988e-06,1141,927,0.9490093896711687,62.811801560132366,3498.076719273134
78,8.471364708384499e-06,0.00233702315017581,0.9976544976234436,1296,971,0.905323934686305,5.704253287443848,7.705375768073564
