event id,p_spot,p_track,p_worm,x_coord,y_coord,width,length,azwidth
37,0.00034183679963462055,0.054777055978775024,0.9448328614234924,1366,735,1.2888351640012636,8.718816575958025,62.49877976614498
