event id,p_spot,p_track,p_worm,x_coord,y_coord,width,length,azwidth
18,0.00014999625273048878,0.4698142111301422,0.529956042766571,1292,977,0.8585022845642991,4.218623307055866,0.95163783255292
51,9.464594040764496e-05,0.17274141311645508,0.827042281627655,1291,979,1.314694137282814,4.124809509142876,1.9660211473875782
