event id,p_spot,p_track,p_worm,x_coord,y_coord,width,length,azwidth
15,0.989035427570343,0.002289400901645422,0.0032613291405141354,1157,447,0.9498632665547174,12.96837349065899,18.062412075580628
