event id,p_spot,p_track,p_worm,x_coord,y_coord,width,length,azwidth
16,3.067390571231954e-05,0.11350780725479126,0.885786235332489,1296,975,1.7809227521354973,8.738475955003164,7.782685274391838
28,2.602342306090577e-07,0.9967478513717651,0.0032513218466192484,1292,972,0.9089419387785215,5.251745557304769,0.9236315410475154
75,0.0002011475880863145,0.14272065460681915,0.1879197061061859,1303,964,2.4560435213842324,6.101041886412793,6.191860021954513
