event id,p_spot,p_track,p_worm,x_coord,y_coord,width,length,azwidth
7,4.5655509893549606e-05,0.07782813906669617,0.9221225380897522,959,926,12.367125632343543,159.41261316530222,17009.682828336463
10,4.124027691432275e-05,0.9875251054763794,0.012340986169874668,1261,955,1.5930301342721769,152.91044378539868,9721.810299210178
13,1.8165030269301496e-05,0.9859100580215454,0.011071333661675453,1293,956,0.950408417350644,27.131781038546062,238.78211653927622
23,0.007619007490575314,0.6414061784744263,0.31324031949043274,1260,1014,6.174197073594827,25.572679622661262,230.57910311156272
71,4.058147737850959e-07,0.025555726140737534,0.9744438529014587,1477,811,12.023195754019,111.29552030568927,1595.214065956777
72,7.933386768854689e-06,0.9964871406555176,0.0034623451065272093,1253,980,0.9383340129089672,27.396453554027016,219.84643415171996
