event id,p_spot,p_track,p_worm,x_coord,y_coord,width,length,azwidth
57,0.5151423215866089,0.16848015785217285,0.3154122531414032,1983,1168,0.849914829947305,2.889033251110076,1.2031455568122464
