event id,p_spot,p_track,p_worm,x_coord,y_coord,width,length,azwidth
83,1.8329450313103735e-06,0.982823371887207,0.017163634300231934,1287,979,0.9716408463851438,5.003022859530924,1.3812611412445368
