event id,p_spot,p_track,p_worm,x_coord,y_coord,width,length,azwidth
93,0.002332814037799835,0.9128121137619019,0.08405634760856628,1282,981,8.671421717841826,32.1448010598649,99.42669646030114
