event id,p_spot,p_track,p_worm,x_coord,y_coord,width,length,azwidth
22,0.00040406404878012836,0.9359889626502991,0.06325217336416245,793,1115,1.1615158325439028,11.705073483295665,29.233154868813855
