event id,p_spot,p_track,p_worm,x_coord,y_coord,width,length,azwidth
53,0.0009034713730216026,0.7845481038093567,0.21403244137763977,894,1004,0.8797578050858098,5.181808473688086,6.080641998451671
79,0.10244516283273697,0.618990421295166,0.20970351994037628,95,652,0.9564981805406414,5.65500206008283,2.0270206148146666
