event id,p_spot,p_track,p_worm,x_coord,y_coord,width,length,azwidth
29,0.004803765565156937,0.9066833257675171,0.08745554834604263,1304,971,19.194850505722343,412.78324848782984,47546.885442292834
35,5.664727268595016e-06,0.988822340965271,0.011153564788401127,1413,945,16.670666242683136,37.06215653067197,1204.1587992165735
48,7.334319434448844e-06,0.9952834248542786,0.004658712539821863,1388,892,5.58836439127937,62.7537444434729,290.00754078047856
64,9.774712088983506e-05,0.8454462289810181,0.15403062105178833,1257,998,1.3332544615877704,26.343169400489987,107.12402861125602
87,1.8760736111289589e-06,0.0012420850107446313,0.9987452030181885,1224,951,8.240069023752172,23.278717716347874,208.2138605220787
100,0.007127528078854084,0.9297818541526794,0.0630834698677063,1905,833,7.842310350157162,325.32122999569617,59377.030136772046
