event id,p_spot,p_track,p_worm,x_coord,y_coord,width,length,azwidth
49,5.489976683747955e-05,0.9574242830276489,0.04246361926198006,1096,1120,0.79843707242427,6.902103749489124,6.082890078213986
85,0.008466716855764389,0.5791739225387573,0.40453192591667175,1338,529,0.9306007407065413,5.9523772190082465,29.75723200308166
