event id,p_spot,p_track,p_worm,x_coord,y_coord,width,length,azwidth
4,0.9999996423721313,1.6183498985355982e-07,2.1124299109942513e-07,1121,875,0.8495408318242155,1.297828696765284,1.671996385454532
52,0.27849051356315613,0.5205739140510559,0.19961118698120117,746,1103,0.8541818459852165,2.432199383024191,1.3708026250848975
