event id,p_spot,p_track,p_worm,x_coord,y_coord,width,length,azwidth
10,0.05272592231631279,0.16944620013237,0.7752040028572083,1303,920,23.949504481846592,376.46682970917385,129942.17953391167
28,0.000268825504463166,0.1469518393278122,0.8522738218307495,1354,882,8.389283149048799,52.36963913323969,87.5651648192105
60,0.0021849400363862514,0.05628020688891411,0.9414470791816711,1290,1019,4.990466041608375,447.96792208200935,157246.09436629876
65,0.0001243979058926925,0.5900001525878906,0.399297833442688,1290,991,3.9977322374852604,15.401423814078015,59.485958509886245
66,0.026919126510620117,0.41175681352615356,0.5151277780532837,1273,1339,2.3951655281614523,150.5249872507225,6910.427153881646
77,0.03199188783764839,0.3399716913700104,0.25534573197364807,1318,1039,5.672050155793443,17.876559929429575,214.35580917502472
80,0.23924727737903595,0.30938172340393066,0.4499673545360565,1295,1001,1.0878891863577334,17.816533839342277,121.68516706782951
97,0.10063708573579788,0.04231392964720726,0.8566123843193054,1299,870,1.210153282799995,46.297544719573146,619.1937202550729
