event id,p_spot,p_track,p_worm,x_coord,y_coord,width,length,azwidth
12,4.651688504964113e-05,0.004191951360553503,0.9957455992698669,1392,1134,2.679236179518501,4.633709237855426,7.533995518552592
