event id,p_spot,p_track,p_worm,x_coord,y_coord,width,length,azwidth
7,4.296917268220568e-06,0.008736022748053074,0.9912096261978149,1293,970,3.4484993958894172,6.699462265092581,22.717567560573126
34,2.750352336988726e-07,5.040807991463225e-06,0.9999947547912598,1299,969,2.9142836414876148,3.4032283225896816,11.201452798097685
