event id,p_spot,p_track,p_worm,x_coord,y_coord,width,length,azwidth
2,0.018743393942713737,0.061046138405799866,0.9199824333190918,1323,865,2.510153911892464,53.92854963314071,487.0119398176714
37,0.005791839212179184,0.4294201731681824,0.5641699433326721,1293,1006,4.500116647406657,59.21444317693804,917.7747668125131
77,0.0013967773411422968,0.9220780730247498,0.07567648589611053,1298,1012,2.4298417146276474,41.80327826484082,312.0628730933833
90,0.0024728337302803993,0.9584310054779053,0.020476987585425377,1288,994,0.9799924095158046,21.91214389423806,35.472651891188995
92,0.0005380007205531001,0.9647336602210999,0.028924431651830673,1300,1013,6.6549459889460865,55.74252217073746,45.02908226008657
