event id,p_spot,p_track,p_worm,x_coord,y_coord,width,length,azwidth
69,2.0302171833463944e-05,0.7975350618362427,0.20239277184009552,690,321,0.9229025477123483,6.200434812024467,15.972520684643818
89,-1.0,-1.0,-1.0,16,293,0.875867829523697,5.606620603956158,3.892692304555582
