event id,p_spot,p_track,p_worm,x_coord,y_coord,width,length,azwidth
71,0.0001683643931755796,0.9319049715995789,0.06774985790252686,1285,977,6.530743633134263,56.72830650866023,3192.7845463827107
