event id,p_spot,p_track,p_worm,x_coord,y_coord,width,length,azwidth
97,-1,-1,-1,15,147,0.9644783433698005,2.794745420458989,3.499094282764974
