event id,p_spot,p_track,p_worm,x_coord,y_coord,width,length,azwidth
3,0.9999884366989136,5.484238499775529e-06,5.911868811381282e-06,1141,547,0.8915234594647515,1.6005689909083776,1.9016416758320536
