event id,p_spot,p_track,p_worm,x_coord,y_coord,width,length,azwidth
4,2.7038950065616518e-05,0.990461528301239,0.00929682981222868,2079,338,3.9386585133953615,503.6793042165195,65787.82779040215
29,0.0013254700461402535,0.4990469515323639,0.4808180630207062,1318,973,5.5831000579895145,12.554327585027174,40.495415782025
34,8.329985575983301e-05,0.29008153080940247,0.7097569108009338,1288,972,2.4941864408052936,18.08623111653708,7.039757318500313
69,0.050719741731882095,0.28673478960990906,0.3081338703632355,1306,957,4.014888836145248,15.848612727254118,29.52625564981208
85,0.0008217013091780245,0.8211032748222351,0.17534995079040527,1294,984,3.5383466529194028,18.856157046578527,60.35078181372863
88,0.0036261221393942833,0.7192407846450806,0.27553069591522217,1805,778,6.249615458067202,277.2669828040824,29767.10526191786
