event id,p_spot,p_track,p_worm,x_coord,y_coord,width,length,azwidth
26,0.0009193659643642604,0.09560646861791611,0.8885318636894226,1303,968,3.4442068413056384,11.14274069551423,59.55917625719107
55,4.663851359509863e-05,0.9679147005081177,0.03199847415089607,1085,907,5.5683806499765724,105.8939788607155,9786.606365765681
64,7.285485025931848e-06,1.392632293573115e-05,3.549593748175539e-05,1289,974,1.8577742617099036,9.433985859077898,10.388500964632886
96,0.0017168665071949363,0.6559997797012329,0.34153249859809875,1282,979,2.541736807871606,26.75913521519891,279.9437235569825
