event id,p_spot,p_track,p_worm,x_coord,y_coord,width,length,azwidth
11,0.04367692023515701,0.8222700357437134,0.13178616762161255,1210,1582,1.0197281020739914,2.602713431168822,1.3398024412151597
