event id,p_spot,p_track,p_worm,x_coord,y_coord,width,length,azwidth
71,0.9999961853027344,4.095846577456541e-07,5.481443849930656e-07,1272,986,0.4284864475303456,2.977929327202466,1.3136910990653892
96,0.0008226006757467985,0.941452145576477,0.05675893276929855,2058,141,0.9232742371767151,13.484195619234024,142.51227184897897
