event id,p_spot,p_track,p_worm,x_coord,y_coord,width,length,azwidth
50,0.006953510455787182,0.8995731472969055,0.08917193859815598,1389,825,4.9474055297277495,96.23002351459289,32.053316632890805
51,6.534758540510666e-06,0.004983703605830669,0.994231104850769,1297,971,4.17146067634478,22.62998685357386,250.35128026734205
65,0.7257210612297058,0.0043970756232738495,0.2698526680469513,1300,945,5.5028103907759105,46.95547613547048,30.96898521042957
67,0.9973320960998535,7.965206896187738e-05,0.0025866986252367496,1206,1487,1.042376818190033,253.37635527035255,23753.774170367775
