event id,p_spot,p_track,p_worm,x_coord,y_coord,width,length,azwidth
71,1.1354647540429141e-05,0.0001852197601692751,0.9998034834861755,1287,950,0.9035735287794346,9.991492556953324,62.85680563506554
