event id,p_spot,p_track,p_worm,x_coord,y_coord,width,length,azwidth
3,8.160748984664679e-05,0.00320520275272429,0.98711097240448,1293,956,2.06752050603252,18.85315859880474,143.43275682972575
7,2.9067510695313103e-05,0.0017758322646841407,0.9981943964958191,1297,1031,5.358220508963474,19.925079828216727,63.4725030648983
8,0.0003087057557422668,0.0004634650831576437,0.37929803133010864,1290,993,3.9307571276784836,18.73654979219713,172.16882351723788
32,0.02753542922437191,0.23224472999572754,0.625637412071228,1296,987,9.823490472149205,17.77826709996233,203.88792203187907
48,0.0037948405370116234,0.38077080249786377,0.6124822497367859,1274,912,4.625920731283241,34.6510328341688,739.4472770671308
69,0.8001332879066467,0.06138966605067253,0.13724397122859955,1291,980,17.32668340089306,66.0688082723653,3616.233772017478
