event id,p_spot,p_track,p_worm,x_coord,y_coord,width,length,azwidth
6,0.0023572733625769615,0.3359707295894623,0.66026371717453,1234,998,1.371218417486355,30.314716076594323,303.3835374592358
11,1.1861648999911267e-05,0.9849501848220825,0.015026647597551346,1287,978,0.977800066900458,9.02465429289624,40.16418511871773
21,0.002613373566418886,0.8173424005508423,0.17866158485412598,1291,971,6.24777704836325,135.6594779956693,18400.661347268615
24,0.00010347603529226035,0.9553701877593994,0.04439564049243927,1232,1070,5.135073711785813,55.54699070953969,56.1584700185881
26,0.00014659584849141538,0.9509926438331604,0.048710186034440994,1410,971,1.7978072300724266,59.60862149705902,2371.8154260714737
43,0.0011441672686487436,0.7809109687805176,0.21701937913894653,1292,971,4.863306149227362,14.000678094682401,24.052352735918433
44,0.00236981688067317,0.6906130909919739,0.305021733045578,1275,954,4.747905336507877,14.081620523557934,194.1224727373972
93,5.118926310387906e-06,0.9945160746574402,0.00547453248873353,1291,972,2.222972151885084,155.69170360058942,15951.311833349384
94,0.00038281260640360415,0.9316747784614563,0.06079360097646713,1269,961,7.757206528179575,14.816242412432063,109.55928064710345
