event id,p_spot,p_track,p_worm,x_coord,y_coord,width,length,azwidth
27,4.706360869022319e-06,0.9975760579109192,0.002419092459604144,1202,1023,0.8212758683061574,64.32153045267474,557.8374916845167
