event id,p_spot,p_track,p_worm,x_coord,y_coord,width,length,azwidth
11,0.00015045686450321227,0.07085324823856354,0.6937903761863708,1288,981,3.2615515821502874,15.129441898419012,13.731464051734816
57,1.1719525900844019e-05,0.9226028919219971,0.07736437022686005,1290,966,5.401271878604214,16.95008247810796,57.0552284386779
81,0.00010706349712563679,0.8934347629547119,0.1064448133111,1294,968,1.166728865571519,37.95537745230185,1.4999711921250605
