event id,p_spot,p_track,p_worm,x_coord,y_coord,width,length,azwidth
29,0.00013415711873676628,0.0012268347200006247,0.9914037585258484,1297,968,1.9426753286027985,5.497793137327777,4.1489878267145235
76,0.017955198884010315,0.482329398393631,0.4940602779388428,1177,1034,2.837417483503147,70.72244839810946,853.8949285504824
91,1.1758145774365403e-05,0.8915833234786987,0.10835690051317215,1295,978,4.711787312044633,51.73183936644669,1750.471900261051
