event id,p_spot,p_track,p_worm,x_coord,y_coord,width,length,azwidth
18,0.024203883484005928,0.7289807200431824,0.2452063262462616,1292,1011,0.8403200003279272,25.311528266801982,144.06379855529875
25,0.00011284715583315119,0.9030261635780334,0.08377428352832794,1300,985,1.4239656831848513,16.17658049822336,36.60362727817106
46,0.15267488360404968,0.5023664236068726,0.3433498442173004,1233,1030,5.922472228365408,42.18960709800903,38.10318779695551
51,7.92020364315249e-05,0.003468101844191551,0.9964420199394226,1295,1059,31.03529508923237,562.5807862942329,6771.953882309026
67,0.0015315348282456398,0.9201987385749817,0.07496614009141922,1292,991,0.9332751448548797,10.805055433530022,24.97391129697428
88,0.8484161496162415,0.005091576837003231,0.14645352959632874,1325,1014,7.323301554357586,29.788295578020943,835.1721460305257
93,4.772061947733164e-05,0.9659580588340759,0.033965762704610825,1479,952,10.312850431133484,97.07184830788088,5536.443957302927
