event id,p_spot,p_track,p_worm,x_coord,y_coord,width,length,azwidth
11,0.9999980926513672,8.125251724777627e-07,1.061956254488905e-06,1296,975,0.9017868636591321,400.26729760174516,159704.71530836515
25,0.0022612211760133505,0.01977725885808468,0.9779564142227173,1294,966,0.8917506925758926,5.100352165857239,25.865588292805658
91,0.9999154806137085,2.1013484001741745e-05,6.324292917270213e-05,1297,971,0.8972992464567483,0.9303818791146429,0.8630023208433587
