event id,p_spot,p_track,p_worm,x_coord,y_coord,width,length,azwidth
54,2.2065874873078428e-05,0.9445301294326782,0.054962992668151855,1284,981,4.325672289483324,19.094446339428604,149.41331990676693
72,0.00015194079605862498,0.9530391693115234,0.04680650681257248,1278,983,0.8973889935113055,12.194652389697964,8.643659599978752
81,0.00034243063419125974,0.837125837802887,0.16251663863658905,1292,981,2.6164864525852782,11.088746858913503,6.950258717652869
88,0.0016667634481564164,0.11914096027612686,0.868127167224884,1287,976,1.6874053056464609,7.795630681324388,6.549289646079402
