event id,p_spot,p_track,p_worm,x_coord,y_coord,width,length,azwidth
18,0.004573490004986525,0.18413028120994568,0.7278098464012146,1275,967,5.621577096854107,14.462622841599531,114.83049570451233
28,0.0005177792627364397,0.9572420716285706,0.04181026294827461,1260,903,13.737592538212722,39.34767739407006,1333.5697675200436
31,4.531769081950188e-05,0.5925096869468689,0.4074006974697113,1296,954,10.000853681794734,14.966477276119408,200.1826319542657
34,0.0005932142375968397,0.539527177810669,0.45644518733024597,1276,982,5.2853229586369626,14.79782206509289,157.53179591720868
46,0.0011009497102349997,0.12045367062091827,0.8186609745025635,1296,970,3.0608848692946373,17.26549605899862,115.398296762484
57,0.0016229188768193126,0.9536501169204712,0.04411434382200241,1283,971,8.68259522364692,202.02428206287286,40124.59143339683
63,0.001782323932275176,0.35151317715644836,0.6451860666275024,1269,982,1.6785690918564404,20.65573186066737,165.7702304172897
65,0.03215239197015762,0.003101083217188716,0.03947245702147484,1305,971,2.1640525303361104,13.52937443311421,83.9487847430881
