event id,p_spot,p_track,p_worm,x_coord,y_coord,width,length,azwidth
3,0.0001041246869135648,0.34087952971458435,0.6589893102645874,922,1329,41.08459609750172,245.5090912765558,1730.8518688767251
6,0.00042447668965905905,0.9514485597610474,0.03339853882789612,1267,959,12.149942456498348,21.18411536754719,161.38187497355858
7,3.5959470778834657e-07,0.0011003825347870588,0.9988992214202881,1228,989,5.3679966825093,15.330614464806319,125.07747504510404
21,0.21986456215381622,0.09387756139039993,0.6836993098258972,1267,969,13.03867072001704,486.16051027708363,155231.27244394034
30,0.054221153259277344,0.002200304763391614,0.9435723423957825,1497,852,3.5481794080382234,108.22617916555814,2282.015548793848
46,0.00016412594413850456,0.9310787320137024,0.0675269216299057,1274,984,1.0803995038751177,18.86197868154703,100.37465041894995
54,0.01246654987335205,0.7609907984733582,0.21681711077690125,1266,968,23.958471742247028,110.60770786941599,11811.366490213008
61,0.027968183159828186,0.7203909754753113,0.19536803662776947,1291,969,0.9657313546192361,37.79837404422766,475.4529717769126
83,0.002868000417947769,0.5776533484458923,0.3367859125137329,1270,982,1.376896030803557,26.820065131859707,233.86710716317754
