event id,p_spot,p_track,p_worm,x_coord,y_coord,width,length,azwidth
22,0.0009890258079394698,0.5552812814712524,0.18570445477962494,1281,993,2.1339389417845807,12.721360283281413,7.32398912478911
34,4.512023224378936e-06,0.32850828766822815,0.6713007092475891,1294,972,3.519380514432538,11.279684966111986,18.00276418241257
43,5.162991328688804e-06,0.2901185154914856,0.7098758816719055,1304,959,1.183754514640705,12.447545943339353,1.6256278674615339
89,2.791017323033884e-06,0.9984867572784424,0.0015080883167684078,1283,985,6.773382132018286,33.44573422730219,409.37789443890887
93,8.098094258457422e-05,0.9868693947792053,0.012505619786679745,1230,993,5.1534560842505135,38.59378494094213,493.236463423849
