event id,p_spot,p_track,p_worm,x_coord,y_coord,width,length,azwidth
1,0.016279034316539764,0.7057005167007446,0.27530765533447266,830,538,0.77546834216118,5.367943866610388,17.32346033168803
