event id,p_spot,p_track,p_worm,x_coord,y_coord,width,length,azwidth
40,2.1312189346645027e-05,0.9569277763366699,0.04303004592657089,710,1107,1.0520589241250133,40.068965690995135,510.6236510581469
