event id,p_spot,p_track,p_worm,x_coord,y_coord,width,length,azwidth
31,0.9973800778388977,0.001090319943614304,0.0015241805231198668,1294,970,0.8622953949797626,1.4781670069323314,1.5387305736054036
100,0.9999990463256836,3.7685450138269516e-07,5.719663818126719e-07,1295,968,0.9136058917874971,30.974595906725202,20.67455906872177
