event id,p_spot,p_track,p_worm,x_coord,y_coord,width,length,azwidth
12,1.3179225106796366e-06,0.9203084707260132,0.0796869546175003,1292,973,1.0465273423561299,6.090094732192842,6.785599427244701
20,1.1960446855141527e-08,9.786171722225845e-05,0.9999011754989624,1275,949,4.616102388139015,10.254912723081762,30.870185713993017
