event id,p_spot,p_track,p_worm,x_coord,y_coord,width,length,azwidth
7,0.01716447062790394,0.8801393508911133,0.0985906720161438,1277,968,14.652101380255012,27.945230682321938,607.8964929922282
8,0.010102810338139534,0.0009259483776986599,0.9889709949493408,1370,956,9.026030933941627,39.73848898488979,641.2127643731001
13,0.007798946928232908,0.9735649228096008,0.01860123686492443,1338,977,6.8403555553127475,80.52667782841786,5572.426020502983
22,0.14005742967128754,0.5392096042633057,0.26225146651268005,1231,1061,20.737310953069713,52.726968282275024,460.4131949092783
30,0.010713853873312473,0.46175017952919006,0.4519907534122467,1257,961,6.741040740944089,26.537809021402698,428.27660330939193
36,8.823219104669988e-06,0.9934163093566895,0.006548792123794556,1193,979,10.99309588215375,223.32464655156934,17282.174134911435
51,5.96021163801197e-06,0.002473284490406513,0.9975201487541199,1129,963,16.771003379481996,407.3870898351314,60242.07562700562
79,0.020146451890468597,0.5296334624290466,0.4454876780509949,1209,946,8.773098380631316,104.78240880529393,2325.770137891278
