event id,p_spot,p_track,p_worm,x_coord,y_coord,width,length,azwidth
2,5.9207836784480605e-06,0.9805561900138855,0.019250910729169846,1296,991,9.736960294581332,52.096801085411684,147.64930577343878
9,0.003872706787660718,0.13066816329956055,0.8644454479217529,1036,605,43.492775732572944,256.77890051383724,57137.478345467054
36,0.010914050973951817,0.8662513494491577,0.12111198902130127,1296,949,2.3588828732885494,49.67192785057582,307.95174815767626
42,0.24441783130168915,0.18481899797916412,0.4529787302017212,1318,912,4.599636950875895,33.95740072102667,87.28894215061177
54,2.5577521228115074e-05,0.9450801610946655,0.05414204299449921,1285,1004,1.091855008692362,19.6737358021222,80.04481532800347
85,0.0004951701848767698,0.9487070441246033,0.0496186763048172,1272,1079,1.229198057439324,433.3748298216963,9263.108557801948
