event id,p_spot,p_track,p_worm,x_coord,y_coord,width,length,azwidth
59,0.0003390005440451205,0.74929279088974,0.2503475248813629,1205,1007,2.6237212167322412,76.56595306012181,1407.5874418012852
