event id,p_spot,p_track,p_worm,x_coord,y_coord,width,length,azwidth
8,6.956032302696258e-05,0.9675028920173645,0.03146637603640556,943,1417,19.771297329021625,182.52578537547473,406.4546070402345
20,0.0071802204474806786,0.05935314670205116,0.9332597255706787,1301,844,10.456661995142019,50.416596222015016,631.918584164532
39,0.00036663099308498204,0.9531049132347107,0.042565975338220596,1283,985,0.9679207909044839,34.993176368654154,109.54549779720745
62,0.0021389625035226345,0.6783016324043274,0.31873369216918945,1247,1021,42.602759128754364,295.8030430958427,28261.199411932637
73,0.00020944721472915262,0.9444444179534912,0.05405709147453308,1281,1000,7.165090820176997,49.35142835316144,123.51576638327506
75,0.0012318178778514266,0.48259079456329346,0.5160753130912781,1298,1008,1.041013878717345,52.223772809297614,242.95841409307425
85,5.219059676164761e-05,0.8509581685066223,0.14876987040042877,1330,902,1.0622362639775176,113.9617133379439,948.1287033977253
96,5.308411346049979e-06,0.9885828495025635,0.0114020686596632,1288,1090,0.8547619903842234,36.44303072472417,153.69658869309612
