event id,p_spot,p_track,p_worm,x_coord,y_coord,width,length,azwidth
15,0.0006028185598552227,0.7368890047073364,0.2621787488460541,1300,975,1.4868369120311324,58.19135816994848,753.5382895181876
86,0.0006932205869816244,0.04068931192159653,0.9586084485054016,2524,756,28.033172575579087,621.6718882263323,262634.6184822569
89,0.00020825897809118032,0.2006881684064865,0.7952558398246765,1300,973,5.911620655393676,6.537743610853378,35.869492649566716
