event id,p_spot,p_track,p_worm,x_coord,y_coord,width,length,azwidth
72,0.0006625436944887042,0.9740262031555176,0.025245042517781258,512,1620,1.0075048045725807,8.447730299674344,65.5463216722299
