event id,p_spot,p_track,p_worm,x_coord,y_coord,width,length,azwidth
7,0.0959368497133255,0.4966152310371399,0.4019498825073242,1394,994,2.571537142869707,46.434066059750236,1818.7275989262075
14,0.00014898540393915027,0.07246169447898865,0.9246419668197632,1282,967,3.84238579713214,11.967463830466553,122.06411203565408
17,6.24089952907525e-05,0.9252985119819641,0.07449400424957275,1295,979,2.503825364230396,23.931880897251453,469.4740585244573
42,0.0015662191435694695,0.9712572693824768,0.0263579860329628,1274,974,6.060487463802133,31.788813357962496,146.91463389029124
45,0.007892373949289322,0.0066719804890453815,0.030673174187541008,1278,981,1.9133828312410743,10.512463630707368,68.66268435010383
52,0.0005209312657825649,0.5078531503677368,0.48582786321640015,1282,961,3.6756406061473146,15.018993871610414,203.49081795303948
70,0.000826498435344547,0.7213073968887329,0.27777692675590515,1387,969,1.0211110398755203,47.468185388421816,1384.8063813029648
95,0.002311104442924261,0.04241395369172096,0.6708366870880127,1287,972,4.53581152014834,9.781301621748913,78.53116047892519
