event id,p_spot,p_track,p_worm,x_coord,y_coord,width,length,azwidth
63,0.6941319704055786,0.1202862337231636,0.18423329293727875,1445,941,0.9350877156707251,2.4166375947178818,1.0619493503365616
85,0.20207221806049347,0.06929726153612137,0.5707846283912659,1890,1752,1.1378289473157914,5.452983366221807,12.548944268145075
