event id,p_spot,p_track,p_worm,x_coord,y_coord,width,length,azwidth
30,0.02543031983077526,0.7246082425117493,0.2483290731906891,1296,979,1.025404332855783,7.979517425367657,11.923571018619674
33,0.0002262901107314974,0.1041298434138298,0.8955621719360352,1297,982,5.868851156178416,192.22862646011134,35914.032179221074
72,0.0029458915814757347,0.004084841813892126,0.3210179805755615,1290,973,1.9440190134615414,5.634557201443346,8.749151585288613
