event id,p_spot,p_track,p_worm,x_coord,y_coord,width,length,azwidth
90,0.35061874985694885,0.4716656804084778,0.16223393380641937,1294,973,0.8363578898054406,2.8264911325244255,1.4613066177053877
