event id,p_spot,p_track,p_worm,x_coord,y_coord,width,length,azwidth
27,0.00046394701348617673,0.005981435067951679,0.9935497641563416,1300,974,4.328101655044573,213.88317259162315,45258.846489747724
83,0.00035654436214827,0.7428518533706665,0.25639742612838745,1292,977,6.712385468152928,321.57421026272306,73647.06485329682
94,8.605159382568672e-05,0.0631633847951889,0.9357004761695862,1287,971,4.403526251403654,10.42953905294705,99.21825421276257
