event id,p_spot,p_track,p_worm,x_coord,y_coord,width,length,azwidth
4,1.5339138599301805e-06,0.9938740134239197,0.006121702026575804,1152,979,6.193347335031686,91.48071284981103,2170.5839992506367
12,0.002148460131138563,0.14789222180843353,0.8224900960922241,1234,979,4.599755886124581,27.944142758209473,319.47841209040683
33,0.0022712622303515673,0.9115598797798157,0.06102040410041809,1219,986,2.5029556058602354,38.1377084011036,557.3226476586923
34,0.0014095234218984842,0.9704638719558716,0.02796027995646,1197,1004,26.393552321588626,108.07610790927261,5286.787921462528
39,8.20817604108015e-06,0.9894027709960938,0.010510789230465889,1240,975,16.358263975485652,208.81780478782844,285.41790134409905
94,0.006340082734823227,0.493141233921051,0.499895840883255,1283,969,1.0850168265527005,25.896011977048133,314.0565121343095
