event id,p_spot,p_track,p_worm,x_coord,y_coord,width,length,azwidth
43,0.006084068212658167,0.7115161418914795,0.28121405839920044,1261,1265,1.6700324392580588,138.1836182068698,6199.732432843342
46,0.06014793738722801,0.3158181309700012,0.615401566028595,1293,979,4.509364302974831,13.90620318783413,34.286655579584085
57,0.011416936293244362,0.3437560796737671,0.13610157370567322,1294,994,1.2121091693169292,12.024579808652843,49.28198987342646
84,1.9150215848640073e-06,0.0002999967837240547,0.9996980428695679,1293,955,2.0379951416198843,11.296952082597068,26.924775253294918
98,0.02390407957136631,0.02649240382015705,0.9360910058021545,1302,981,9.112802501215103,12.482982532674407,150.9846514656508
100,8.357636943401303e-06,0.0061662569642066956,0.9937978386878967,1315,975,4.879813917013787,13.968236318875931,32.6287910622944
