event id,p_spot,p_track,p_worm,x_coord,y_coord,width,length,azwidth
30,0.00011594389070523903,0.04454950988292694,0.9553142786026001,1290,975,1.3051540088890037,4.214350500037556,4.652046549568652
