event id,p_spot,p_track,p_worm,x_coord,y_coord,width,length,azwidth
16,2.0022245540024937e-16,2.0411326318026113e-07,0.9999997615814209,511,864,10.133828833530588,39.57167334101443,109.59004737023146
