event id,p_spot,p_track,p_worm,x_coord,y_coord,width,length,azwidth
2,0.00047203138819895685,0.9657145738601685,0.030659694224596024,1441,980,4.611958887129672,80.46967536744458,4313.319687339281
22,0.0013906211825087667,0.6130161285400391,0.2500985264778137,1272,982,1.9725011014411211,15.026209148980856,69.00277699950875
34,0.0003033967223018408,0.4552728533744812,0.544306755065918,1247,980,2.712745474387127,36.33235730736881,169.47799647417636
69,0.009511072188615799,0.5429563522338867,0.4452062249183655,1002,841,9.2457323183012,146.9415827878072,20129.405761478258
91,0.023798611015081406,0.8014479279518127,0.1743658185005188,1250,986,2.2018008283702994,43.398631529964035,814.045106797144
