event id,p_spot,p_track,p_worm,x_coord,y_coord,width,length,azwidth
77,2.189122824347578e-05,0.1034027636051178,0.8965668678283691,2381,1290,1.0477077098873604,5.5685202132310145,20.18719049331122
