event id,p_spot,p_track,p_worm,x_coord,y_coord,width,length,azwidth
29,0.012656071223318577,0.5200425386428833,0.4667525589466095,1224,984,4.318948291607994,65.89535567837972,1546.3962890207301
31,0.025995394214987755,0.4691106975078583,0.5046923756599426,1362,958,0.9556683711427744,45.653586240927176,1012.0804917835445
38,0.007505220826715231,0.09305829554796219,0.8990265130996704,1321,968,3.207036197398421,198.96587976994763,18219.574966927095
55,0.003966709598898888,0.9625794887542725,0.03339424729347229,1081,996,0.965499118713846,43.462048153739815,770.0543422050856
65,0.001596007845364511,0.7682728171348572,0.22975356876850128,1330,965,1.084963869164871,73.51824150846146,2498.544289178948
74,0.010815981775522232,0.07134290039539337,0.9171915054321289,1244,985,13.491869242506379,65.15334206319191,3258.223563982342
90,5.0183109124191105e-05,0.9457672238349915,0.054020609706640244,1259,895,30.97747167953952,56.1411383191728,2643.40197330583
