event id,p_spot,p_track,p_worm,x_coord,y_coord,width,length,azwidth
67,0.0006098401499912143,0.5026719570159912,0.4965803623199463,1325,1730,0.9911620401540839,4.464146658400796,9.448002191230328
