event id,p_spot,p_track,p_worm,x_coord,y_coord,width,length,azwidth
40,0.08770084381103516,0.043429166078567505,0.8687689304351807,1302,958,3.503800634770953,14.797142724531424,23.44278225284413
97,0.004060004372149706,0.027364512905478477,0.052700772881507874,1279,987,2.78821137479191,9.59717835719596,30.25630541314269
