event id,p_spot,p_track,p_worm,x_coord,y_coord,width,length,azwidth
51,0.00041535813943482935,0.5002012252807617,0.4986549913883209,1293,1108,0.9157469588787914,72.17321671448144,2096.8536291749015
65,0.0006674654432572424,0.054760318249464035,0.9444301724433899,1318,983,4.860658449616795,10.562647542823337,100.66133680747674
