event id,p_spot,p_track,p_worm,x_coord,y_coord,width,length,azwidth
63,0.0338740348815918,0.7435027360916138,0.21670500934123993,1912,305,0.8237017647212247,4.785320188600419,1.2267248542617177
