event id,p_spot,p_track,p_worm,x_coord,y_coord,width,length,azwidth
31,3.12343290715944e-05,0.05148258060216904,0.8997156620025635,1299,973,2.6740384858162427,8.042338270531022,9.671333648168709
63,0.0001253184163942933,0.8748603463172913,0.12429024279117584,1292,981,7.881087092368636,77.74946308003545,4684.71068426804
94,0.003689172212034464,0.027518564835190773,0.9687563180923462,1297,960,1.271387607531936,8.265848825444714,8.615992164464346
