event id,p_spot,p_track,p_worm,x_coord,y_coord,width,length,azwidth
9,0.0002731181448325515,0.8985376954078674,0.10085756331682205,1229,1108,1.5289689625834137,75.74227673098615,283.25428945191413
16,0.0008154285023920238,0.5966038703918457,0.39665016531944275,1291,972,1.7765421694232213,17.616176525666482,10.12747158577669
45,0.02844241075217724,0.19121013581752777,0.7787039279937744,1237,1043,12.294018901167487,37.12242723567893,156.20788376172152
50,0.003397791413590312,0.24794535338878632,0.7476549744606018,1300,957,6.20255850448779,10.715919933041125,38.587641743733855
89,6.5324761635565665e-06,0.9504485726356506,0.049519576132297516,1296,987,0.902296068554685,15.153563796456066,18.422141869943438
98,0.00030086489277891815,0.11218247562646866,0.8874508738517761,1293,973,1.0424304614433237,10.119743039923707,12.873110532267491
