event id,p_spot,p_track,p_worm,x_coord,y_coord,width,length,azwidth
16,4.637399342755089e-06,0.0006662149680778384,0.9989866614341736,1269,993,2.1347427465351685,22.552406524219112,212.17976867709766
76,0.07021037489175797,0.7990832924842834,0.12897051870822906,1299,1074,2.0105815476381363,69.2097504800303,2055.4089588100423
100,0.0011415594490244985,0.9301445484161377,0.06514444947242737,1270,1060,3.3256288970855956,36.408575549158726,634.7467133070647
