event id,p_spot,p_track,p_worm,x_coord,y_coord,width,length,azwidth
21,0.1771305501461029,0.649372935295105,0.163201242685318,1278,994,2.8570131756783126,54.348997427536794,61.36569173239625
29,0.00030703694210387766,0.934568464756012,0.06154903769493103,1305,948,0.9842651253602613,15.687286483678161,17.66636127713648
59,0.0005827529239468277,0.7901135683059692,0.2029086947441101,1289,988,1.4115639115101957,14.295262222367304,14.96981457125171
84,1.791996692190878e-05,0.9951100945472717,0.004846434108912945,1296,981,0.8985403447085657,13.509912135680059,16.031791835408026
86,8.15686144051142e-05,0.9712340831756592,0.026405738666653633,1294,968,1.0094009575891079,16.811002163055456,22.444150217552597
