event id,p_spot,p_track,p_worm,x_coord,y_coord,width,length,azwidth
3,0.019123107194900513,0.22910217940807343,0.7514740824699402,1455,892,17.061636452743265,78.45498533684632,3412.80933977525
21,0.011217781342566013,0.750124990940094,0.21477600932121277,1358,960,11.724527165947682,46.96599609053775,185.012451208724
24,1.791063297673645e-08,0.0001322539319517091,0.9998667240142822,1241,910,17.375352137918398,78.83060728695602,953.266179261131
67,0.002063596621155739,0.044987112283706665,0.1792469471693039,1288,968,2.6765981155225123,34.130526426653056,150.37297836798277
75,8.081963756012556e-07,0.9970809817314148,0.002894047414883971,1505,748,9.443913797633542,136.88747943526238,1107.507751060688
76,0.835981011390686,0.056100476533174515,0.10787565261125565,1274,1022,6.529208463629796,35.97000616601431,59.53191582034351
78,0.00046084122732281685,0.22090359032154083,0.7785872220993042,1302,899,5.987910630011831,56.91336367644404,36.2826629463925
81,0.0002900648978538811,0.9582307934761047,0.023460060358047485,1123,1003,23.612933820581418,69.40049237311074,2432.7742520012016
