event id,p_spot,p_track,p_worm,x_coord,y_coord,width,length,azwidth
39,0.0014061725232750177,0.9696717262268066,0.02889307215809822,882,1242,12.999487723931745,419.35595660516356,175837.91686230566
