event id,p_spot,p_track,p_worm,x_coord,y_coord,width,length,azwidth
12,0.16721166670322418,0.24760442972183228,0.5601249933242798,1287,984,7.65735174400171,56.30411827734477,716.88778989632
14,0.006125050131231546,0.5851577520370483,0.3152647316455841,1327,999,6.73285953871516,18.337261369052303,332.249999540828
17,0.0026096641086041927,0.351972758769989,0.640670657157898,1297,994,0.9912291223664503,18.761372602084972,88.84676729499353
27,0.07502376288175583,0.6886032223701477,0.22630667686462402,1295,985,1.0640887626104123,8.957311215983822,18.96566029986711
30,0.0009746088762767613,0.45569127798080444,0.5432643890380859,1297,970,6.960765581503551,16.040393591666852,144.91449745858063
59,0.0025229635648429394,0.843791663646698,0.15316489338874817,1297,981,0.9693426209182234,9.487397793488084,16.44320570038685
77,0.0005143953021615744,0.8603158593177795,0.13122420012950897,1305,965,2.090079391803956,15.773411519240405,18.273824032924644
