event id,p_spot,p_track,p_worm,x_coord,y_coord,width,length,azwidth
29,0.006947081536054611,0.1292315423488617,0.08067607134580612,1287,948,0.9311233939519923,20.895679123780965,153.87053380119715
