event id,p_spot,p_track,p_worm,x_coord,y_coord,width,length,azwidth
8,0.0002795303298626095,0.9810885190963745,0.01860625110566616,487,1136,0.8860757344637862,13.84432667299169,17.410947438417214
