event id,p_spot,p_track,p_worm,x_coord,y_coord,width,length,azwidth
92,0.11875252425670624,0.8589398264884949,0.021163394674658775,140,140,0.9109497394753843,14.837336336346942,0.8360476520786453
