event id,p_spot,p_track,p_worm,x_coord,y_coord,width,length,azwidth
38,2.489145572326379e-06,0.03564552590250969,0.9643476009368896,1294,954,3.8781660384535863,8.286851115036512,39.517739990050856
