event id,p_spot,p_track,p_worm,x_coord,y_coord,width,length,azwidth
38,0.017314041033387184,0.3555721342563629,0.5803253650665283,1266,989,4.038977587059266,21.4749867883187,133.69744180520746
41,3.805849701166153e-05,0.9930005073547363,0.006956797558814287,1295,968,0.8675459181953785,21.410737423301963,74.72101565043556
50,0.10775158554315567,0.6182170510292053,0.2736707925796509,1234,1035,6.1186702936049215,51.22779088008668,43.150540356901054
74,0.00016284895536955446,0.959557294845581,0.0401180200278759,1286,971,3.1524753917776978,59.57207686723286,1158.7779746786482
76,0.033006034791469574,0.4610503911972046,0.5057312846183777,1296,1047,13.911985101629561,33.38250765974779,428.91959906720047
85,5.722443893318996e-05,0.0022428527008742094,0.9976999163627625,463,1753,20.049539065247703,626.0243767625593,10969.809033786241
