event id,p_spot,p_track,p_worm,x_coord,y_coord,width,length,azwidth
11,0.88567054271698,0.047444313764572144,0.0657658502459526,1293,969,1.0440173218834379,2.0263061177980575,3.595105184619906
59,0.0015205912059172988,0.022440191358327866,0.9759858250617981,1296,971,0.9783382434893556,4.349189220871395,7.992248144996003
72,0.9173382520675659,0.05625404417514801,0.026065275073051453,1295,970,0.8625576156214776,1.6982662565703508,1.0909145654706596
