event id,p_spot,p_track,p_worm,x_coord,y_coord,width,length,azwidth
19,7.256131084432127e-06,0.0012171717826277018,0.9987754225730896,1291,954,0.9316828803634919,7.064085677790728,28.260184149904532
49,0.0015648816479369998,0.005333452485501766,0.9930955767631531,1298,978,0.8996744129123467,5.9160868653068475,26.5120011717286
