event id,p_spot,p_track,p_worm,x_coord,y_coord,width,length,azwidth
52,0.002591941738501191,0.043781839311122894,0.011327951215207577,1640,659,0.9920664748039965,9.075065093324545,1.0282420966007813
