event id,p_spot,p_track,p_worm,x_coord,y_coord,width,length,azwidth
21,0.036742765456438065,0.33579444885253906,0.625666618347168,1295,967,1.1408753727406808,3.8987678756266666,11.530282303875394
35,0.00017900396778713912,0.1479450911283493,0.8482922911643982,1291,954,3.6825193106919136,9.272095527513116,70.52093028739463
