event id,p_spot,p_track,p_worm,x_coord,y_coord,width,length,azwidth
28,0.9878254532814026,0.0059765176847577095,0.005679102148860693,1247,614,0.897488912464887,2.3538177501083832,0.879315241871177
