event id,p_spot,p_track,p_worm,x_coord,y_coord,width,length,azwidth
9,6.103281702962704e-05,0.9009070992469788,0.0989314392209053,1289,976,3.9978019364723716,12.305698398782766,17.062747983096006
43,1.994281007000609e-07,0.004062192980200052,0.9959281086921692,1284,967,5.7068547442482425,6.267487737992655,34.79464709893204
50,9.10949893295765e-06,0.9925782084465027,0.0074110995046794415,1290,968,0.9061877770373875,5.794271709070647,16.156062539643433
66,4.4560259993886575e-05,0.004276867490261793,0.22099928557872772,1292,975,2.216568465597998,5.9154795490994525,19.569927765921932
