event id,p_spot,p_track,p_worm,x_coord,y_coord,width,length,azwidth
69,0.007285458967089653,0.14067691564559937,0.8495997190475464,1291,979,1.4813967060199331,4.748054173363852,4.33657779599759
96,0.0009638479095883667,0.5688995122909546,0.4273616671562195,1296,973,0.9885612160821333,7.029240622660897,13.213232934671339
