event id,p_spot,p_track,p_worm,x_coord,y_coord,width,length,azwidth
1,0.00627756305038929,0.8516578078269958,0.1369180977344513,1273,974,4.847716989507911,25.967550148078086,300.1448579551513
36,0.00015252718003466725,0.9839099645614624,0.01521913893520832,1287,973,7.536365102717278,76.11631182316847,5433.1608576996705
55,7.862651546020061e-05,0.035322826355695724,0.9645925164222717,1292,970,1.3242546022410397,15.821440385831734,160.30543306096965
