event id,p_spot,p_track,p_worm,x_coord,y_coord,width,length,azwidth
38,0.011770615354180336,0.6100479364395142,0.37043893337249756,1265,1059,12.49293594805548,81.17307497441806,392.76158147023125
46,0.923025906085968,0.02820817567408085,0.04860270768404007,1277,1026,26.23126610806516,63.86498616390134,748.7147710486358
53,0.0019629544112831354,0.8915614485740662,0.10460198670625687,1386,805,4.753488448989255,172.52729734847097,3086.1705950409273
72,0.0003243353858124465,0.46777164936065674,0.5316115617752075,1264,1101,0.9547720117331385,33.60088153789106,292.9547077866845
82,3.301756805740297e-05,0.9508212208747864,0.04793915897607803,1284,1035,0.4256667938866609,5.52850863573866,7.415550236845617
