event id,p_spot,p_track,p_worm,x_coord,y_coord,width,length,azwidth
99,0.0010521230287849903,0.3195289671421051,0.6794154644012451,1100,1247,2.1682364334590494,95.96726792586506,614.4916547281814
