event id,p_spot,p_track,p_worm,x_coord,y_coord,width,length,azwidth
27,0.00028670928440988064,0.011576902121305466,0.9881336092948914,1296,969,0.7863550629196622,5.744677150633007,31.57214234431246
