event id,p_spot,p_track,p_worm,x_coord,y_coord,width,length,azwidth
88,0.9999995231628418,1.8278730351539707e-07,2.736274211656564e-07,1341,584,0.901114952299289,1.069810086152655,0.9761206855290141
