event id,p_spot,p_track,p_worm,x_coord,y_coord,width,length,azwidth
72,0.00013570785813499242,0.9189164042472839,0.0806431770324707,1299,979,0.970927051284543,4.191679461049006,3.1439422636701573
