event id,p_spot,p_track,p_worm,x_coord,y_coord,width,length,azwidth
13,0.00013408657105173916,0.9116378426551819,0.08817165344953537,1288,972,0.9772484876213753,6.410224231772142,26.01894740550793
32,0.0009444059105589986,0.11160087585449219,0.887439489364624,1301,976,3.6637868130364524,37.648370090451714,119.9778611005167
88,4.1084455006057397e-05,0.011371099390089512,0.9320068955421448,1293,968,3.346684801098599,5.8358494300992945,25.29730953628643
