event id,p_spot,p_track,p_worm,x_coord,y_coord,width,length,azwidth
57,0.004802701063454151,0.6247461438179016,0.3695371150970459,1292,1025,0.7548309439052183,6.899454507154912,14.826906484999878
95,6.496317655546591e-05,0.9554927349090576,0.04337335377931595,1293,1004,0.50403807784015,6.593473498763813,12.210248308046248
