event id,p_spot,p_track,p_worm,x_coord,y_coord,width,length,azwidth
39,9.772613339009695e-06,0.9929043650627136,0.006780068855732679,1266,995,3.5591069858742497,89.75617515249196,658.3291900802848
54,4.4950778828933835e-05,0.02762533351778984,0.9722898006439209,1271,1011,6.114720384978387,19.894344862349914,58.66997966187778
72,0.00018142098269890994,0.7123340964317322,0.2874780595302582,1304,945,3.346563104986431,130.77255553668311,946.1614665671101
75,1.5272800624188676e-07,0.9994704127311707,0.0005289492546580732,1251,1061,1.0575413364129846,58.88146111135303,13.985939618620826
81,0.0004121717356611043,0.6422305703163147,0.357057124376297,1273,954,1.4670300791127813,27.178106948080696,2.473319513829675
