event id,p_spot,p_track,p_worm,x_coord,y_coord,width,length,azwidth
2,0.0003516535216476768,0.12037965655326843,0.8791087865829468,1296,973,12.515445322361153,154.77283230413678,15002.941531408613
85,0.0009081890457309783,0.9168964624404907,0.08181141316890717,1290,982,1.669618163955987,46.05866650443018,7.142034196169028
97,3.2039586130849784e-06,0.015727730467915535,0.9842331409454346,1289,968,4.105132132713649,11.721085556218876,18.23814823420277
99,0.0001802758633857593,0.9861605167388916,0.013280854560434818,1255,1017,0.9357362793899717,46.2496756349718,36.33505359030992
