event id,p_spot,p_track,p_worm,x_coord,y_coord,width,length,azwidth
46,0.9999935626983643,2.3077352580003208e-06,4.173515208094614e-06,1293,971,0.9219186397145068,0.9997497809512917,0.9981405440822826
64,0.00013269842020235956,0.002209954895079136,0.9976563453674316,1302,972,0.9053735729388886,4.750085199499063,12.54540393429881
