event id,p_spot,p_track,p_worm,x_coord,y_coord,width,length,azwidth
7,0.039423663169145584,0.02416403219103813,0.936262845993042,1298,579,1.434958931632768,172.57898379191033,6680.193468047062
15,0.0008279370958916843,0.7444941997528076,0.2538580596446991,1236,872,21.53889121851359,60.6828358261487,2911.567410048353
31,0.015587804839015007,0.6647407412528992,0.3020271062850952,1290,1075,13.82205739910245,200.80678844750307,3289.5994041919316
50,0.1395198255777359,0.25789639353752136,0.6021977663040161,1253,671,4.322994060971488,260.75690707647107,27266.356319429186
51,0.014005132019519806,0.023928923532366753,0.9620305299758911,1205,85,17.976007717419886,455.08234198172744,62330.72275999417
56,0.5676037073135376,0.19155588746070862,0.2397950142621994,1325,1085,12.803603654494493,120.19821644007627,2468.1996222317407
59,0.02291053719818592,0.3484482765197754,0.5474054217338562,1311,526,7.226491074506058,361.76330130468074,51011.155401029246
75,0.004661697894334793,0.28777891397476196,0.7068862915039062,1293,1031,0.8704426984763101,38.61265617707604,543.1012471885471
