event id,p_spot,p_track,p_worm,x_coord,y_coord,width,length,azwidth
43,9.631794091546908e-05,0.9190443158149719,0.08085062354803085,1308,918,7.129177004145912,35.73831679567305,65.6880627987681
62,0.0005868154694326222,0.9567905068397522,0.04159941151738167,1249,1009,5.825057712522053,21.494977567964952,99.79690008913725
78,8.581620932091027e-05,0.04806918650865555,0.9518441557884216,1321,993,4.5823357230839585,33.414353402939305,24.659786064173353
