event id,p_spot,p_track,p_worm,x_coord,y_coord,width,length,azwidth
39,2.532633288865327e-06,0.8331787586212158,0.16675695776939392,972,1480,1.1125809366222588,12.274272727849713,1.4198020286488267
