event id,p_spot,p_track,p_worm,x_coord,y_coord,width,length,azwidth
3,4.0553194935455394e-07,0.9984105825424194,0.0015737084904685616,1264,1026,15.024739735968272,36.33248321628412,572.2512711435131
15,0.0002200724557042122,0.9717162847518921,0.026718713343143463,1284,992,2.039564647621967,60.273107351387104,48.460774085328424
31,0.0004922600346617401,0.9826787710189819,0.016820333898067474,1265,973,8.387553482421032,31.519841343875143,158.65915463214537
38,0.0002040321851382032,0.9857408404350281,0.013874002732336521,1181,919,25.162960472620327,71.39542116064678,4952.357934955774
45,5.439960295916535e-05,0.973313570022583,0.02652745135128498,1289,983,0.9641918091604311,67.05127764255641,28.822090314501082
95,0.0026477104984223843,0.8487287163734436,0.14797179400920868,1161,1017,17.89297425263106,58.008191933959615,2373.32739435724
