event id,p_spot,p_track,p_worm,x_coord,y_coord,width,length,azwidth
46,0.007785709574818611,0.6338940858840942,0.31928011775016785,1303,955,6.792536253271333,17.30487608596774,122.52088666754172
66,5.564987441175617e-05,0.9779254198074341,0.021876174956560135,1319,941,10.384991724476404,33.0831727726745,126.6242392896633
72,0.02416403591632843,0.5341160297393799,0.4414752423763275,1181,940,3.7909425543624535,56.053960701076946,2700.8501402491906
83,0.0006353188655339181,0.01688498631119728,0.9824788570404053,2051,809,2.7142403541576674,373.66769523859705,85100.51038745389
