event id,p_spot,p_track,p_worm,x_coord,y_coord,width,length,azwidth
1,0.00026928269653581083,0.9701659679412842,0.028908144682645798,1264,998,1.6384447223095011,17.100107623140985,11.149630494165434
2,0.0007176768849603832,0.9231805801391602,0.0757412388920784,1288,1005,6.331027570814325,18.375205179965434,41.042566587635264
10,5.080992195871659e-06,0.9695284366607666,0.029937658458948135,1278,984,2.4070844417345008,15.46004068971628,12.968730957495653
34,0.0016861214535310864,0.9479537606239319,0.049845363944768906,1288,974,6.454137117169346,43.6363328006021,789.0642521104688
61,0.0027622091583907604,0.260201096534729,0.7370356917381287,1405,898,1.101958843261047,54.87203123945193,306.7692447606442
65,0.006732603535056114,0.7825457453727722,0.207285076379776,1308,986,12.877347666716492,17.593054623376045,308.70339574382797
69,1.8529553926782683e-05,0.9854558110237122,0.014524332247674465,1285,980,6.457412872457138,95.55995665594821,274.0885805134633
74,1.2769849490723573e-05,0.9919013381004333,0.00808405876159668,1273,996,13.872149139568744,89.05197635816832,7921.71716616208
84,8.65730398800224e-05,0.9608917236328125,0.03891102969646454,1290,986,10.711461337938921,15.848612124832156,240.41344121506955
