event id,p_spot,p_track,p_worm,x_coord,y_coord,width,length,azwidth
42,0.9944186210632324,0.00282513489946723,0.0026939904782921076,1301,1118,0.9908688600753311,1.6882271226052603,0.9947227951453438
47,5.7937783459749426e-09,4.7558050937368535e-06,0.999995231628418,1277,890,2.119110605983538,4.9771881629241195,16.399928501772422
