event id,p_spot,p_track,p_worm,x_coord,y_coord,width,length,azwidth
3,1.0499693416932132e-05,0.9897005558013916,0.010287808254361153,1276,982,0.8820732146023359,16.868657308170935,12.550407686855065
47,2.2996282496023923e-06,0.9969893097877502,0.0030058901757001877,1275,980,0.950598595222335,10.677021767747316,6.725850363771409
82,0.0006650777067989111,0.02539048157632351,0.18035222589969635,1283,985,1.9931555042653326,10.425124676252384,11.003453036282114
87,0.0039046371821314096,0.2642643451690674,0.7314558625221252,1297,979,1.2763379497793854,10.124034186264707,5.54975776572446
92,9.752758245440418e-08,0.996828019618988,0.0031716020312160254,1295,975,0.9069437407807368,10.963226818037338,6.887557546175808
