event id,p_spot,p_track,p_worm,x_coord,y_coord,width,length,azwidth
21,0.00011619122233241796,0.898880124092102,0.10074454545974731,1449,1494,0.8902925279695284,12.657436789474982,21.10704703945328
