event id,p_spot,p_track,p_worm,x_coord,y_coord,width,length,azwidth
6,0.8987835049629211,0.034065987914800644,0.06650269031524658,1254,974,1.174408939675195,1.9184869493747985,2.3861592321932825
