event id,p_spot,p_track,p_worm,x_coord,y_coord,width,length,azwidth
8,-1.0,-1.0,-1.0,27,1330,1.128103798774317,12.192499948393916,18.770791894329612
49,0.00011607031046878546,0.9790211915969849,0.020792396739125252,1327,738,0.8435151593744267,22.67854488662137,233.48555820170034
