event id,p_spot,p_track,p_worm,x_coord,y_coord,width,length,azwidth
25,0.9794138073921204,0.012598134577274323,0.007892615161836147,1260,979,0.741300946769783,1.5783579929125446,1.5518496768497472
