event id,p_spot,p_track,p_worm,x_coord,y_coord,width,length,azwidth
8,0.9794303178787231,0.002591141266748309,0.01789550855755806,1306,964,1.2421721509663382,2.144189393666454,3.0427716441499566
53,0.99978107213974,5.706786396331154e-05,0.00014098377141635865,1277,989,1.27298344353514,2.183970771280427,1.7900213208280418
