event id,p_spot,p_track,p_worm,x_coord,y_coord,width,length,azwidth
57,1.652513128647115e-05,0.9963117241859436,0.0036258772015571594,1752,1512,0.9016052697426938,23.837831546271367,6.6359964633401285
63,0.00029546034056693316,0.9738399982452393,0.0258247721940279,2374,48,0.9438420768475649,18.05996736578237,186.3598136763973
