event id,p_spot,p_track,p_worm,x_coord,y_coord,width,length,azwidth
92,1.5174367035797331e-05,0.9904882907867432,0.009356782771646976,1718,1459,0.9048273511323778,5.987888463190109,0.8266720295895601
