event id,p_spot,p_track,p_worm,x_coord,y_coord,width,length,azwidth
5,0.2739172577857971,0.16135480999946594,0.5642052292823792,1307,919,1.361629462881545,2.590274288674555,2.9582401106309772
23,0.7676406502723694,0.04566728696227074,0.18584704399108887,1277,1016,1.3976168713651551,2.3176247422661738,2.797000358718591
48,0.596699595451355,0.16872619092464447,0.17502273619174957,1281,1009,0.7208976544551956,0.8030860460688658,0.6425113656797863
53,0.8051998019218445,0.0771852359175682,0.11649343371391296,1303,927,1.650775834475012,2.2542234620994903,4.671540314199664
62,0.9999959468841553,2.0622867396014044e-06,1.9996814444311894e-06,1243,1123,0.43147719209586494,0.5597611330043131,0.2399448655430673
83,1.0,4.290214405955339e-08,3.297003203783788e-08,1284,1002,0.6537148221194111,12.44490204656881,14.717842169655066
85,0.9995855689048767,6.009601929690689e-05,0.0003334736102260649,1347,832,1.165883227872288,1.6906296070852675,2.0963708644464045
91,0.22846470773220062,0.06462012976408005,0.7064543962478638,1342,859,1.3364330384471945,2.8442500838468097,7.880163244118524
