event id,p_spot,p_track,p_worm,x_coord,y_coord,width,length,azwidth
68,2.8176411888125585e-06,0.9966174960136414,0.0032705527264624834,1879,233,0.9436540269224484,17.446790008183168,263.01244032043513
