event id,p_spot,p_track,p_worm,x_coord,y_coord,width,length,azwidth
1,0.8732529878616333,0.094941645860672,0.031407587230205536,1271,1107,0.5275353368206267,1.4755758352957495,0.6522054340410578
8,0.9897944331169128,0.002696549752727151,0.007256727200001478,1262,885,1.4635749350656977,23.57960108348783,414.62265848286387
9,0.9999995231628418,2.1869703914489946e-07,1.9423251274020004e-07,1275,1086,0.5867328728458766,11.458530528519097,34.613974854070726
54,0.5599454045295715,0.1024489477276802,0.3342640995979309,1285,1025,2.046766572408325,2.901344290561696,5.192990103496693
61,0.010011127218604088,0.0012372925411909819,0.9887505173683167,1291,989,1.6406047389933625,4.3867441590148415,14.822473906634205
82,0.8020336031913757,0.09707356244325638,0.09873833507299423,1265,1101,1.0703123637457028,3.773960669223066,5.128387586226671
89,0.3513478934764862,0.1344609558582306,0.5138278603553772,1307,829,1.3031100279320298,2.6766100481457165,6.674923055440763
