event id,p_spot,p_track,p_worm,x_coord,y_coord,width,length,azwidth
18,0.9876970648765564,0.00952109508216381,0.002753879874944687,1293,987,0.8444922493047827,11.551915350774168,55.531148255962044
88,0.9957643747329712,0.0005042379489168525,0.0036671794950962067,1293,969,1.225427659932999,2.0366445666484565,2.7005701497129215
