event id,p_spot,p_track,p_worm,x_coord,y_coord,width,length,azwidth
10,0.00012272485764697194,0.9961498975753784,0.0037157766055315733,1059,1599,12.015322725490087,85.47896280473105,7286.014409928705
43,0.016208456829190254,0.1550118625164032,0.8287792205810547,1196,901,1.0127868536809956,9.690637711976843,1.6524594879719119
