event id,p_spot,p_track,p_worm,x_coord,y_coord,width,length,azwidth
80,1.756143683451228e-05,0.9924365878105164,0.00754442298784852,1277,1098,0.892121727582197,22.855874014564115,1.0860663489341804
