event id,p_spot,p_track,p_worm,x_coord,y_coord,width,length,azwidth
34,4.5450933612301014e-06,0.9913070797920227,0.008686588145792484,641,1174,0.8603698022037021,19.23606339251359,1.0571787793412306
37,-1.0,-1.0,-1.0,1030,1923,1.093808507694118,10.970775360009103,3.7059773245572365
42,0.0007777860155329108,0.9064361453056335,0.09186394512653351,916,1126,0.8945994384475218,20.10942946999436,22.52433425468474
51,0.00013417440641205758,0.9404523372650146,0.03760433569550514,1016,1276,0.8850066030852441,17.558093744982983,6.043659123596362
