event id,p_spot,p_track,p_worm,x_coord,y_coord,width,length,azwidth
53,5.6599834152848416e-08,0.9994831085205078,0.0005156755214557052,876,1494,0.8841273228238485,41.65714850405711,40.46641576488685
60,0.43275636434555054,0.19161012768745422,0.3394392132759094,1316,1440,1.1135442467104935,21.148949248950267,1.277157242613489
