event id,p_spot,p_track,p_worm,x_coord,y_coord,width,length,azwidth
38,0.005887356586754322,0.011068843305110931,0.9830385446548462,330,1077,1.015377408094465,6.967964922264096,4.405932880029809
