event id,p_spot,p_track,p_worm,x_coord,y_coord,width,length,azwidth
15,-1.0,-1.0,-1.0,1711,19,0.6790883801768823,9.122636488041728,9.82990680201828
34,0.01247644703835249,0.582625150680542,0.40216493606567383,705,1383,0.8712513539006523,29.964047449282553,328.8586424198914
