event id,p_spot,p_track,p_worm,x_coord,y_coord,width,length,azwidth
19,0.001271339482627809,0.7909318804740906,0.2064168006181717,958,483,5.909334607133643,262.476615587754,42014.23732898144
