event id,p_spot,p_track,p_worm,x_coord,y_coord,width,length,azwidth
72,0.9299823045730591,0.02882925607264042,0.03910375013947487,1274,999,1.0759089612573496,1.7513870652520167,1.7056503429468812
