event id,p_spot,p_track,p_worm,x_coord,y_coord,width,length,azwidth
74,0.0015246395487338305,0.690001904964447,0.3076525032520294,1173,807,0.9656220845967407,6.282855178133881,23.8303508587594
