event id,p_spot,p_track,p_worm,x_coord,y_coord,width,length,azwidth
9,0.9999998807907104,3.7168387478914156e-08,3.636282386310086e-08,1252,975,0.7108262659710729,10.596659652588308,71.16166728123191
50,0.5100545883178711,0.06394406408071518,0.42532405257225037,1417,961,1.43775158177381,2.147212400785447,2.3012339293608832
51,0.6336284279823303,0.1816173940896988,0.18352492153644562,1309,968,1.6745248857694677,2.521235873133553,2.852271743772771
64,0.9999997615814209,7.902914234136915e-08,1.75490072251705e-07,1436,975,1.2520260031569832,1.4527577301513706,1.5696802949840787
82,0.9999997615814209,1.589135365520633e-07,1.2534081861304003e-07,1182,975,0.33154857206899585,8.181222052292707,39.86133508709079
89,0.5023181438446045,0.23871314525604248,0.20944398641586304,1442,968,1.038147775322968,1.4101815325962384,1.4081840142124864
97,0.9993195533752441,0.000337216624757275,0.0003416054241824895,1138,970,0.5588401149615746,0.8096827876843472,0.4815729257244042
