event id,p_spot,p_track,p_worm,x_coord,y_coord,width,length,azwidth
41,0.016255469992756844,0.828260064125061,0.14752079546451569,220,1190,1.8292196008765236,973.5414713100901,360037.02235067036
69,-1.0,-1.0,-1.0,2578,357,0.768547752071847,6.706408511882919,43.6419802456296
