event id,p_spot,p_track,p_worm,x_coord,y_coord,width,length,azwidth
3,6.70294466544874e-05,0.9767499566078186,0.022913087159395218,2126,1032,0.8480721763598584,7.905482751124911,49.15753629122212
79,0.0009100312599912286,0.9761651754379272,0.022658100351691246,1464,1039,8.483613863949955,179.61785969205792,548.4992036549229
