event id,p_spot,p_track,p_worm,x_coord,y_coord,width,length,azwidth
61,0.4968183636665344,0.3022652566432953,0.12789961695671082,2264,107,0.9318616507089084,10.673282768258227,0.8738198499667621
88,0.11903639882802963,0.17920444905757904,0.6986191868782043,1441,852,0.9884504623361063,10.401414847670997,13.158222790026704
89,-1.0,-1.0,-1.0,1437,1934,0.8372296833387053,15.17004118352402,111.29516576007309
