event id,p_spot,p_track,p_worm,x_coord,y_coord,width,length,azwidth
46,0.003740751650184393,0.5604528188705444,0.05407855287194252,1428,413,0.9034465546386248,10.312441969368937,5.041358768473077
75,0.9509385228157043,0.014196662232279778,0.0342552550137043,1315,1381,1.0243760489773552,14.774212825845545,23.054031998461372
