event id,p_spot,p_track,p_worm,x_coord,y_coord,width,length,azwidth
62,3.679871224449016e-05,0.8432979583740234,0.15664547681808472,1389,1111,0.9185781754644872,3.628076707805597,3.335745936131622
