event id,p_spot,p_track,p_worm,x_coord,y_coord,width,length,azwidth
24,0.0003535524010658264,0.3645407557487488,0.634902834892273,1432,932,0.6976422055874405,4.788541063349505,9.051875335799473
63,0.00011548063775990158,0.7459988594055176,0.2538680136203766,1276,745,4.6144230504852715,84.6193841750281,6805.0146598035335
