event id,p_spot,p_track,p_worm,x_coord,y_coord,width,length,azwidth
8,0.012460857629776001,0.600494921207428,0.38470056653022766,1293,964,0.825361214168299,21.16048710021582,149.46869289186958
