event id,p_spot,p_track,p_worm,x_coord,y_coord,width,length,azwidth
77,8.17379986983724e-06,0.9965831637382507,0.0034060522448271513,1365,1472,0.8367736584732467,19.514324972615007,0.725088928330907
