event id,p_spot,p_track,p_worm,x_coord,y_coord,width,length,azwidth
6,0.004204952623695135,0.0016669504111632705,0.9941270351409912,1276,770,1.170117395262886,2.99129490068947,3.533158077039418
25,0.0059370193630456924,0.613339900970459,0.3783583641052246,1020,841,3.324097399123476,493.64193067464385,43543.14883094535
31,0.0027158348821103573,0.5709801912307739,0.4248379170894623,962,542,1.277083849703091,151.57152581663468,142.27257104683315
50,0.0006609435076825321,0.6273502111434937,0.3695806562900543,1380,772,0.9273621869911943,5.415404310764149,8.538245799230452
54,0.003507523564621806,0.6636796593666077,0.3273140788078308,1463,1572,0.9578429365059232,7.1620599805207945,31.004475979132742
