event id,p_spot,p_track,p_worm,x_coord,y_coord,width,length,azwidth
97,0.686606228351593,0.1745808869600296,0.1373126059770584,1281,1007,0.84523240337765,1.9505669986152605,0.7537618717889158
