event id,p_spot,p_track,p_worm,x_coord,y_coord,width,length,azwidth
11,0.0007582564139738679,0.03588028624653816,0.9633541703224182,1229,913,1.4508522650748112,4.8127690950425235,12.690863509911248
