event id,p_spot,p_track,p_worm,x_coord,y_coord,width,length,azwidth
47,0.003150008153170347,0.44446858763694763,0.552249550819397,2137,1606,1.315578853460814,65.3808604646893,462.9249629070304
57,0.9340537786483765,0.01867217756807804,0.04693103954195976,185,967,0.9646886767020498,2.0801277458753282,4.317396492735131
62,0.01572103053331375,0.05945691838860512,0.9247353076934814,2405,285,0.9764722788596367,21.791149347275727,318.86181073862406
