event id,p_spot,p_track,p_worm,x_coord,y_coord,width,length,azwidth
52,0.39509153366088867,0.45407044887542725,0.14880000054836273,1290,972,0.5545756980840775,1.9282613672856135,1.7992708784481888
68,0.9999251365661621,4.5716944441664964e-05,2.902317646658048e-05,1283,978,0.46593101251669994,0.6840042158462271,0.4624259925998953
97,0.48632192611694336,0.2086089849472046,0.3042011559009552,1298,968,1.2404923390332196,2.307631528997143,1.9322398620649652
