event id,p_spot,p_track,p_worm,x_coord,y_coord,width,length,azwidth
97,2.5116978576988913e-05,0.9801310896873474,0.019211851060390472,1230,1389,0.8772762094046868,7.270727465380628,4.198974365285226
