event id,p_spot,p_track,p_worm,x_coord,y_coord,width,length,azwidth
30,0.013517032377421856,0.11299112439155579,0.8730515837669373,1385,600,0.8566594324065541,3.601091348915585,3.2079248764907615
