event id,p_spot,p_track,p_worm,x_coord,y_coord,width,length,azwidth
40,0.8983469009399414,0.022658683359622955,0.07807554304599762,1302,967,1.1025119732115742,2.015612665059015,2.527440425593586
