event id,p_spot,p_track,p_worm,x_coord,y_coord,width,length,azwidth
24,0.6498420238494873,0.1518169343471527,0.1968342363834381,1294,1062,0.6757001695450469,4.741009610467015,9.552589720504733
26,0.7586020827293396,0.05340065807104111,0.18761993944644928,1299,986,1.4175576309849962,3.001395444158294,6.675159523463137
36,0.9999529123306274,7.452326372003881e-06,3.896058115060441e-05,1296,943,1.0270611353455534,2.348682064834288,2.6972253287970114
40,0.9997044205665588,0.0001723329332889989,0.00012240225623827428,1297,1132,0.6818022296009725,0.7133312114346719,0.4988840704416726
48,1.0,5.3882416750639095e-08,5.596326957402198e-08,1297,804,1.2087426838731345,1.2914563402668726,1.4862625606796949
54,0.9995443224906921,0.00010049444972537458,0.0003524790226947516,1298,1010,0.9194854072996042,3.6763069984821244,5.510239326576353
93,0.9999970197677612,8.681595886628202e-07,2.0946276890754234e-06,1288,777,1.253060798927166,1.6989712483454635,2.7332979512982853
