event id,p_spot,p_track,p_worm,x_coord,y_coord,width,length,azwidth
57,0.00014074142382014543,0.9672694802284241,0.03237857297062874,1387,723,0.858944059329233,10.866943960158174,82.02456869739108
