event id,p_spot,p_track,p_worm,x_coord,y_coord,width,length,azwidth
54,0.24621497094631195,0.5416017770767212,0.21209242939949036,602,1232,1.0842088924284545,483.7927187479229,4500.12189352138
56,0.004406353458762169,0.8090624809265137,0.18495209515094757,1142,67,0.8325474690572214,10.712701450773366,83.56059752970754
