event id,p_spot,p_track,p_worm,x_coord,y_coord,width,length,azwidth
30,0.0010099556529894471,0.6134820580482483,0.3839336037635803,1204,1007,4.85838039097629,435.9185840006796,19932.756990130645
