event id,p_spot,p_track,p_worm,x_coord,y_coord,width,length,azwidth
40,0.757360577583313,0.13342972099781036,0.10732585191726685,1299,970,1.075094654939151,2.2115302583866003,1.1580286254295955
