event id,p_spot,p_track,p_worm,x_coord,y_coord,width,length,azwidth
49,1.2632805010071024e-05,0.013787985779345036,0.9861966967582703,162,357,6.527801835630914,517.6590679048576,134936.56920319132
82,0.0060855853371322155,0.12339802086353302,0.8703957796096802,1742,741,0.9869544047855733,15.65010211416654,5.170439481430321
