event id,p_spot,p_track,p_worm,x_coord,y_coord,width,length,azwidth
9,2.6665959467209177e-06,0.9929983615875244,0.0069669377990067005,1149,1034,0.9547596690356348,6.3514132426407475,0.9140505173543
38,0.00010693564399844036,0.9825009703636169,0.01735932193696499,1103,1542,0.866066042378153,8.267730708994224,7.154979472248074
77,0.0001470513961976394,0.9539324045181274,0.045800238847732544,606,976,6.566608041093176,459.8388004072141,154194.41507114776
