event id,p_spot,p_track,p_worm,x_coord,y_coord,width,length,azwidth
40,0.11381133645772934,0.03222419321537018,0.8537941575050354,1297,962,1.7518909416101323,2.685032920917011,3.463011721668037
