event id,p_spot,p_track,p_worm,x_coord,y_coord,width,length,azwidth
47,0.025057286024093628,0.043589383363723755,0.9313272833824158,375,1134,4.81320494808967,444.5830958151887,43610.99124006283
51,0.0020100686233490705,0.9250659346580505,0.07030943036079407,525,1360,0.9145687952503581,48.40188358910253,6.184815196815956
