event id,p_spot,p_track,p_worm,x_coord,y_coord,width,length,azwidth
32,0.9998965263366699,1.6337437045876868e-05,8.432797767454758e-05,1295,972,0.906510755689277,1.0826811568582138,1.0166426720586057
