event id,p_spot,p_track,p_worm,x_coord,y_coord,width,length,azwidth
95,0.00013567366113420576,0.9077212810516357,0.09177076071500778,1804,391,0.8668659158600223,12.696104742509515,2.0047287875192725
