event id,p_spot,p_track,p_worm,x_coord,y_coord,width,length,azwidth
8,0.0014117368264123797,0.8388081192970276,0.1586976945400238,2321,973,0.9384320075289011,5.516472521793695,8.0031505428021
