event id,p_spot,p_track,p_worm,x_coord,y_coord,width,length,azwidth
11,0.9955821633338928,0.0015416399110108614,0.0027879734989255667,1290,972,0.8266324490806779,1.235815233603091,1.2939658858589866
44,0.1903105229139328,0.5316464304924011,0.27434366941452026,1295,968,0.7114158818709267,1.9393262056424516,3.0846422585069675
