event id,p_spot,p_track,p_worm,x_coord,y_coord,width,length,azwidth
57,8.59377848883014e-08,0.9958920478820801,0.0041069164872169495,1328,451,0.9038316677575614,5.6527939057194025,7.481312270951123
