event id,p_spot,p_track,p_worm,x_coord,y_coord,width,length,azwidth
14,0.001629547099582851,0.9301324486732483,0.06765032559633255,1177,874,0.9326046302277767,3.440972635921253,1.489588816827751
85,-1.0,-1.0,-1.0,1755,11,0.8937147372655259,2.395516102895339,1.273252418728717
