event id,p_spot,p_track,p_worm,x_coord,y_coord,width,length,azwidth
12,0.00407765619456768,0.9393674731254578,0.05445379763841629,1199,714,0.9498436363205147,16.00793839641374,10.592999588221108
44,3.922946416423656e-05,0.9042827486991882,0.09522770345211029,1354,735,143.16306351534078,247.65904115999854,52718.398978718
