event id,p_spot,p_track,p_worm,x_coord,y_coord,width,length,azwidth
39,0.7322186231613159,0.05536836013197899,0.2120598703622818,1295,971,1.2205527140414012,2.2767870127026844,1.6047198737570432
