event id,p_spot,p_track,p_worm,x_coord,y_coord,width,length,azwidth
28,0.9999988079071045,3.5167821010873013e-07,8.811971952127351e-07,1344,1411,0.8498749878492591,1.1620797898616257,0.9897709395298097
