event id,p_spot,p_track,p_worm,x_coord,y_coord,width,length,azwidth
61,0.9999715089797974,2.9585196443804307e-06,2.433260488032829e-05,1296,966,1.1265442782427564,1.278379275811161,1.4812472147018763
