event id,p_spot,p_track,p_worm,x_coord,y_coord,width,length,azwidth
33,0.0016528830165043473,0.0017067487351596355,0.9966354966163635,1216,1015,1.4137985142985872,4.374648542660767,4.203894367347804
34,0.9877752065658569,0.002922848565503955,0.008584181778132915,1319,959,1.1045625660362928,2.0917236739985845,1.8717409144648745
50,0.999896764755249,2.4148257580236532e-05,7.82545394031331e-05,1219,1014,0.9595583834472496,1.9709417209095037,1.2280487614711373
51,0.6046147346496582,0.27449533343315125,0.11801047623157501,1231,1010,1.5263347365920068,3.989146961717922,3.9057748865130315
62,0.9999624490737915,5.355703251552768e-06,2.2138328859000467e-05,1310,960,1.221839374759994,2.3501804094776606,2.1004879137729344
85,0.9999507665634155,8.831508239381947e-06,3.3121523301815614e-05,1415,897,1.2650793016117474,1.5612306475975635,2.2568896489984653
93,0.9337849020957947,0.04599938914179802,0.019540583714842796,1142,1066,0.6021793884421969,1.1373937371840486,0.6588133675625761
