event id,p_spot,p_track,p_worm,x_coord,y_coord,width,length,azwidth
4,1.0,3.002247339622954e-08,2.995903614078088e-08,1298,974,0.9244329317200952,1.4782901731800293,1.2856982457686283
