event id,p_spot,p_track,p_worm,x_coord,y_coord,width,length,azwidth
30,0.996996283531189,0.0016541153891012073,0.001345995580777526,1287,969,0.5653752995979215,1.0633812658441344,0.9907100771669297
81,0.015953263267874718,0.05782046914100647,0.9261755347251892,1292,956,0.9239458959155877,2.6737570897234604,4.632477928625643
