event id,p_spot,p_track,p_worm,x_coord,y_coord,width,length,azwidth
64,0.040208276361227036,0.450533390045166,0.5087714195251465,1591,881,2.6378890147389713,297.28235809322246,10.579155083584576
73,0.008626597002148628,0.85411137342453,0.13599102199077606,1127,1171,0.8211218102338076,4.5812656174559505,10.309147932172122
