event id,p_spot,p_track,p_worm,x_coord,y_coord,width,length,azwidth
11,0.036417730152606964,0.2016209065914154,0.7609449028968811,1955,897,0.9405625229091963,6.350006046358369,12.637833706892653
20,0.15083986520767212,0.6207200288772583,0.22749708592891693,1340,1030,1.506424004926256,45.15503318189376,939.714564644703
40,0.0009164333459921181,0.3778570890426636,0.6208916902542114,1766,1027,8.889434525838956,482.77293434762794,51298.60526059184
45,0.325937420129776,0.48033738136291504,0.19225583970546722,1530,1851,0.737817914776766,13.508039723901215,119.51051911065565
68,0.008301274850964546,0.7733943462371826,0.08482452481985092,2177,1430,0.9213845584940134,10.637306726528415,49.337089216272645
89,3.88241714972537e-05,0.9415485262870789,0.05832486227154732,2024,1037,10.914066836942235,593.911470333339,70667.83526921905
