event id,p_spot,p_track,p_worm,x_coord,y_coord,width,length,azwidth
39,0.014869550243020058,0.7494053840637207,0.2346050888299942,1023,1420,0.8405164503289791,3.8901803619363142,0.7073082980594996
