event id,p_spot,p_track,p_worm,x_coord,y_coord,width,length,azwidth
16,0.10004818439483643,0.08354915678501129,0.8156472444534302,2022,278,0.9749324302045305,15.239983435175326,231.55871940725518
50,0.007893203757703304,0.006318701431155205,0.9857848286628723,2128,118,1.1151838384211696,9.249419932223676,84.46033060642198
71,0.00029289661324582994,0.8114240169525146,0.1881597936153412,667,1087,0.9819520085896418,4.501405463653335,1.124205283394815
95,6.960589962545782e-05,0.8791327476501465,0.12075832486152649,2047,90,0.7640572704757586,4.775701602057715,16.19835726275694
