event id,p_spot,p_track,p_worm,x_coord,y_coord,width,length,azwidth
77,0.11300429701805115,0.018822191283106804,0.8680750131607056,1284,982,1.1078224866478414,2.426094884012542,3.127556012728572
