event id,p_spot,p_track,p_worm,x_coord,y_coord,width,length,azwidth
92,0.9999631643295288,5.064355718786828e-06,2.5736020688782446e-05,1300,962,1.2520007678127125,1.3658857663839508,1.669160567447997
