event id,p_spot,p_track,p_worm,x_coord,y_coord,width,length,azwidth
99,-1,-1,-1,2573,713,0.880586466172825,3.404744420840423,11.479419846054135
