event id,p_spot,p_track,p_worm,x_coord,y_coord,width,length,azwidth
84,0.0007349395309574902,0.6857142448425293,0.3132857382297516,1526,870,0.8766062942774777,4.694570173998574,0.7684446741302579
