event id,p_spot,p_track,p_worm,x_coord,y_coord,width,length,azwidth
14,0.999998927116394,3.4485185551602626e-07,6.739847435710544e-07,1221,1102,0.3966483480739393,7.427049565559192,2.590198679394903
39,0.015159291215240955,0.14588850736618042,0.8386147618293762,1254,1047,1.7243424784132704,4.475843803182082,7.169409049732888
75,0.9520748853683472,0.027120186015963554,0.020464491099119186,1276,1013,1.3098752898268515,3.4702287818478648,2.00691967017412
83,0.9982402324676514,0.0004064197710249573,0.0013009787071496248,1293,976,1.1962243161043327,1.4709059249923278,2.0570687382367363
88,0.14359977841377258,0.34510940313339233,0.510246992111206,1261,1036,1.0520538266298365,3.5840332876629906,2.7661762826002043
97,0.9999997615814209,6.214923331526734e-08,6.209756975295022e-08,1352,871,1.1941320825236001,1.238509019085693,1.425995066738787
