event id,p_spot,p_track,p_worm,x_coord,y_coord,width,length,azwidth
1,9.591865818947554e-05,0.7166028618812561,0.28324753046035767,1955,1324,0.9296380226522958,14.049435147840338,1.3783515735935508
3,0.08692135661840439,0.8277908563613892,0.08110279589891434,1421,1289,0.9599830547640001,14.125494674729294,1.9641534300093348
25,8.669176736475492e-07,0.9887896776199341,0.01119646430015564,621,1457,0.9048933772805721,13.394931835417527,30.182274047093056
