event id,p_spot,p_track,p_worm,x_coord,y_coord,width,length,azwidth
41,0.00011218248982913792,0.9679834246635437,0.03092421218752861,1281,976,0.969229209574386,8.694552437159858,32.570764592211326
