event id,p_spot,p_track,p_worm,x_coord,y_coord,width,length,azwidth
23,4.062860170961358e-06,0.9987776875495911,0.0011360417120158672,708,859,0.8650089680315179,11.596834202427187,9.264964689122761
