event id,p_spot,p_track,p_worm,x_coord,y_coord,width,length,azwidth
45,0.07422507554292679,0.47800368070602417,0.3484422564506531,928,1483,0.9363344758391472,8.33998131161593,26.506102263494395
51,0.00010955278412438929,0.818316638469696,0.18154865503311157,467,428,14.242279251777319,843.0927260461023,709944.4023005483
80,0.001304480480030179,0.9371551871299744,0.04830005392432213,1228,956,8.061528808378014,95.9470534595214,7743.641162261145
