event id,p_spot,p_track,p_worm,x_coord,y_coord,width,length,azwidth
27,3.1984891393221915e-05,0.9717187285423279,0.02824806049466133,2051,1345,0.8071498255431276,10.357510125081266,8.635479225050112
40,0.0009972612606361508,0.9461697936058044,0.052715279161930084,2251,497,0.9066389339675498,9.65475985641704,49.41388695305253
89,0.00020843381935264915,0.9650488495826721,0.03319075331091881,2211,900,0.8257440116994303,7.792026285284783,18.489859670334596
