event id,p_spot,p_track,p_worm,x_coord,y_coord,width,length,azwidth
27,0.9999997615814209,1.113280703179953e-07,6.938235230791179e-08,1276,979,0.25032679709421995,0.32262700434734,0.08013146213966496
76,0.36881545186042786,0.1580299586057663,0.47265878319740295,1291,969,1.2859665973528702,2.6024222144203657,1.653925147152465
