event id,p_spot,p_track,p_worm,x_coord,y_coord,width,length,azwidth
55,0.00010779840522445738,0.9895752668380737,0.009609452448785305,363,931,0.8425331481253168,26.212485270437934,136.97111291125864
60,3.2577005185885355e-05,0.9788059592247009,0.0211032684892416,1932,1343,0.9573856860234913,32.37597539883882,697.2937061299692
