event id,p_spot,p_track,p_worm,x_coord,y_coord,width,length,azwidth
67,0.9999958276748657,1.6626421484033926e-06,2.474873781466158e-06,1111,786,0.8362758289362107,0.9179902298321011,0.8358497903277755
