event id,p_spot,p_track,p_worm,x_coord,y_coord,width,length,azwidth
39,0.45098650455474854,0.07448497414588928,0.47409602999687195,1308,958,1.1237168728461449,2.4797431263814778,4.834609077696487
