event id,p_spot,p_track,p_worm,x_coord,y_coord,width,length,azwidth
47,0.008142020553350449,0.008723433129489422,0.9831337928771973,2328,1163,1.3393107451019635,5.0533840204523885,13.702137915108862
