event id,p_spot,p_track,p_worm,x_coord,y_coord,width,length,azwidth
18,0.9999996423721313,1.6074380937425303e-07,2.9356976938288426e-07,2028,1334,1.1889580610729462,6.5305623431239415,40.664486593716454
