event id,p_spot,p_track,p_worm,x_coord,y_coord,width,length,azwidth
94,0.973984956741333,0.005264195613563061,0.020565960556268692,1308,970,1.0366671792304247,2.0121374004446055,1.9958986107811154
