event id,p_spot,p_track,p_worm,x_coord,y_coord,width,length,azwidth
23,7.455181912519038e-05,0.9407550096511841,0.05896013602614403,2366,1125,7.364846022148589,1030.5194153737634,491436.53783305915
89,0.0014750573318451643,0.900692343711853,0.09731000661849976,1686,718,0.9236730074789852,7.769928901911141,15.471620393669896
