event id,p_spot,p_track,p_worm,x_coord,y_coord,width,length,azwidth
39,-1,-1,-1,2591,1562,0.8584244123471655,16.14591070758277,92.56472280708674
