event id,p_spot,p_track,p_worm,x_coord,y_coord,width,length,azwidth
14,0.01926647685468197,0.8800687193870544,0.1002427265048027,1302,967,0.6876531800512066,2.3915516310374185,1.1201847830493497
