event id,p_spot,p_track,p_worm,x_coord,y_coord,width,length,azwidth
76,0.9999997615814209,1.0946712336590281e-07,6.718896372603922e-08,1283,973,0.42814356162160644,0.8925650737928389,0.4937550133236182
