event id,p_spot,p_track,p_worm,x_coord,y_coord,width,length,azwidth
22,0.3601031005382538,0.005196719896048307,0.634655773639679,1299,967,1.2815533905293865,1.9385549036037673,2.881707558322767
33,0.7372165322303772,0.17688897252082825,0.08358041197061539,1290,983,0.9445564874298775,1.5021872520271715,2.179282801215586
