event id,p_spot,p_track,p_worm,x_coord,y_coord,width,length,azwidth
15,0.0017418185016140342,0.9582894444465637,0.039933942258358,1218,1489,0.8392098386475819,9.631440301555914,2.316466394314822
28,0.00865266751497984,0.9268932342529297,0.06424122303724289,173,1335,0.8250637970328574,10.428680266561132,24.068062495918042
57,0.31780585646629333,0.61594158411026,0.06596148759126663,1639,732,0.9390272120427856,238.99893608980284,2986.6287796528977
72,0.0035782638005912304,0.41008344292640686,0.5845911502838135,1423,947,6.2546988252804,73.67981301995037,5414.532670045248
79,0.015772536396980286,0.5895995497703552,0.3945339322090149,1290,954,6.489921840865492,187.37764605334542,30398.07103282058
