event id,p_spot,p_track,p_worm,x_coord,y_coord,width,length,azwidth
5,8.692676055943593e-05,0.9873126149177551,0.012516039423644543,867,845,0.8184337608336011,14.323398214042939,27.889346564678256
68,0.12614499032497406,0.7613913416862488,0.10991369932889938,544,138,0.9092988328558792,16.83923140552481,206.2647014353509
89,0.00020917631627526134,0.8738264441490173,0.12563678622245789,2192,1205,0.8920142990931101,10.772590682264665,22.84293463622615
100,-1.0,-1.0,-1.0,2585,451,0.5451291330046192,1.8093297410176234,1.9996061796341866
