event id,p_spot,p_track,p_worm,x_coord,y_coord,width,length,azwidth
30,0.9999997615814209,1.260519013612793e-07,9.570099734901305e-08,1297,978,0.5008759417415033,1.1407922964331452,0.7219979673681778
