event id,p_spot,p_track,p_worm,x_coord,y_coord,width,length,azwidth
26,0.007022794336080551,0.43827006220817566,0.13940119743347168,947,51,0.9315648374689116,14.583575601163462,9.36930416523868
