event id,p_spot,p_track,p_worm,x_coord,y_coord,width,length,azwidth
24,1.0,2.4981869017892677e-08,2.4496760175907184e-08,1342,641,0.6831507144240948,1.6410518276911261,0.47037643117040273
