event id,p_spot,p_track,p_worm,x_coord,y_coord,width,length,azwidth
5,0.00014946714509278536,0.8386523127555847,0.1610984206199646,505,185,7.408429092564471,481.11324222628105,228808.22394313387
30,0.0027237641625106335,0.09255188703536987,0.9044240117073059,1288,1253,0.8260943477445656,6.997418328880638,19.31806755900142
78,0.3549652397632599,0.11825118958950043,0.526762843132019,416,840,5.2598985458001435,223.12203029756722,46101.94202045324
81,0.946491539478302,0.02027839608490467,0.018761131912469864,1270,1731,1.301366313032596,532.7528721092809,123527.89697407832
