event id,p_spot,p_track,p_worm,x_coord,y_coord,width,length,azwidth
58,0.413269579410553,0.2009575068950653,0.38275018334388733,1293,973,0.9429258605119367,1.9955338761827774,3.6722615974907264
