event id,p_spot,p_track,p_worm,x_coord,y_coord,width,length,azwidth
26,0.7739852070808411,0.16483809053897858,0.06054740026593208,1761,1361,0.9450545860038804,2.032911073584109,4.087000497559741
31,0.9999966621398926,1.306764943365124e-06,2.069672973448178e-06,972,790,1.1550847881351591,304.8227040283706,92909.70825375793
37,1.0,1.9092183833890886e-08,3.117101243788056e-08,1087,1020,0.8737414801697264,1.0353615879310727,0.9319199349213726
