event id,p_spot,p_track,p_worm,x_coord,y_coord,width,length,azwidth
47,-1,-1,-1,17,1310,0.974026447204752,36.53253539419764,262.83354514202495
