event id,p_spot,p_track,p_worm,x_coord,y_coord,width,length,azwidth
19,0.9999943971633911,2.6607297058944823e-06,2.940848389698658e-06,1577,1443,0.7063940248750912,268.6385692971096,71902.27904597089
42,0.9999997615814209,8.815716512344807e-08,1.3951316191196383e-07,1166,952,0.9005678272422094,105.76900131117863,10205.568090729397
