event id,p_spot,p_track,p_worm,x_coord,y_coord,width,length,azwidth
62,0.000398637552279979,0.9310856461524963,0.06553862988948822,874,696,0.8829683549994739,9.516844478376614,82.70002473385286
