event id,p_spot,p_track,p_worm,x_coord,y_coord,width,length,azwidth
34,0.7083311080932617,0.0004269318887963891,0.29123765230178833,1639,774,2.7028009485362072,11.753974489504198,22.57666619496953
43,0.0025309063494205475,0.411324679851532,0.5842881798744202,1832,1256,0.9278675577028149,12.778294861352425,66.01784029059303
