event id,p_spot,p_track,p_worm,x_coord,y_coord,width,length,azwidth
53,0.9997598528862,3.392275175428949e-05,0.00020524441788438708,1296,977,0.9470547465278756,1.301672082908779,1.0270900951097535
