event id,p_spot,p_track,p_worm,x_coord,y_coord,width,length,azwidth
46,0.00028272750205360353,0.9947260022163391,0.0049848053604364395,217,1660,0.8773916480570337,47.35312697283404,526.2174830345817
