event id,p_spot,p_track,p_worm,x_coord,y_coord,width,length,azwidth
9,4.04960064770421e-06,0.9953025579452515,0.004170237109065056,463,1193,0.8420345361133472,11.483614302566462,51.6393278826793
78,3.1945586670190096e-05,0.957813560962677,0.02801419235765934,1584,1822,0.8896602520875241,10.770153262651764,37.949363600972276
