event id,p_spot,p_track,p_worm,x_coord,y_coord,width,length,azwidth
9,0.9999995231628418,2.5882178533720435e-07,1.8617394914599572e-07,1157,1141,0.13599593727360812,0.2863046289850473,0.05049150284729828
45,0.6482317447662354,0.2177428901195526,0.13190306723117828,1200,1090,0.6228158881243199,6.764461892075025,0.4634698870958696
67,0.998872697353363,5.881276956642978e-05,0.00011685066419886425,1198,1093,0.43503613950378517,0.5083283038013241,0.1980433257255048
79,1.0,4.197503500336097e-08,3.8253126888321276e-08,1349,907,1.0733948460717717,1.8146453298732224,1.23624504168387
85,0.9999990463256836,1.2247878089510777e-07,1.2063698306974402e-07,1307,952,1.0474326893653831,5.249507301320911,1.2108993949642428
