event id,p_spot,p_track,p_worm,x_coord,y_coord,width,length,azwidth
48,0.3518933653831482,0.4853487014770508,0.16122418642044067,335,901,0.9334036069941121,27.837946621547964,115.94718131580997
52,0.9999831914901733,4.562928097584518e-06,1.228783730766736e-05,1487,1882,5.341566059191391,60.16859978404642,1832.560156720802
