event id,p_spot,p_track,p_worm,x_coord,y_coord,width,length,azwidth
26,0.002194805536419153,0.9024510979652405,0.09324359893798828,2203,1691,0.8056949712690239,10.817163314692905,47.594033813665234
