event id,p_spot,p_track,p_worm,x_coord,y_coord,width,length,azwidth
5,0.9999488592147827,7.046835889923386e-06,4.273643207852729e-05,1339,937,1.3061346201116983,1.8066206731001033,1.789966951979022
12,0.21596109867095947,0.5076011419296265,0.27375492453575134,1250,1001,2.115038931256399,4.920714870707939,6.897633246335984
25,0.17082323133945465,0.6278672814369202,0.1993197500705719,1252,1001,1.2616935969580372,2.6461892814871932,4.032367440080077
47,0.9713516235351562,0.002843140158802271,0.005672828759998083,1382,900,1.0061840204386134,3.3754333556639247,1.762077430028288
