event id,p_spot,p_track,p_worm,x_coord,y_coord,width,length,azwidth
2,7.557024218840525e-05,0.9879981279373169,0.011608364060521126,1564,956,0.8542640679700045,9.471268577828985,35.13927569381526
28,0.00014120487321633846,0.9677466750144958,0.03203388303518295,925,1239,9.118924836515417,62.697021987371286,3817.4160893363987
