event id,p_spot,p_track,p_worm,x_coord,y_coord,width,length,azwidth
67,0.00029638997511938214,0.023132052272558212,0.9765240550041199,1330,920,8.777484812269535,19.766516546976924,250.79589711343561
71,7.709645188924696e-08,0.00010693452350096777,0.9998927116394043,1224,1128,2.5850098312496663,14.88546083631956,103.23033970012551
