event id,p_spot,p_track,p_worm,x_coord,y_coord,width,length,azwidth
17,0.8215919137001038,0.06421910971403122,0.11219903826713562,1292,972,0.9373362354743456,1.6741057116218756,1.6236754897796317
