event id,p_spot,p_track,p_worm,x_coord,y_coord,width,length,azwidth
63,5.635208435705863e-05,0.9246031045913696,0.07513792812824249,1299,962,1.116970514207087,5.327787495119623,3.0534652474073005
65,0.9997549653053284,6.598425898118876e-06,1.3406442121777218e-05,1317,915,1.1941450148897579,2.5512668397692377,2.7562065736449886
