event id,p_spot,p_track,p_worm,x_coord,y_coord,width,length,azwidth
19,0.9999992847442627,1.9838246601011633e-07,4.660092542962957e-07,1296,970,1.1023033188379567,1.6052275975904529,1.2253655101972176
