event id,p_spot,p_track,p_worm,x_coord,y_coord,width,length,azwidth
79,0.0018706260016188025,0.01698373071849346,0.9811307191848755,1283,1010,1.8346269832389128,3.5116562931915034,3.416991683315387
89,1.1353326048388346e-12,2.2417336822400102e-06,0.9999977350234985,1049,1474,4.2243051673816625,20.06092283533698,172.54286320990994
