event id,p_spot,p_track,p_worm,x_coord,y_coord,width,length,azwidth
23,0.9999994039535522,1.5844919687424408e-07,4.491451761623466e-07,1351,964,1.208862923920956,1.2348517214157788,1.5239432239270976
84,0.9999996423721313,2.3536435378446185e-07,1.6643276978811627e-07,1248,983,0.26031253432251567,9.099295159109033,37.40387536989519
