event id,p_spot,p_track,p_worm,x_coord,y_coord,width,length,azwidth
88,0.9775848984718323,0.0031076930463314056,0.015073084272444248,1290,939,1.2016383323847513,2.3862125544008563,5.686083604224098
