event id,p_spot,p_track,p_worm,x_coord,y_coord,width,length,azwidth
85,0.003967264201492071,0.12971027195453644,0.8660337328910828,1275,1029,1.1033438980207069,6.550130896676288,2.307040209879969
