event id,p_spot,p_track,p_worm,x_coord,y_coord,width,length,azwidth
71,1.7072805391649126e-08,0.0006887012277729809,0.9993112087249756,1272,1453,1.9526801929601132,9.031061049069605,24.37501256028857
100,0.9999880790710449,5.315676844475092e-06,6.571726316906279e-06,1297,1060,0.78704357818671,3.1054772673423963,4.380372759658438
