event id,p_spot,p_track,p_worm,x_coord,y_coord,width,length,azwidth
2,2.2478686787508195e-06,0.0005931055638939142,0.9994045495986938,1289,960,3.5592339574598335,16.79409800631351,200.8962259809835
