event id,p_spot,p_track,p_worm,x_coord,y_coord,width,length,azwidth
3,0.00015758315566927195,0.013347700238227844,0.9864887595176697,1216,990,5.293859920458946,27.699502805537307,327.0497595688305
