event id,p_spot,p_track,p_worm,x_coord,y_coord,width,length,azwidth
85,5.248739853414008e-06,0.09738873690366745,0.902587354183197,1269,948,4.325353788881604,26.59029776174848,119.13497467566474
