event id,p_spot,p_track,p_worm,x_coord,y_coord,width,length,azwidth
77,5.088903890282381e-06,0.9940183162689209,0.0059051248244941235,1201,1026,1.3846794612724478,9.218243605495092,26.019532443362213
