event id,p_spot,p_track,p_worm,x_coord,y_coord,width,length,azwidth
3,6.588516754391094e-08,0.0014248235384002328,0.9985727071762085,1248,1069,1.8902291917330045,13.208078932499955,142.63920874729675
60,0.026983048766851425,0.2508992850780487,0.7191516757011414,1232,926,7.61267440374175,26.88800330626694,721.9346377216822
74,0.0012690299190580845,0.4614570438861847,0.5369049310684204,1214,1030,3.5425348726526207,11.265744090444736,91.1645300165341
