event id,p_spot,p_track,p_worm,x_coord,y_coord,width,length,azwidth
85,0.000124761660117656,0.015954094007611275,0.9838326573371887,1288,1093,1.227233586265276,5.695819619338881,18.502595079523783
