event id,p_spot,p_track,p_worm,x_coord,y_coord,width,length,azwidth
84,0.015140327624976635,0.07334939390420914,0.7302351593971252,1457,1661,2.0366305723132676,10.892183268369505,8.223530819473647
