event id,p_spot,p_track,p_worm,x_coord,y_coord,width,length,azwidth
72,1.3694209428649629e-06,0.0300019271671772,0.9699960350990295,1269,975,4.63142684432532,11.42279267284675,130.42783632726275
