event id,p_spot,p_track,p_worm,x_coord,y_coord,width,length,azwidth
41,0.9999988079071045,5.634119020214712e-07,5.559978717428748e-07,751,1439,0.8038344863760288,0.8247498234794074,0.6479002477728371
