event id,p_spot,p_track,p_worm,x_coord,y_coord,width,length,azwidth
98,0.00011362560326233506,0.011456048116087914,0.9882948398590088,1308,973,2.69608419485269,17.308098737934625,90.78662081852762
