event id,p_spot,p_track,p_worm,x_coord,y_coord,width,length,azwidth
91,0.0015233124140650034,0.9670374393463135,0.02792169526219368,1061,921,0.9047660811856695,14.741799578843596,90.56421793867165
