event id,p_spot,p_track,p_worm,x_coord,y_coord,width,length,azwidth
4,2.8550242859637365e-05,0.982043445110321,0.01792527735233307,1950,1111,23.631518184358594,385.3388323687271,97667.80886471858
29,5.245966895017773e-05,0.9949905276298523,0.004950582981109619,1523,848,0.8729742206672565,26.794281455498133,29.931146488468144
35,0.00017554443911649287,0.9650154113769531,0.0347328744828701,1201,914,1.9739681962563986,211.5629507062229,647.9619576338827
39,0.04331420361995697,0.3232663869857788,0.6333783864974976,1437,772,3.598988144602558,796.7500513609066,11656.796316941023
48,1.237558649336279e-06,0.998985230922699,0.0010133683681488037,285,1437,23.101339714736884,498.8605015020907,79393.13436217199
49,0.07048632949590683,0.9083300828933716,0.020272869616746902,1432,1077,16.629358102894205,173.60568884458783,10467.939066891659
54,1.0788212421175558e-05,0.9971897006034851,0.002789244055747986,1316,864,0.9212287840284041,21.340389808114484,8.036857034037576
75,0.0007152727921493351,0.9740563035011292,0.024554964154958725,1202,1358,0.9346908289428134,25.257124020078088,20.389519150804624
87,1.9046217857976444e-05,0.9842512607574463,0.015725934877991676,1231,924,13.846422032883803,211.10138924492733,20399.223885138294
