event id,p_spot,p_track,p_worm,x_coord,y_coord,width,length,azwidth
47,0.008590859360992908,0.9335616827011108,0.057648394256830215,1352,967,5.829123830097571,63.11461793764103,2324.160076910448
79,0.0004387149529065937,0.970675528049469,0.028815031051635742,1324,946,0.9088073294345774,10.813677387079995,8.644129044079538
