event id,p_spot,p_track,p_worm,x_coord,y_coord,width,length,azwidth
31,3.5404540540184826e-05,0.10401655733585358,0.8959242701530457,1359,851,17.95641201674629,135.11480289741192,12969.270130633113
38,0.05801181122660637,0.861031174659729,0.0801682099699974,1091,805,9.702757232856966,418.86842378209053,174854.22551872508
48,0.0018600182374939322,0.9634968042373657,0.03433728963136673,1473,991,12.662574096373753,274.9167412574033,32456.941162119252
64,0.0015952431131154299,0.961618185043335,0.035930030047893524,1136,860,0.9727373619638532,19.56493369522577,254.41709980645243
67,0.0033813389018177986,0.916024923324585,0.07958793640136719,800,905,3.9709108539330287,239.72078785058278,42755.21611511043
