event id,p_spot,p_track,p_worm,x_coord,y_coord,width,length,azwidth
1,5.457251859297685e-07,0.9795224666595459,0.020472334697842598,825,1616,32.68564053454262,441.0042397103278,21608.350203298338
5,0.001617701374925673,0.9635204076766968,0.034849900752305984,2037,1223,25.880101833156708,491.28575813070654,63023.96645417465
42,0.009033276699483395,0.9043603539466858,0.08657416701316833,1011,1337,0.856581594006478,43.56047128785906,68.31790394779658
52,0.0020478791557252407,0.8987480401992798,0.09871227294206619,1351,852,0.9042277114976588,37.88825971347523,42.37440739815899
59,2.461068652337417e-05,0.9977391958236694,0.002234579296782613,1893,332,4.4853619567184175,809.1931402947026,25545.57459279835
72,0.001968616619706154,0.9663791656494141,0.031551048159599304,1256,1024,8.854980237828212,329.639930220198,16892.799094539263
89,3.037800979655003e-06,0.9654412269592285,0.03455417975783348,2119,778,20.94404783121685,369.3773254566962,80656.07887766098
91,0.5297477841377258,0.24413636326789856,0.21444319188594818,762,1555,0.9030175770571014,40.52546628314014,300.5495469084899
97,0.005104018375277519,0.9503278732299805,0.03968335688114166,1367,941,0.9433679039549461,37.10051573927384,24.05853644454217
