event id,p_spot,p_track,p_worm,x_coord,y_coord,width,length,azwidth
3,6.050806405255571e-05,0.986240804195404,0.012903641909360886,1209,978,0.8887536515861416,39.69231919010453,20.917373993818867
9,1.6638706483718124e-06,0.9983649849891663,0.0016298458212986588,742,1676,12.910330740514407,60.021864978418954,1995.3327939278254
28,0.006807877216488123,0.9351691007614136,0.05729598179459572,1528,995,0.9526363722876104,31.812354012616037,3.9461844751495168
31,0.44822385907173157,0.3626804053783417,0.18851493299007416,1333,744,1.501815937175557,594.1673018342126,95327.96628827901
46,6.141004269011319e-05,0.9905575513839722,0.009230787865817547,688,1753,4.264276915252817,544.7134942314265,17097.19075028466
53,0.0008588563068769872,0.8810634613037109,0.11801464855670929,1519,540,1.964033429265714,339.75549981693507,536.7790807338536
