event id,p_spot,p_track,p_worm,x_coord,y_coord,width,length,azwidth
31,0.0026216076221317053,0.9233707189559937,0.07168548554182053,1146,1110,4.868810297835582,113.20432496531845,774.8519800418425
51,0.044454049319028854,0.8392772674560547,0.1157364547252655,1303,891,5.188018551096003,56.20410731246174,525.2448649662002
