event id,p_spot,p_track,p_worm,x_coord,y_coord,width,length,azwidth
15,0.0014826098922640085,0.8811227679252625,0.11461180448532104,1335,1032,6.144452017286125,118.32096503669153,8747.101801797622
99,0.07464437186717987,0.6915698051452637,0.2332557588815689,1340,965,10.662028556766947,75.42789895777747,5676.419639462206
