event id,p_spot,p_track,p_worm,x_coord,y_coord,width,length,azwidth
7,0.0002913506468757987,0.9586628675460815,0.015904687345027924,1343,986,15.566987838355924,38.97779253938861,598.0371025959255
10,5.186362614040263e-05,0.9836770296096802,0.015956059098243713,1104,1065,3.5540526938517703,313.32270394293135,18505.02062375984
14,0.015786034986376762,0.47844401001930237,0.5000843405723572,1535,806,3.3543793426313027,135.29173595494038,4240.057782223517
21,7.181918772403151e-05,0.977689802646637,0.02220008708536625,1508,973,6.283018684770499,362.47777140354384,80476.70107422194
31,0.00026824368978850543,0.9346027970314026,0.0641627237200737,1181,1014,5.180542669411262,186.51233512824749,339.82535589459144
44,4.3741070840042084e-05,0.9524953961372375,0.046954281628131866,1331,1137,0.9328704587670645,17.179928306259878,69.22126369229512
62,0.0008548643090762198,0.8374105095863342,0.15935128927230835,1497,960,1.0247543333167533,259.76295448773544,17707.758477779626
