event id,p_spot,p_track,p_worm,x_coord,y_coord,width,length,azwidth
6,0.033629413694143295,0.25308942794799805,0.7041725516319275,250,1169,37.601306151582115,332.478342033596,71957.93838026653
25,4.156884905737179e-12,6.007641331962077e-06,0.9999940395355225,847,1687,15.338150406290534,469.63154209865655,69678.9783797181
52,0.002092862967401743,0.8258824944496155,0.1546940803527832,1531,1032,0.8788930336903059,37.2144402907139,103.15246757474071
73,0.0037732962518930435,0.12597504258155823,0.8689696192741394,1754,143,5.015030472409783,433.41017703699737,2324.2878524185144
76,0.020087648183107376,0.1659374088048935,0.8129395842552185,1101,1125,1.2478595076005157,120.49716303746945,3346.381202432706
80,0.01928582601249218,0.5350903868675232,0.333412766456604,1167,1356,0.961506578702237,41.89602495560731,443.4647286311756
94,0.16417279839515686,0.015346771106123924,0.8204312324523926,1102,1631,1.3225701143375268,36.19464405690058,486.2261123955351
