event id,p_spot,p_track,p_worm,x_coord,y_coord,width,length,azwidth
4,3.731533297468559e-06,0.9960132837295532,0.003980093635618687,1493,910,0.9252484828278584,22.954564973446008,51.610300854623716
48,0.00133833650033921,0.012204061262309551,0.9864393472671509,1949,213,9.614773588076911,361.25581652878043,1127.085367232191
89,2.4156333893188275e-06,0.9928207993507385,0.00717546883970499,2384,138,2.2583675272792036,779.4449405824132,219136.24564001602
