event id,p_spot,p_track,p_worm,x_coord,y_coord,width,length,azwidth
2,3.288573498139158e-05,0.008016454055905342,0.9897758960723877,1307,968,3.6492377400145792,9.032032244595067,25.940148121211774
25,0.2584455907344818,0.13473965227603912,0.6039362549781799,1295,972,1.5388962959661032,33.29504067507878,620.0410282598466
