event id,p_spot,p_track,p_worm,x_coord,y_coord,width,length,azwidth
24,1.0,1.3670044651803437e-08,1.2275410909978746e-08,1286,985,0.4296016485356889,0.951509380950885,0.18557917070977528
37,3.8823981185487355e-07,0.9970021843910217,0.002996130846440792,1263,974,10.827002873142211,44.968718660408065,1402.8696127796413
40,0.07391367852687836,0.7546688318252563,0.1700270175933838,1249,1037,3.0933308648596323,23.104300665688445,30.661224664305685
90,0.009465701878070831,0.8743289113044739,0.1103917732834816,1898,245,1.2392270757182509,391.4186085431587,9600.632459058721
98,0.00011832544987555593,0.9942968487739563,0.005555836949497461,1532,784,0.8248518607723792,9.136461785469868,4.787244774804603
