event id,p_spot,p_track,p_worm,x_coord,y_coord,width,length,azwidth
20,5.788300768472254e-06,0.957568347454071,0.04238300770521164,1058,1181,1.7826618825741394,232.10622738431107,13197.943658982098
21,5.4570631618844345e-05,0.9819324016571045,0.017499128356575966,1164,1405,0.834473575338501,18.60861693851128,42.94219396610879
29,4.988980072084814e-05,0.9804431796073914,0.017251593992114067,1375,552,10.989612385952679,107.86604124781462,4311.98259532322
49,0.013733986765146255,0.4101737439632416,0.5757984519004822,1230,978,13.354789036757039,103.9793118427376,8250.093429237297
74,0.035289421677589417,0.5573526620864868,0.4058215320110321,1322,999,27.468347882255266,58.86757930731364,3309.435746591327
93,3.22476371366065e-05,0.968656599521637,0.027088243514299393,1224,964,15.079435314102614,167.8198315213653,24349.88436389723
