event id,p_spot,p_track,p_worm,x_coord,y_coord,width,length,azwidth
13,0.00010470753477420658,0.704851508140564,0.2948014736175537,1303,975,0.9843864432904232,28.515344184680036,204.7338956130938
79,0.001387453288771212,0.7739365100860596,0.2225808948278427,1234,978,2.1631867945391647,64.43026046371648,2499.8992762890603
