event id,p_spot,p_track,p_worm,x_coord,y_coord,width,length,azwidth
71,0.013117936439812183,0.9295027256011963,0.042414288967847824,1318,982,0.9071208433326581,75.03038349465498,32.849452005869985
