event id,p_spot,p_track,p_worm,x_coord,y_coord,width,length,azwidth
39,0.0017016809433698654,0.1292714923620224,0.8614690899848938,1427,1131,2.426137735198916,209.88873151088646,28513.599738779958
86,0.005496479570865631,0.5623024702072144,0.3991814851760864,1290,956,0.9164816321287707,6.405486929319889,14.902493627652236
88,0.013498612679541111,0.6846912503242493,0.20326609909534454,1341,928,2.950400222810937,54.62863475516285,252.64106447011306
97,0.0007292410009540617,0.8916997909545898,0.1064113974571228,1313,928,5.173065240463708,185.9842432137186,38.306083547510305
