event id,p_spot,p_track,p_worm,x_coord,y_coord,width,length,azwidth
27,0.317119836807251,0.06626394391059875,0.6165350675582886,1577,799,2.1324110205694478,472.12126762218975,72553.93008227332
49,0.000788094534073025,0.9039449095726013,0.09453214704990387,1190,1044,0.8550328173887669,18.995091566568078,143.45662278745286
51,4.8055953811854124e-05,0.9868834614753723,0.013026084750890732,939,829,26.161722034542734,181.14544988472554,4499.065647126409
84,0.0005748547264374793,0.9625551104545593,0.035893961787223816,1010,1050,0.9041440288954279,19.5850025912288,123.51942000510323
