event id,p_spot,p_track,p_worm,x_coord,y_coord,width,length,azwidth
2,0.9999996423721313,1.5377152351447876e-07,2.0501687458818196e-07,1292,918,0.9454957570942429,29.60973444049912,218.72624004661006
