event id,p_spot,p_track,p_worm,x_coord,y_coord,width,length,azwidth
48,0.003614935092628002,0.1312939077615738,0.8647763133049011,1276,931,3.6736712707365324,157.30110327867848,21745.52025511125
60,0.012605945579707623,0.608443021774292,0.3556201159954071,1446,1070,4.2367070099811945,88.51155582507442,7677.471956249793
