event id,p_spot,p_track,p_worm,x_coord,y_coord,width,length,azwidth
6,0.000935838557779789,0.891171395778656,0.09479669481515884,1387,1185,4.451963382506342,134.83890711087025,10737.30040603435
50,0.00026832337607629597,0.4827500581741333,0.5167412161827087,1258,1044,1.752372982598173,151.15433627364777,6833.408173358704
52,2.61565983237233e-05,0.3426102101802826,0.6573624610900879,1286,970,2.072392978637916,15.105473725737276,5.376939329718538
