event id,p_spot,p_track,p_worm,x_coord,y_coord,width,length,azwidth
17,9.327127918368205e-05,0.9855846762657166,0.013607112690806389,1614,824,5.994601130364667,123.36610784182277,10469.565350132247
25,0.001847235020250082,0.9378206729888916,0.060037463903427124,1665,955,8.152670325586211,301.0128305485726,65413.688927357965
47,0.015018144622445107,0.24817994236946106,0.7354005575180054,1000,1067,72.05918359589914,252.7124017265251,33941.16160465517
76,0.00011661124881356955,0.9905016422271729,0.008430860936641693,1234,1263,0.88770315347762,18.6016145225368,19.77764867404875
