event id,p_spot,p_track,p_worm,x_coord,y_coord,width,length,azwidth
68,0.0001363071787636727,0.8953526020050049,0.10398484766483307,1323,1020,4.194809244601917,25.338302991456253,472.6228882109137
