event id,p_spot,p_track,p_worm,x_coord,y_coord,width,length,azwidth
41,0.0003414822567719966,0.6842352151870728,0.31528177857398987,1298,1000,5.543337966672844,53.83073473586548,2863.474848371735
