event id,p_spot,p_track,p_worm,x_coord,y_coord,width,length,azwidth
20,0.00047594401985406876,0.9204660058021545,0.07753987610340118,1294,917,1.0985166295413524,60.17112497667377,533.161579529493
