event id,p_spot,p_track,p_worm,x_coord,y_coord,width,length,azwidth
4,0.013586501590907574,0.9534597992897034,0.03287685662508011,1880,227,5.524775917080108,383.63524007410774,4536.215572936742
25,0.0002266884985147044,0.7856051921844482,0.21415330469608307,1236,939,6.56519445553574,26.450586708034404,221.80807410221757
62,0.0003436710103414953,0.006044152658432722,0.9936109185218811,1526,681,17.81690207986302,62.05910158847887,2879.7503947063756
72,1.624936999178317e-06,0.9985308647155762,0.001466883928515017,1279,988,0.8606508769897968,14.148360674442335,10.593862219569866
85,4.69655788037926e-06,0.8217409253120422,0.17822451889514923,2170,475,2.486495333441866,848.5793501014296,4621.647513537449
