event id,p_spot,p_track,p_worm,x_coord,y_coord,width,length,azwidth
17,0.0683351680636406,0.7957503199577332,0.1339542120695114,1527,106,0.8708452261270427,31.378142633241094,18.981355419586496
24,0.016337761655449867,0.2883389890193939,0.687635064125061,1311,297,0.8732627772477122,34.355632201375066,4.020147225226704
38,2.7452255746407417e-11,3.526636419337592e-06,0.9999964237213135,1096,41,5.505171297035028,18.277433439154535,305.7808269321055
43,8.480022188450675e-06,0.9935433864593506,0.005537189077585936,1413,856,0.944011209284739,40.97767903736844,201.21545571182952
50,1.531221641926095e-05,0.0018394833896309137,0.9981451034545898,1340,696,3.7784592449300716,54.90897187159148,233.24457296567707
54,0.0003768288588616997,0.8882114291191101,0.050992850214242935,1183,1349,0.9027315001293463,41.13456258527225,610.73790099049
64,0.01851937733590603,0.24387343227863312,0.7352026104927063,1277,1254,1.337103345787778,35.210711203990215,413.6366720642609
