event id,p_spot,p_track,p_worm,x_coord,y_coord,width,length,azwidth
61,0.12547437846660614,0.6194842457771301,0.2504282295703888,1210,842,0.8617094825340159,12.611806969221629,25.61404124105757
87,0.0075044757686555386,0.4353427290916443,0.5132006406784058,1264,953,14.124277239508348,523.1121681443872,33484.9866437477
93,0.008510859683156013,0.01896190643310547,0.9725140929222107,1398,837,1.9840782021773447,139.31994839356972,4542.957648548307
