event id,p_spot,p_track,p_worm,x_coord,y_coord,width,length,azwidth
47,0.0003272708272561431,0.29553359746932983,0.7040087580680847,1316,889,5.659791900797136,45.68594324382203,541.0715299646056
61,1.93486539501464e-06,0.021921511739492416,0.9763683080673218,1293,975,2.633177103601701,8.598163679616658,37.12965971573084
83,0.0030998806469142437,0.3857043981552124,0.6110985279083252,1274,975,1.7460806416921535,29.94747615722432,451.20578133658466
84,0.007669751066714525,0.8441036343574524,0.14568530023097992,1023,1155,0.9247010245544707,9.015718392808845,11.302145479994742
