event id,p_spot,p_track,p_worm,x_coord,y_coord,width,length,azwidth
16,0.0005886300350539386,0.9750959277153015,0.02320532687008381,1144,964,2.375166716100979,75.71281444414859,4501.649112519696
18,0.00015864217130001634,0.9827666282653809,0.016443196684122086,1332,1095,9.860186729843486,65.4130199549536,609.9691592279814
25,0.0006602845969609916,0.9586424231529236,0.040417302399873734,1261,1027,10.610915996273322,186.32605159781994,3243.20964748735
33,0.00019185442943125963,0.9824970364570618,0.017141785472631454,909,969,0.9109570294810629,161.5965916581217,13562.613958825079
51,0.0033671145793050528,0.9497877359390259,0.045640360563993454,1285,972,10.297416241697578,28.587456574299,146.627998003688
86,0.014452937990427017,0.3493538498878479,0.6350635290145874,1382,949,6.501819395329876,141.2105372244078,1329.7992257528965
97,0.0019127560080960393,0.966742992401123,0.030605817213654518,1320,1037,8.244150531542191,63.017890947684684,68.76240081283872
