event id,p_spot,p_track,p_worm,x_coord,y_coord,width,length,azwidth
44,0.0003831801004707813,0.8788702487945557,0.11975102871656418,1312,969,1.2445297675433429,21.722094213226367,180.74499351742628
46,4.136191273573786e-05,0.9922170639038086,0.007678396068513393,1383,942,1.196970077025541,189.8474220109246,11484.907411872488
49,0.00011010273010469973,0.9114763736724854,0.08756881952285767,1648,821,1.8823569000713916,171.77701125616878,18498.308664739765
55,4.560744855552912e-05,0.9874066710472107,0.0124948276206851,1265,1034,1.7581619822490702,211.75550429901028,13553.411595261858
81,2.531869991440061e-10,1.3275690662339912e-06,0.9999986886978149,963,1088,7.46573439062745,150.19293869682122,2374.629276246795
91,1.4181926417222712e-05,0.996094286441803,0.00388219952583313,1453,984,3.8067102625258564,138.23549099991027,201.84171273425312
