event id,p_spot,p_track,p_worm,x_coord,y_coord,width,length,azwidth
9,0.999967098236084,1.3137894711690024e-05,1.981594141398091e-05,1250,882,0.8800650078733504,35.06550967791789,830.9160800837893
