event id,p_spot,p_track,p_worm,x_coord,y_coord,width,length,azwidth
97,4.809042820852483e-06,0.9861162304878235,0.01380036398768425,1296,974,0.896432199743711,6.315611353678478,2.934764982223819
