event id,p_spot,p_track,p_worm,x_coord,y_coord,width,length,azwidth
19,0.001156437210738659,0.9230003952980042,0.0752817764878273,745,1049,0.945835603834694,26.316633576222337,66.20286196534467
22,0.0012912239180877805,0.5015627145767212,0.4957350492477417,1025,1107,3.9520997114330796,266.6310279502318,10325.628568479846
29,0.016691608354449272,0.7868282198905945,0.19574187695980072,1493,1078,0.8934489775469842,26.42014897888098,216.18356706599775
30,3.55844313162379e-05,0.98746258020401,0.007642360404133797,1294,1062,0.9046431711834252,24.41814916413447,156.20991698455072
39,0.9991896748542786,0.00029606788302771747,0.0005129010532982647,1330,1042,4.0796588607748,386.59080070515347,37712.13976774783
64,3.450537769822404e-05,0.9914618730545044,0.0082632414996624,73,1278,0.8760520499936764,31.482130793541533,67.25074737245279
89,0.0006522825569845736,0.9728293418884277,0.026378275826573372,1564,841,3.1362245622890192,295.1320821816407,39264.616625696384
