event id,p_spot,p_track,p_worm,x_coord,y_coord,width,length,azwidth
25,0.005237550474703312,0.3787026107311249,0.615261435508728,1206,939,20.253695973062495,69.29476916358203,1967.2738971633448
56,2.207808029197622e-05,0.9857920408248901,0.013487993739545345,1350,722,0.9036473130142355,26.96149773322438,10.732311187520875
68,0.002733175177127123,0.39142081141471863,0.032843831926584244,2256,660,0.8937463439938463,20.152201864068903,0.8797242594274282
69,0.0015624318039044738,0.5004015564918518,0.49681541323661804,1181,841,1.0516224208389764,354.4948422837801,3712.424210301745
