event id,p_spot,p_track,p_worm,x_coord,y_coord,width,length,azwidth
38,3.0523628083756194e-05,0.9612883925437927,0.038652900606393814,1157,910,9.477865343484396,67.2772582392515,3936.776688086598
58,1.5754654469901652e-08,0.0008501771953888237,0.999148964881897,1301,954,4.475460313346021,11.508358080273313,27.04977808096449
85,0.00011801878281403333,0.9883142709732056,0.011532331816852093,1373,977,0.8934533525877433,10.895370940226202,1.7881456409495082
87,1.612096639291849e-05,0.9959902167320251,0.003983038943260908,1232,998,2.3958239512182615,177.12015135076433,2168.255431366805
96,0.0018594739958643913,0.0028043233323842287,0.9953356385231018,1262,1022,1.7880891590142831,30.037019991132727,28.34248578976835
