event id,p_spot,p_track,p_worm,x_coord,y_coord,width,length,azwidth
5,0.9851004481315613,0.010094890370965004,0.004780078772455454,1511,720,61.38082815525942,401.06012006856463,21707.371315812583
30,0.018208956345915794,0.48941361904144287,0.4917508661746979,1335,1015,7.465237127786676,583.9574124514928,334270.4150479098
45,0.009687162935733795,0.8188610076904297,0.13921336829662323,1327,745,9.105656311756665,296.26093843546516,13739.859253034516
92,0.03309989348053932,0.5679043531417847,0.392069011926651,1304,583,0.9412644166513644,224.88880342961173,12788.793680901355
