event id,p_spot,p_track,p_worm,x_coord,y_coord,width,length,azwidth
28,0.019080528989434242,0.1220831647515297,0.8586459159851074,1149,1174,1.8979768815797402,743.0857494904388,124321.74552018517
30,0.0053878831677138805,0.442725270986557,0.5518050193786621,1307,928,10.877922168343556,296.7847664839837,5521.719982392368
41,0.00012989770038984716,0.9288409948348999,0.07094768434762955,1550,616,0.8598429768559919,19.987008093116565,162.89552073927538
56,1.0100332474394236e-05,0.9829755425453186,0.01699257269501686,1408,775,1.6028683036911449,341.5476143568974,13408.192614016263
66,5.813808002130827e-06,0.9904351234436035,0.00953806471079588,2292,1038,0.8252543385453464,22.298714048681994,147.42846278509114
