event id,p_spot,p_track,p_worm,x_coord,y_coord,width,length,azwidth
1,0.0016291768988594413,0.7824824452400208,0.2158316969871521,120,1777,0.9078312457167067,22.427855833221116,321.96381857421665
16,5.434487320599146e-06,0.9978166818618774,0.0021483066957443953,981,1301,5.079404756368184,598.8017054913983,4432.508156511646
27,0.0005508638569153845,0.8946645259857178,0.10460051894187927,1332,826,0.9377972192109119,22.104106589267666,1.5154124274830056
50,0.0005946169258095324,0.9000270962715149,0.09933271259069443,1084,1372,7.476410013783336,274.5226166846669,390.16270725711024
58,2.1884008674533106e-05,0.9552364945411682,0.04473983123898506,1443,362,0.9175827791576019,16.806706927332424,24.486616547102553
84,0.025561703369021416,0.9562755823135376,0.01779887266457081,1646,469,6.260331373706538,368.6599217845368,12997.684081653459
