event id,p_spot,p_track,p_worm,x_coord,y_coord,width,length,azwidth
38,6.7347764343139715e-06,0.9653699398040771,0.034238651394844055,1576,716,0.912898031248384,5.771854544715479,12.479793846076912
46,0.37159180641174316,0.3963950276374817,0.21651005744934082,1366,899,7.882627879399336,120.5984424129121,14507.49618517471
68,0.00020776642486453056,0.9651952981948853,0.033972132951021194,1132,1053,4.643701059049127,19.900891095020196,236.11290638188106
91,1.1627124877122696e-05,0.5199419856071472,0.48004448413848877,1276,1011,1.2962590824201008,37.62158690939276,351.7633343358002
95,0.00021356063371058553,0.9322766065597534,0.05800537392497063,1337,855,3.486431678767818,42.84447239488848,23.841829952556196
