event id,p_spot,p_track,p_worm,x_coord,y_coord,width,length,azwidth
30,1.8893168089562096e-05,0.9628145098686218,0.03682487830519676,1294,1060,0.531849693194143,16.92724949476363,115.64852586875817
