event id,p_spot,p_track,p_worm,x_coord,y_coord,width,length,azwidth
4,0.017636621370911598,0.7559719681739807,0.17960016429424286,1209,1111,8.563106342194354,537.3712225385574,3221.990966518472
9,0.04794694110751152,0.24147123098373413,0.706843912601471,1744,416,10.727010261812108,389.2418285418724,6312.847350930146
15,0.00023005667026154697,0.017014481127262115,0.9827272295951843,1262,713,6.166641385222391,250.27016301318866,2691.4793137440834
25,0.02592368982732296,0.13257957994937897,0.8287901878356934,1286,923,14.636654745120097,63.88066879425953,835.3992689188614
42,0.014503120444715023,0.16521455347537994,0.8117979168891907,1356,880,10.669966259279883,65.96418190905929,125.17044841960453
60,0.0031977484468370676,0.2653656303882599,0.0697658360004425,1335,788,0.8926197178172524,17.482212611189862,80.5606545267418
61,0.0002868723822757602,0.056295864284038544,0.9433921575546265,1264,626,3.5150806514698574,249.3217090045229,28086.36497459554
71,0.005100150592625141,0.0651785358786583,0.9275933504104614,1296,628,1.944196184362781,399.4146576325268,71443.78117063818
