event id,p_spot,p_track,p_worm,x_coord,y_coord,width,length,azwidth
45,9.461178706260398e-05,0.9694499969482422,0.02984970062971115,1608,1115,4.940407578796314,174.65917395771785,29408.31241931769
64,7.194629142759368e-05,0.5932788252830505,0.4044378995895386,1283,989,1.4786325497822168,11.709663812219581,42.19495183363953
68,4.4859738409286365e-05,0.8742939233779907,0.1255725771188736,1188,895,4.993949963232024,42.1677391768227,1698.7311266718493
