event id,p_spot,p_track,p_worm,x_coord,y_coord,width,length,azwidth
38,2.2475767764262855e-05,0.9952284097671509,0.004731686785817146,1005,1036,6.173569287595098,100.32470539623317,721.4804646766396
62,0.09417366981506348,0.7538852691650391,0.14720776677131653,1278,978,0.5015955482505128,2.392160717790026,3.6666496104153268
78,4.873298166785389e-05,0.9925755262374878,0.007339779287576675,1324,1002,3.9880750657060053,93.59548919980115,7491.28271705887
86,0.35822126269340515,0.03270330652594566,0.6090288162231445,1380,930,3.3519137090601867,250.56385538847573,18779.000197281523
