event id,p_spot,p_track,p_worm,x_coord,y_coord,width,length,azwidth
68,0.0006517742294818163,0.18513508141040802,0.01762024126946926,1410,1891,0.9109644565078685,40.148023299736835,1033.802339260088
84,0.90927654504776,0.006754636764526367,0.08176912367343903,1444,647,8.418148047620978,285.1711977362734,13391.792752124878
87,0.3502326011657715,0.5353992581367493,0.10222668200731277,983,1495,0.9101386719871611,42.78857010192386,1210.738229890081
96,1.8778260937324376e-06,0.0008247619261965156,0.9991729855537415,1318,530,0.9364582877478007,37.8052893202721,218.36070317351087
