event id,p_spot,p_track,p_worm,x_coord,y_coord,width,length,azwidth
76,0.0002833112666849047,0.4382796585559845,0.5613524317741394,1272,981,1.0975926640992886,106.63037896246853,5556.355668583822
