event id,p_spot,p_track,p_worm,x_coord,y_coord,width,length,azwidth
6,0.010576732456684113,0.8416301608085632,0.14750225841999054,1237,960,0.8695871415954477,14.740454249735784,1.541104557213494
25,4.535908374236897e-06,0.6319363713264465,0.36805447936058044,1286,908,6.867799127409934,41.67210079084027,374.909105030782
39,0.0002794144966173917,0.9786545634269714,0.02096349373459816,1437,968,13.658867756887746,115.0172316667317,11857.237382894795
74,0.7158281207084656,0.14667396247386932,0.13706427812576294,1295,976,1.0454047267149376,14.932165418653993,1.3873016674343204
75,4.8217703607633666e-08,0.9997389912605286,0.00026024700491689146,1180,989,9.765199039906959,61.13470734375232,1927.8186989703581
94,0.13300912082195282,0.13537819683551788,0.7315937280654907,1286,1012,12.229087747330679,150.39009019311248,9351.968065555908
