event id,p_spot,p_track,p_worm,x_coord,y_coord,width,length,azwidth
9,6.26555411145091e-05,0.940815269947052,0.05905305594205856,1294,939,3.1242208685701827,63.75548986257522,565.9689017607644
33,0.0015515444101765752,0.7638499736785889,0.23449921607971191,1281,973,0.927431609649031,8.598349240018102,25.62068371397526
46,3.219775805973768e-07,0.008841930888593197,0.9911549091339111,1287,973,2.099431650430587,6.105748473225656,29.108139410935983
