event id,p_spot,p_track,p_worm,x_coord,y_coord,width,length,azwidth
9,0.015326209366321564,0.13173004984855652,0.8518654704093933,1421,1768,0.9267081645196088,27.63761359513574,460.6222731933099
32,0.00042705226223915815,0.9770235419273376,0.022211285308003426,1414,843,1.9844596432924602,168.62015240548143,10767.75714602684
59,0.00011087689927080646,0.888787567615509,0.10204450786113739,1305,1035,12.193341430336472,37.462239658436076,248.3311327931335
69,0.0017668439541012049,0.02389536239206791,0.9743236303329468,1269,1519,3.002529460361158,19.76541686441378,201.14473756977205
70,0.027402933686971664,0.37739360332489014,0.591446042060852,1097,1136,0.9797168924036004,25.051674589049004,299.5114513310882
