event id,p_spot,p_track,p_worm,x_coord,y_coord,width,length,azwidth
11,0.024559902027249336,0.4203181266784668,0.5547765493392944,1052,1256,5.10127906718115,144.40575693437586,261.5598367464112
34,0.001554056303575635,0.7702702879905701,0.226688951253891,1450,723,3.7522958887930757,246.06906002311658,236.2663380491464
38,0.0003890444932039827,0.977660059928894,0.021546773612499237,1373,966,9.887382608453368,36.70895057376012,394.8084041185402
61,8.533609798178077e-05,0.988325834274292,0.010539322160184383,1177,1180,3.587631841346066,507.0319128807376,47280.217528454545
86,0.010993198491632938,0.5978976488113403,0.37290820479393005,1160,1578,5.889087807336238,376.8352116069016,57020.06860161699
90,0.001818222226575017,0.5663910508155823,0.4304922819137573,1296,1046,4.737262234531455,166.68752504119433,9485.404292576555
94,0.00015576506848447025,0.19153712689876556,0.808221161365509,1321,976,0.8971115793911318,52.57590608130157,224.10276633305028
