event id,p_spot,p_track,p_worm,x_coord,y_coord,width,length,azwidth
67,4.015849481220357e-05,0.12490613758563995,0.8730013370513916,1288,952,10.817748311747097,64.12495722729078,3049.4149478750637
70,0.005157563369721174,0.0950467512011528,0.027129169553518295,1271,983,7.782831825291027,99.34484683339521,9019.286401219928
76,0.0048180255107581615,0.7624586820602417,0.2193644791841507,1180,1596,0.933782118363214,491.6247721369009,69438.48338323119
