event id,p_spot,p_track,p_worm,x_coord,y_coord,width,length,azwidth
16,0.00021745586127508432,0.015535091981291771,0.9842457175254822,1279,939,1.9283554689653453,35.37457280017357,961.7580675754982
52,0.1236678808927536,0.17940059304237366,0.6967147588729858,1298,964,1.6472154402839374,48.22632426329759,246.6968979471713
