event id,p_spot,p_track,p_worm,x_coord,y_coord,width,length,azwidth
66,9.926163329510018e-05,0.9771975874900818,0.022438256070017815,1385,972,8.994969489171337,81.69632502788606,6248.063529991694
81,0.026143336668610573,0.365602970123291,0.6080654859542847,1375,937,3.9289838755020803,452.8738847357816,144528.55434179454
91,0.0015014784876257181,0.7398057579994202,0.257131427526474,1308,923,1.8617751137307967,39.351101916345954,713.7319047377339
