event id,p_spot,p_track,p_worm,x_coord,y_coord,width,length,azwidth
33,0.00010777320130728185,0.8762710690498352,0.12353430688381195,1244,930,10.150593161541591,29.070246899031204,839.5508793089939
83,0.11207965016365051,0.7247703671455383,0.15768387913703918,1203,915,9.521079468340359,360.5039950448913,127233.75239838028
