event id,p_spot,p_track,p_worm,x_coord,y_coord,width,length,azwidth
58,0.41703668236732483,0.19496537744998932,0.38789716362953186,336,1048,1.0280442908066687,12.07547074490548,26.870289986395797
