event id,p_spot,p_track,p_worm,x_coord,y_coord,width,length,azwidth
4,6.694453702493774e-08,0.9983497858047485,0.0016494629671797156,2040,527,34.63164014157549,279.8677557539942,72541.6168556865
8,2.7181442419532686e-05,0.968743085861206,0.03121439553797245,2290,41,0.8045342378310671,23.26728012636991,316.3579026602629
18,1.9610133676906116e-05,0.013395978137850761,0.9865812063217163,1580,794,4.71834996382927,25.3706356076109,110.34908053225553
32,0.0008025617571547627,0.9490654468536377,0.05011759698390961,1462,598,11.684016143332057,542.6955445786679,63892.56247945774
38,0.405049592256546,0.13699351251125336,0.4575252830982208,1435,311,18.31312377462117,446.01674912472004,2006.721194901366
65,1.3159578884369694e-06,0.9935372471809387,0.0063506560400128365,791,1286,3.043973111274852,719.1874725715111,77260.53029131802
81,5.878045499230211e-07,0.9978269934654236,0.002171251457184553,945,1273,0.8417741337702718,36.94273002097249,3.4933617737261886
