event id,p_spot,p_track,p_worm,x_coord,y_coord,width,length,azwidth
37,4.441584678716026e-06,0.9959853291511536,0.00391642889007926,1795,690,0.9040332120958519,262.0056722741573,8686.872972712545
39,0.0002105141757056117,0.3382455110549927,0.01628076285123825,1136,1046,0.9398814495201964,13.574684217531559,4.303534014929269
56,6.605187650166044e-07,0.0035557569935917854,0.9964391589164734,1283,899,11.830939904960728,43.05787797565753,815.9976155682551
67,3.528210754666361e-06,0.9520126581192017,0.04796648770570755,1165,1022,13.967574090239582,335.8553525839743,87834.28810937578
84,4.1619114199420437e-07,0.9986451268196106,0.00131369533482939,1248,1119,4.891176400566446,242.87095184898314,174.80512066174092
