event id,p_spot,p_track,p_worm,x_coord,y_coord,width,length,azwidth
31,0.00015085746417753398,0.9511232972145081,0.03936165198683739,1320,961,2.6197613990410384,22.28009077967663,56.81458958906643
