event id,p_spot,p_track,p_worm,x_coord,y_coord,width,length,azwidth
26,0.9999986886978149,5.478259481606074e-07,6.64862511712272e-07,1261,978,0.918669840780582,45.08092582975948,1565.3136082645324
