event id,p_spot,p_track,p_worm,x_coord,y_coord,width,length,azwidth
13,0.8856772780418396,0.05822334066033363,0.05601543188095093,980,270,4.422812088612149,793.0561084059367,347249.96674254804
17,0.027836374938488007,0.7015959620475769,0.24827980995178223,1350,600,0.9424274689469538,17.75404181522219,15.915144469795205
24,0.00011489330790936947,0.8771519660949707,0.12131811678409576,1253,934,1.7392561100577693,50.627824940331436,622.73864839352
40,0.029607195407152176,0.13584505021572113,0.8289958238601685,1208,1050,0.9962059873317142,18.124061974385366,87.59616494676213
43,0.01332371961325407,0.7494564652442932,0.16941480338573456,908,1621,3.40369402325072,437.1703644470923,37944.83942071335
55,0.035817891359329224,0.7198247313499451,0.240884929895401,1222,1190,0.9071996513224878,20.828079832799585,130.67408566433156
81,0.0007447197567671537,0.3802642226219177,0.6185551285743713,1280,1040,4.541022493727852,36.62369704183927,112.03822064055106
87,0.08950544893741608,0.42732736468315125,0.47330740094184875,1260,995,8.25372227909869,126.22809380113192,10119.015062176
