event id,p_spot,p_track,p_worm,x_coord,y_coord,width,length,azwidth
8,0.02162829227745533,0.03900456055998802,0.9389124512672424,2472,898,0.9236229820655983,35.32626672872387,1105.6569566290862
33,4.8649653763277456e-05,0.9717269539833069,0.02809063158929348,2277,1729,22.478516756796935,693.7770234013751,479518.7386816381
37,9.04068656382151e-05,0.9900546073913574,0.009608043357729912,1491,617,0.9057824004926375,39.61322878790794,1381.1974470455061
40,7.808214286342263e-05,0.9765902161598206,0.023176420480012894,1637,1048,3.0671792545269643,715.0899726676364,347201.03461722715
45,0.0072677466087043285,0.7140347361564636,0.27753904461860657,1759,894,13.931134640355884,141.78895697485555,7859.135583260575
57,0.002567484974861145,0.9453415274620056,0.05196869745850563,1050,931,1.927000504841686,202.55113846088597,28763.766404165388
58,7.069935963954777e-05,0.9821927547454834,0.017638998106122017,623,1186,0.8895075727051236,41.519466661864385,409.3517885855961
65,0.00020398161723278463,0.007858360186219215,0.9919357299804688,491,790,14.28846105041935,459.64198613255036,161900.6376218898
