event id,p_spot,p_track,p_worm,x_coord,y_coord,width,length,azwidth
25,0.00032353567075915635,0.9732803702354431,0.025826064869761467,1576,892,3.6884481611384383,372.76049259065496,111427.20800150058
47,0.003689432982355356,0.9044644236564636,0.08734279125928879,2265,751,5.365029462595819,226.5517374567482,24094.38160556951
62,0.001105015748180449,0.9244652390480042,0.07064573466777802,1793,896,0.882416877792381,24.970448171594153,407.40839308180693
