event id,p_spot,p_track,p_worm,x_coord,y_coord,width,length,azwidth
11,0.017686499282717705,0.9422300457954407,0.040017709136009216,1273,924,3.5322167426046147,211.36217746999182,3121.9575917733746
39,6.990153451624792e-06,0.9966903924942017,0.003259730990976095,1293,1020,3.281506187744459,207.83709210949343,12.905388151263695
53,0.00011533922224771231,0.9925204515457153,0.006604102440178394,1306,1154,13.664375951748902,76.36821680327533,5776.614275476348
61,0.014317364431917667,0.8006181716918945,0.1656365841627121,1320,844,0.8850405142121045,13.951504803687735,0.9337479893954008
64,0.002735591260716319,0.9743114113807678,0.018752772361040115,1243,942,3.198533657116429,411.19327530062435,23171.194953586728
72,1.006599995889701e-05,0.9958957433700562,0.004087409004569054,1525,854,12.273106852058303,209.21485128795644,31325.998826616076
