event id,p_spot,p_track,p_worm,x_coord,y_coord,width,length,azwidth
76,0.999990701675415,1.659816803112335e-06,7.579223165521398e-06,1311,944,0.9455828561512817,16.746283737305678,6.5547178182474015
