event id,p_spot,p_track,p_worm,x_coord,y_coord,width,length,azwidth
76,1.999013754527823e-08,0.9993675351142883,0.0006322439876385033,1268,943,7.028579914340314,50.77501527487179,2319.1610755449474
