event id,p_spot,p_track,p_worm,x_coord,y_coord,width,length,azwidth
10,0.02629750221967697,0.6708295345306396,0.12563695013523102,1386,1910,2.398478427928484,472.60805374515087,152077.55654685685
16,0.006116477306932211,0.8314764499664307,0.1579318642616272,1273,1024,2.8286349827322805,17.75234479142355,19.848391717942317
18,0.005576967261731625,0.9273452162742615,0.06274064630270004,1342,921,0.8818142936734862,7.859001952271752,11.325319223414159
60,0.00963566917926073,0.075435571372509,0.9140743017196655,1149,638,4.104558736618373,151.75660530313718,18182.848604342562
82,0.014518688432872295,0.17248794436454773,0.6013274192810059,1305,978,6.663963450419586,12.808093371687484,48.894797740128894
89,0.14121559262275696,0.03199842572212219,0.826726496219635,1276,1052,4.317937234759567,234.51609637767544,396.32579790787867
97,0.9971349239349365,0.0008120398269966245,0.0019976093899458647,1517,1190,67.29325609844959,149.25580397273046,16466.861051358024
