event id,p_spot,p_track,p_worm,x_coord,y_coord,width,length,azwidth
3,0.0071333288215100765,0.8941552639007568,0.09841185063123703,1290,852,10.516110809307555,67.28356344802954,2452.2002044699134
12,0.0011987778125330806,0.5122573971748352,0.486255407333374,1124,948,138.2480358196787,261.22215719314755,30676.924401737422
45,2.6369149054517038e-05,0.9729182124137878,0.026981260627508163,1315,961,7.710458408878826,32.38665565653558,990.2633042322798
