event id,p_spot,p_track,p_worm,x_coord,y_coord,width,length,azwidth
1,0.005325882695615292,0.058481235057115555,0.9361159205436707,1320,892,1.9466010658061368,69.42848636181454,1968.8759609529786
21,0.005115036386996508,0.7859299778938293,0.20859602093696594,1275,1046,5.751687539321258,65.58073227778173,817.6962701751463
