event id,p_spot,p_track,p_worm,x_coord,y_coord,width,length,azwidth
16,0.015454260632395744,0.5610929727554321,0.41977399587631226,1404,968,44.370288397985405,111.61124222920284,9176.842201569301
26,0.0001499429636169225,0.9187954664230347,0.08011525869369507,1096,581,3.069288734883015,380.21013333846713,85518.16086348053
28,0.9949209094047546,0.00018622627248987556,0.004891369957476854,1247,948,1.0340785455770107,16.78749084491702,106.46519063843515
38,0.015760764479637146,0.0907772034406662,0.8888089060783386,1308,1086,4.538721000242766,141.31729422344455,14480.395526399
40,0.035339828580617905,0.3703087568283081,0.11474724858999252,1103,1317,6.630994769551634,235.18682817875782,3567.598547690978
63,0.024674754589796066,0.9239489436149597,0.04601385071873665,1133,1211,11.957071066871903,122.65913152691635,1034.3801664183773
65,0.0008512780768796802,0.8969565629959106,0.10096587985754013,1298,1015,6.347930017234194,90.87080584367237,419.3426403738907
