event id,p_spot,p_track,p_worm,x_coord,y_coord,width,length,azwidth
47,0.9999980926513672,8.567828331251803e-07,1.0325828725399333e-06,1110,802,0.8193381780140349,0.9072542888413145,0.8201175904096311
