event id,p_spot,p_track,p_worm,x_coord,y_coord,width,length,azwidth
89,0.9999988079071045,5.522621790987614e-07,5.441343660095299e-07,1303,961,35.40916747060449,532.5342718865161,143149.10181977027
