event id,p_spot,p_track,p_worm,x_coord,y_coord,width,length,azwidth
10,0.018839897587895393,0.015205096453428268,0.9659538865089417,1371,936,5.037328514802422,102.7140252063577,501.88319482794446
62,0.01274879090487957,0.7403068542480469,0.24415719509124756,1294,955,1.4206242269833154,19.537406242022097,142.60687950174915
