event id,p_spot,p_track,p_worm,x_coord,y_coord,width,length,azwidth
1,1.7462365576648153e-05,0.9080380201339722,0.0915495902299881,1387,950,15.072012962472218,148.8272812902038,13135.020420275923
35,0.04674864187836647,0.7641902565956116,0.18849730491638184,1773,544,9.414474463810265,323.1272033800333,14376.848282087567
46,0.09882458299398422,0.13221882283687592,0.026212040334939957,1301,996,0.9040573140630473,17.437772512030158,24.854270129097916
48,0.06780656427145004,0.5895175933837891,0.330238401889801,1330,1049,6.176549353515477,75.80959751829167,2126.420692406175
63,0.00018813952920027077,0.9108469486236572,0.08850397169589996,1198,1042,10.890562615545473,64.58035292599644,647.5565065123507
99,0.0004156251670792699,0.6088666915893555,0.38692280650138855,1176,853,8.878018170302452,405.17263069210185,145095.62020693687
