event id,p_spot,p_track,p_worm,x_coord,y_coord,width,length,azwidth
3,5.982889706501737e-05,0.9881122708320618,0.011791355907917023,587,1307,0.9320826385881037,44.38638494946514,27.03627834251411
9,0.0012200138298794627,0.5205208659172058,0.47814562916755676,1164,1006,0.8169004450669433,44.76009980341264,539.2928469528387
34,0.0010973247699439526,0.9335817098617554,0.0649988055229187,2387,706,0.9763384732505275,33.715612743892606,731.6258315404546
61,0.0030134348198771477,0.8999896049499512,0.09597352892160416,1596,344,14.10193806876115,748.2977980457601,20995.607047083642
91,0.011316504329442978,0.8589866161346436,0.129630908370018,297,1280,219.10213262675867,793.9473530844343,144507.6590491039
