event id,p_spot,p_track,p_worm,x_coord,y_coord,width,length,azwidth
41,0.0004702053847722709,0.9727248549461365,0.026715682819485664,177,1763,3.185793525200836,103.57525425675557,1589.0388676391728
59,2.2935632841836195e-06,0.9967998266220093,0.0031741552520543337,1746,1277,20.91221736811328,346.4892143184638,70397.15406678573
61,1.0496088179934304e-05,0.9974684715270996,0.0025092726573348045,2149,419,0.8787064945038978,35.27839682013841,715.5202765375601
