event id,p_spot,p_track,p_worm,x_coord,y_coord,width,length,azwidth
20,0.00011987053585471585,0.7747702598571777,0.22499053180217743,1180,1073,12.986261120719076,69.59597090704433,3636.245592369251
23,0.0011625768383964896,0.9516475200653076,0.046932052820920944,1304,1004,11.801614624162106,34.56998285973005,1172.9729512066106
65,2.062447038042592e-06,0.9951491951942444,0.004841309506446123,1413,814,3.2949463633826817,109.48137597598348,625.3748795146621
67,0.00014937209198251367,0.9692734479904175,0.03038412146270275,1489,808,0.8454407817253468,11.92860343826678,40.68771673863358
76,5.307409810484387e-05,0.9125435948371887,0.08737347275018692,1360,688,4.938382322030537,387.8682544456236,51.696853621683665
82,1.881471121123468e-06,0.9973312616348267,0.002643574494868517,1417,1032,12.990425005392199,49.31390209148999,1770.6509277422222
96,0.006929459515959024,0.4853458106517792,0.5050461292266846,1216,666,11.068623475396915,184.31454410078848,9781.287785547998
98,0.0001625630829948932,0.003979128319770098,0.9958581328392029,1281,1074,8.41009196208478,28.74990325614695,338.0437739771957
