event id,p_spot,p_track,p_worm,x_coord,y_coord,width,length,azwidth
59,0.01455297227948904,0.5447893142700195,0.4395831823348999,1277,959,3.5044187187969293,99.36334858845686,8627.41888596127
68,8.321964742208365e-06,0.08800780028104782,0.9119835495948792,1280,959,2.864798387686301,34.07305114850726,1024.0696143983664
