event id,p_spot,p_track,p_worm,x_coord,y_coord,width,length,azwidth
95,0.0024598066229373217,0.09284070879220963,0.9046837687492371,1079,1906,1.6676412172123392,5.792796866096058,22.878373950049838
