event id,p_spot,p_track,p_worm,x_coord,y_coord,width,length,azwidth
59,0.0001282562006963417,0.9970768690109253,0.00278807757422328,2340,258,2.501204938931447,60.60608579632824,3656.32675651428
