event id,p_spot,p_track,p_worm,x_coord,y_coord,width,length,azwidth
14,4.12336839872296e-06,0.9967350363731384,0.003134440165013075,663,165,0.9418238856125197,13.805836822883252,45.75472519802075
