event id,p_spot,p_track,p_worm,x_coord,y_coord,width,length,azwidth
7,0.0006448572385124862,0.5601086616516113,0.3913842737674713,1399,453,0.9310024853762213,8.738975585841414,3.2001749183902644
