event id,p_spot,p_track,p_worm,x_coord,y_coord,width,length,azwidth
62,0.0017739107133820653,0.7943996787071228,0.13831683993339539,602,377,0.9507816461729419,16.63032103100906,198.21390042513005
