event id,p_spot,p_track,p_worm,x_coord,y_coord,width,length,azwidth
64,1.0,4.741141879094357e-08,5.932958657695053e-08,2237,623,0.9642480570428603,0.9999686066860918,0.9952546346125017
