event id,p_spot,p_track,p_worm,x_coord,y_coord,width,length,azwidth
82,0.999997615814209,1.0463435273777577e-06,1.2968466762686148e-06,1037,1120,0.9568059701007292,1.3103794359310645,1.0515265616480785
