event id,p_spot,p_track,p_worm,x_coord,y_coord,width,length,azwidth
90,0.00015617895405739546,0.9333898425102234,0.06400055438280106,1612,700,0.976338248351212,6.5539820568646405,11.016694868566395
