event id,p_spot,p_track,p_worm,x_coord,y_coord,width,length,azwidth
52,0.0005229379166848958,0.021369099617004395,0.9780996441841125,119,465,1.0735396545746885,23.453138771015258,45.37164122504892
