event id,p_spot,p_track,p_worm,x_coord,y_coord,width,length,azwidth
61,5.632968509416969e-07,0.9990111589431763,0.0009852013317868114,1522,1601,0.8669033130849721,29.81199378268263,299.23020041040945
