event id,p_spot,p_track,p_worm,x_coord,y_coord,width,length,azwidth
31,0.9999988079071045,4.750407640585763e-07,6.703033932353719e-07,72,861,0.9124886975445412,1.1604078769439492,0.9493016333552743
