event id,p_spot,p_track,p_worm,x_coord,y_coord,width,length,azwidth
65,0.013326454907655716,0.7577362060546875,0.22212186455726624,909,1823,0.9715833222791145,3.6889698664364166,7.172579335876484
