event id,p_spot,p_track,p_worm,x_coord,y_coord,width,length,azwidth
91,0.0008808465208858252,0.16011743247509003,0.8389701247215271,2423,1208,0.9995486207008316,3.7525527880668754,1.1926760333288817
