event id,p_spot,p_track,p_worm,x_coord,y_coord,width,length,azwidth
83,-1,-1,-1,1846,1916,0.8714790163525593,6.052038745815955,1.3767388435821615
