event id,p_spot,p_track,p_worm,x_coord,y_coord,width,length,azwidth
74,0.00040352591895498335,0.963939368724823,0.03545651212334633,1651,1451,0.7916259814048086,20.719707905544297,156.92730886849736
