event id,p_spot,p_track,p_worm,x_coord,y_coord,width,length,azwidth
28,1.1723162060661707e-05,0.99378502368927,0.006201372481882572,2325,1897,0.8791804879050164,9.65908864701891,1.4262415231413799
