event id,p_spot,p_track,p_worm,x_coord,y_coord,width,length,azwidth
20,1.6396956709074928e-11,1.3180705593640596e-07,0.9999998807907104,876,764,2.32670243726439,5.979011491780994,35.664190192723154
