event id,p_spot,p_track,p_worm,x_coord,y_coord,width,length,azwidth
23,2.2824575353297405e-05,0.9911302328109741,0.008011549711227417,581,1062,0.9295509411570378,10.016655731822995,21.263637184939988
