event id,p_spot,p_track,p_worm,x_coord,y_coord,width,length,azwidth
29,3.5949326502304757e-06,0.998241662979126,0.0017510323086753488,783,1582,0.8572140886343258,22.005502237974,75.7569577357538
