event id,p_spot,p_track,p_worm,x_coord,y_coord,width,length,azwidth
63,0.00930957030504942,0.1699916571378708,0.8187150359153748,1765,265,0.9239156060697008,4.841786193781834,0.9456287612415244
