event id,p_spot,p_track,p_worm,x_coord,y_coord,width,length,azwidth
72,0.0004544622788671404,0.9749009013175964,0.02405829168856144,544,367,0.8992008721470355,17.762897911583508,10.16655087112509
