event id,p_spot,p_track,p_worm,x_coord,y_coord,width,length,azwidth
89,0.00018637918401509523,0.95017409324646,0.04830774664878845,69,1901,0.8250210275321909,7.676257114153634,54.047214006040946
