event id,p_spot,p_track,p_worm,x_coord,y_coord,width,length,azwidth
19,4.798285226570442e-05,0.9611451029777527,0.00918337982147932,219,174,0.9615201267445916,8.418699284157315,2.5732631963689707
63,0.003712485544383526,0.9750930070877075,0.0174136720597744,185,1862,0.9219368764684011,10.042486171311884,78.42907144131772
