event id,p_spot,p_track,p_worm,x_coord,y_coord,width,length,azwidth
52,0.0013600748497992754,0.9811385273933411,0.01738702319562435,1725,1637,0.8757622148730857,8.52885968477018,0.7688927476299335
96,7.992069186002482e-06,0.7222895622253418,0.27768099308013916,2285,554,0.913629932993816,5.106371857967272,15.576998825974922
100,0.0013627525186166167,0.4208834171295166,0.5766789317131042,2385,1644,0.877901853317506,6.275032146680695,1.0045687145200344
