event id,p_spot,p_track,p_worm,x_coord,y_coord,width,length,azwidth
68,0.0020319605246186256,0.8318795561790466,0.16600054502487183,774,1756,0.9797494306320363,9.974710895697807,15.931368804343364
84,1.0337099638491054e-06,0.9978203773498535,0.002177397720515728,504,1446,0.8144687901140131,7.50351057819239,6.886257786048657
