event id,p_spot,p_track,p_worm,x_coord,y_coord,width,length,azwidth
56,0.001774809556081891,0.9784320592880249,0.019783614203333855,232,1336,0.9643291396710222,11.672716485005473,25.540507421424692
97,0.0013859719038009644,0.903898298740387,0.09396480023860931,1749,46,0.9773164131723932,9.226803636787523,66.10071050311332
