event id,p_spot,p_track,p_worm,x_coord,y_coord,width,length,azwidth
5,7.000603363849223e-05,0.9272065162658691,0.039336882531642914,1234,1259,1.003064292568105,10.068660994820993,4.197668265293777
34,1.4896898392180447e-05,0.9895695447921753,0.010124322958290577,834,559,0.869171640591254,8.073977033839066,5.38486089992998
55,-1.0,-1.0,-1.0,2340,12,0.8668434333842583,3.348694211804103,0.7591581149049413
