event id,p_spot,p_track,p_worm,x_coord,y_coord,width,length,azwidth
13,0.0025442305486649275,0.868027925491333,0.12914031744003296,2493,466,0.8899428703714967,9.468033923283773,20.618869345801627
