event id,p_spot,p_track,p_worm,x_coord,y_coord,width,length,azwidth
57,0.9999991655349731,3.3097481377808435e-07,4.7424245508409513e-07,2307,601,0.9307013860048868,1.3181043061874596,1.2140054725809613
