event id,p_spot,p_track,p_worm,x_coord,y_coord,width,length,azwidth
77,0.0050209397450089455,0.15035000443458557,0.07110457867383957,1711,1205,0.9582244061731123,10.966912475498098,18.057136662010073
