event id,p_spot,p_track,p_worm,x_coord,y_coord,width,length,azwidth
46,3.085661955992691e-05,0.9024263620376587,0.09750066697597504,2330,1891,0.9311850785884913,7.820992523890641,12.953872759740067
54,0.045045267790555954,0.8560824990272522,0.07643015682697296,1264,658,0.9272145368746929,13.913795594100797,154.62078946787574
56,8.573386003263295e-05,0.9874619841575623,0.012234849855303764,1685,924,0.8927713170208147,9.563977389361124,67.98533074853323
63,0.1080804318189621,0.6851224303245544,0.19907362759113312,34,842,0.8555489420218358,15.201539009237997,17.165572788257553
