event id,p_spot,p_track,p_worm,x_coord,y_coord,width,length,azwidth
8,0.005660551600158215,0.027252918109297752,0.9670703411102295,1306,854,1.0837730623538744,3.065188803713043,2.913777925347509
81,0.9727024435997009,0.021094147115945816,0.005907533224672079,1829,135,0.9705115414335952,1.9929587316252615,1.910635731353744
90,0.00727127818390727,0.3595413863658905,0.6327827572822571,1714,1425,0.8389200202717563,4.259088878860026,11.192913526628853
