event id,p_spot,p_track,p_worm,x_coord,y_coord,width,length,azwidth
51,0.002027287846431136,0.5107033252716064,0.48390501737594604,1885,1708,0.9770019279748824,4.0905880836406,4.034266589504106
73,0.6218492984771729,0.16384567320346832,0.2129032462835312,2068,322,0.8328995486778284,2.5474970213446624,6.399965220237888
92,0.019213827326893806,0.4891662001609802,0.49087977409362793,298,434,0.8434375454788836,4.782718194390476,10.014473820418221
97,0.000812488840892911,0.7831552624702454,0.21068444848060608,226,806,0.9280952744183534,5.154499594218723,2.2405493801568124
