event id,p_spot,p_track,p_worm,x_coord,y_coord,width,length,azwidth
73,0.974140465259552,0.01116372924298048,0.014656067825853825,283,1261,1.0143431183443914,917.6189026861488,103335.1423485097
