event id,p_spot,p_track,p_worm,x_coord,y_coord,width,length,azwidth
50,0.49492916464805603,0.3624610900878906,0.14126227796077728,2086,790,0.8817532258498965,2.290010683557565,0.8672715249138505
61,3.897180067724548e-05,0.9664979577064514,0.033362384885549545,1337,1508,0.9221185880867034,4.843856013190189,2.560144554550746
