event id,p_spot,p_track,p_worm,x_coord,y_coord,width,length,azwidth
10,-1,-1,-1,8,399,0.8427987054522521,6.20263112123296,34.706470999456116
