event id,p_spot,p_track,p_worm,x_coord,y_coord,width,length,azwidth
40,3.000762990268413e-05,0.9900550842285156,0.008541500195860863,40,922,0.8788554073359578,12.581899868521184,19.837953107995784
66,1.5242554582073353e-05,0.98943030834198,0.01054877508431673,2400,707,0.882821568654976,7.529696698584784,27.276462524597367
