event id,p_spot,p_track,p_worm,x_coord,y_coord,width,length,azwidth
8,0.993851900100708,0.003357925917953253,0.0026342100463807583,996,1900,0.8941978188107497,2.394763827991897,2.7940961728938993
39,0.9997729659080505,0.0001414255384588614,8.460768731310964e-05,80,701,0.8718331987649368,1.8671583857145846,1.2499616225792407
68,0.9884214401245117,0.006367973051965237,0.00508474837988615,2223,332,0.9537923655053818,1.9808474813438692,3.256312432452984
