event id,p_spot,p_track,p_worm,x_coord,y_coord,width,length,azwidth
93,0.9820575714111328,0.006819609552621841,0.010989196598529816,2196,951,1.045580542178122,1.7726231630719864,2.9387978328571562
