event id,p_spot,p_track,p_worm,x_coord,y_coord,width,length,azwidth
25,0.9999997615814209,1.2165317286871868e-07,1.1319204418214213e-07,188,1703,0.8502813477250379,1.2347651045159447,0.9971212337728872
