event id,p_spot,p_track,p_worm,x_coord,y_coord,width,length,azwidth
28,0.20702175796031952,0.700299859046936,0.08933211117982864,694,987,0.9148461585174174,13.502921346452887,22.95880941781093
