event id,p_spot,p_track,p_worm,x_coord,y_coord,width,length,azwidth
28,0.5272285342216492,0.04847875237464905,0.42384594678878784,908,931,0.9167855672390129,2.1432856782457814,1.9133693428763852
