event id,p_spot,p_track,p_worm,x_coord,y_coord,width,length,azwidth
94,0.019915269687771797,0.8352933526039124,0.1408974826335907,1922,382,0.8858311005776544,3.559142322727733,12.008420292481448
