event id,p_spot,p_track,p_worm,x_coord,y_coord,width,length,azwidth
16,0.04501018673181534,0.6936095356941223,0.23814119398593903,1619,1237,1.0119383126196448,8.201990867570492,26.060509834813672
36,-1.0,-1.0,-1.0,1360,17,0.9463981861858713,7.563632597031202,57.20528657335709
