event id,p_spot,p_track,p_worm,x_coord,y_coord,width,length,azwidth
38,0.9241453409194946,0.0117498729377985,0.0634760707616806,1364,905,13.617122966989555,383.54250244951146,12606.439364697962
