event id,p_spot,p_track,p_worm,x_coord,y_coord,width,length,azwidth
64,0.9999980926513672,5.451863671623869e-07,1.3579492588178255e-06,1116,1608,0.9300732182818068,1.1938016589330023,1.0863184032885795
76,0.03322410583496094,0.036437053233385086,0.9290686249732971,1835,1523,1.229188395533091,5.280375344095747,4.1011045196967055
98,0.9999977350234985,1.0296490700056893e-06,1.1360898497514427e-06,436,456,0.7306822032704293,0.9501429879953395,0.8589917046686278
