event id,p_spot,p_track,p_worm,x_coord,y_coord,width,length,azwidth
100,0.0078003061935305595,0.10418866574764252,0.8878748416900635,2524,1078,0.9914763993733655,12.927929497116194,107.98489209326696
