event id,p_spot,p_track,p_worm,x_coord,y_coord,width,length,azwidth
58,0.002130732871592045,0.8706474304199219,0.12693488597869873,1309,492,0.9524604427131652,3.0856983909887425,0.9807064913027078
