event id,p_spot,p_track,p_worm,x_coord,y_coord,width,length,azwidth
18,0.0037232148461043835,0.6894527077674866,0.20254269242286682,1720,132,0.9001865286934705,5.625089635966995,1.952606050643016
96,0.2459564208984375,0.35977476835250854,0.3747958838939667,1127,655,0.9805996239608868,6.729681128240203,1.1701918481475906
