event id,p_spot,p_track,p_worm,x_coord,y_coord,width,length,azwidth
80,0.05745728313922882,0.7435168623924255,0.19517605006694794,2401,1518,0.8901849198378313,3.1430559441158064,1.3128201383256128
