event id,p_spot,p_track,p_worm,x_coord,y_coord,width,length,azwidth
56,1.4182395489115152e-06,0.9645966291427612,0.035378508269786835,2287,1197,0.8415838583145749,5.588327908408715,5.407476008560707
