event id,p_spot,p_track,p_worm,x_coord,y_coord,width,length,azwidth
88,0.9999924898147583,3.6264618756831624e-06,3.932929757866077e-06,1806,252,0.8428014319186504,1.6925648499164272,0.7262633696787352
