event id,p_spot,p_track,p_worm,x_coord,y_coord,width,length,azwidth
61,0.04328763112425804,0.17178025841712952,0.7843964099884033,1336,807,0.9954030262732213,10.422068423517327,78.44458139773072
