event id,p_spot,p_track,p_worm,x_coord,y_coord,width,length,azwidth
16,0.9999977350234985,9.589398359821644e-07,1.2629139973796555e-06,1935,1292,0.8997503538805416,1.339217573141197,1.4488474017517843
