event id,p_spot,p_track,p_worm,x_coord,y_coord,width,length,azwidth
60,0.0010412920964881778,0.1675254851579666,0.8312600255012512,1557,1209,1.0237163988138158,5.1733071641578805,15.74123062282845
