event id,p_spot,p_track,p_worm,x_coord,y_coord,width,length,azwidth
7,0.006859017536044121,0.6565119028091431,0.33100447058677673,1271,1891,1.027390247695122,4.0849284504064425,2.09175588932418
