event id,p_spot,p_track,p_worm,x_coord,y_coord,width,length,azwidth
97,0.01925647258758545,0.9332975149154663,0.037139538675546646,2396,1715,0.8899987671373355,8.791624320911888,2.823310076595422
