event id,p_spot,p_track,p_worm,x_coord,y_coord,width,length,azwidth
58,0.0005425593117251992,0.9577884078025818,0.0415465421974659,1850,454,0.7964201434981816,7.53216479871509,54.74332741916819
