event id,p_spot,p_track,p_worm,x_coord,y_coord,width,length,azwidth
87,0.00012952866381965578,0.9504641890525818,0.04919050633907318,1736,1501,0.8909372658269255,8.299461057153875,5.18060770391518
