event id,p_spot,p_track,p_worm,x_coord,y_coord,width,length,azwidth
99,7.238891726046859e-07,0.9928620457649231,0.00713493674993515,1790,292,0.8677065401553423,5.852526840568903,31.456191664721636
