event id,p_spot,p_track,p_worm,x_coord,y_coord,width,length,azwidth
15,1.706455623207148e-05,0.956027626991272,0.04391494765877724,601,325,0.9863215137590952,4.852361679045566,4.067507356718553
35,6.56026677461341e-05,0.817264199256897,0.18200546503067017,669,123,0.9501509592093733,6.490833332473199,1.042472107940118
