event id,p_spot,p_track,p_worm,x_coord,y_coord,width,length,azwidth
10,0.0009138864697888494,0.7717598080635071,0.2126806229352951,2174,1607,0.9438031196514755,6.4550163817580986,13.692639270921703
