event id,p_spot,p_track,p_worm,x_coord,y_coord,width,length,azwidth
40,0.023696105927228928,0.29161372780799866,0.6838433742523193,1362,661,0.96565125071684,3.171422990474985,1.8801505906531213
81,0.24304552376270294,0.4093121290206909,0.3150811791419983,777,928,0.9157271748530739,4.162667805333732,3.0374180664036503
