event id,p_spot,p_track,p_worm,x_coord,y_coord,width,length,azwidth
8,0.9999926090240479,2.399129243713105e-06,5.0593394007592e-06,1120,881,1.0544048991860302,1.1603445492860278,1.3218143447075608
24,0.00023352651624009013,0.7737342119216919,0.22583192586898804,139,1666,0.8559820624339852,4.049514475609234,2.184928708622554
74,0.999984622001648,6.027147719578352e-06,9.305847925134003e-06,1472,323,0.8013532897118242,1.1538279461362593,0.6437158549032082
