event id,p_spot,p_track,p_worm,x_coord,y_coord,width,length,azwidth
69,-1.0,-1.0,-1.0,814,21,0.733406742268288,1.4673428876184016,1.1222020032272804
75,0.7644877433776855,0.1489618420600891,0.08613657206296921,2293,80,0.8153085725748166,2.368902899178145,4.339571147794324
