event id,p_spot,p_track,p_worm,x_coord,y_coord,width,length,azwidth
84,0.9999892711639404,2.6749180506158154e-06,8.056488695729058e-06,1482,1268,1.074671027996005,1.2907203923722617,1.5706713632043332
