event id,p_spot,p_track,p_worm,x_coord,y_coord,width,length,azwidth
12,0.9999226331710815,3.883635508827865e-05,3.8153208151925355e-05,2132,792,0.8899261255473818,1.5147136736037454,1.8395412997116465
94,0.999984860420227,5.7768884289544076e-06,9.466431947657838e-06,1808,704,0.9949023892996264,1.1864622325760543,1.171060504216233
