event id,p_spot,p_track,p_worm,x_coord,y_coord,width,length,azwidth
19,0.9998152852058411,0.00010242837743135169,8.137305121636018e-05,596,1898,0.8338445882910268,1.5966841692021652,1.3842557836934275
54,0.9891353845596313,0.007766355760395527,0.0030626850202679634,611,1734,0.9652851884269879,1.726444563329406,1.3002054917059054
72,-1.0,-1.0,-1.0,1395,1943,0.8382907357206085,1.714982660008193,2.0001484553332407
