event id,p_spot,p_track,p_worm,x_coord,y_coord,width,length,azwidth
22,0.007856173440814018,0.3107019364833832,0.6770572066307068,2394,568,0.9873235868235354,5.124233966288963,1.3185388514723784
