event id,p_spot,p_track,p_worm,x_coord,y_coord,width,length,azwidth
36,0.00013525279064197093,0.9832947254180908,0.0162731371819973,1488,1134,0.90749574135081,20.845249342721097,122.05659048555275
