event id,p_spot,p_track,p_worm,x_coord,y_coord,width,length,azwidth
93,0.9780566692352295,0.007718565873801708,0.013697158545255661,1696,1280,1.1991904378255207,1.8592604292197918,1.4446141299798656
98,0.9999977350234985,1.06391848930798e-06,1.1572351468203124e-06,1167,1356,0.7840144162528812,0.8229771655610515,0.6369225491458136
