event id,p_spot,p_track,p_worm,x_coord,y_coord,width,length,azwidth
7,0.9999967813491821,1.0088050430567819e-06,2.2853091650176793e-06,1224,305,0.7959059414454911,1.3744436145990604,0.9588245782154686
33,0.9999662637710571,1.8308914150111377e-05,1.5267560229403898e-05,69,572,0.8292511102397434,1.704895489356382,1.1621786652417805
61,0.9951230883598328,0.0031757515389472246,0.0016771958908066154,2307,969,0.955179319315004,1.7864637485383776,1.6331889533739705
