event id,p_spot,p_track,p_worm,x_coord,y_coord,width,length,azwidth
39,0.004833637736737728,0.8287573456764221,0.16490773856639862,1519,508,0.904572141207456,3.5554150983052346,12.069838393796744
