event id,p_spot,p_track,p_worm,x_coord,y_coord,width,length,azwidth
12,0.2363225370645523,0.47547805309295654,0.2864733934402466,124,1695,1.0224087597254177,2.2804695557263632,1.7895224596124717
61,0.9976047277450562,0.0016322290757670999,0.0007541055092588067,2389,196,0.8629977285175495,2.022211786029317,3.07559621959012
92,0.07851898670196533,0.8385387063026428,0.08247372508049011,201,1704,0.886019529412986,2.355184587430706,2.300187857016073
