event id,p_spot,p_track,p_worm,x_coord,y_coord,width,length,azwidth
8,0.9999887943267822,2.19995308725629e-06,8.887008334568236e-06,1232,1793,0.9009454449258657,1.469612237219933,1.5941750838597433
