event id,p_spot,p_track,p_worm,x_coord,y_coord,width,length,azwidth
21,0.9999980926513672,8.514150522387354e-07,1.0837538866326213e-06,1308,559,0.8067917471067432,0.8929640733638036,0.6680159568143553
