event id,p_spot,p_track,p_worm,x_coord,y_coord,width,length,azwidth
15,3.095689316978678e-05,0.9521138668060303,0.047828834503889084,1770,1727,0.8265069516517177,5.462774087713467,0.770850220374906
