event id,p_spot,p_track,p_worm,x_coord,y_coord,width,length,azwidth
86,0.9999997615814209,9.979498116763352e-08,1.0414989048967982e-07,229,1137,1.2164022987184837,1.2517673857584666,1.5528773398894118
