event id,p_spot,p_track,p_worm,x_coord,y_coord,width,length,azwidth
73,0.11530670523643494,0.6754061579704285,0.19707684218883514,1591,124,0.9129004817486519,8.376658413962964,69.48434175915959
