event id,p_spot,p_track,p_worm,x_coord,y_coord,width,length,azwidth
66,0.00030337346834130585,0.9306848645210266,0.06775003671646118,2101,1415,0.9125758462150635,4.553833366611413,13.738436676595393
