event id,p_spot,p_track,p_worm,x_coord,y_coord,width,length,azwidth
73,0.0036977329291403294,0.3802756071090698,0.5999781489372253,875,1470,0.964912290244896,5.542896877979575,5.757722628418894
