event id,p_spot,p_track,p_worm,x_coord,y_coord,width,length,azwidth
67,0.0017945592990145087,0.9737083911895752,0.024316489696502686,1475,1895,0.8358967713148823,9.656759183500602,11.900353439677357
