event id,p_spot,p_track,p_worm,x_coord,y_coord,width,length,azwidth
4,4.837085725739598e-06,0.9900633692741394,0.009833244606852531,467,1403,0.9026034848803282,4.773499224198747,6.993938783631521
