event id,p_spot,p_track,p_worm,x_coord,y_coord,width,length,azwidth
21,0.0007948258426040411,0.9342804551124573,0.050578828901052475,485,626,0.8986153508614906,6.300113689404879,8.00392407113145
