event id,p_spot,p_track,p_worm,x_coord,y_coord,width,length,azwidth
25,0.014431213028728962,0.3603001832962036,0.6100789904594421,226,369,0.9704248761402324,7.258517757016102,1.0017300138904353
