event id,p_spot,p_track,p_worm,x_coord,y_coord,width,length,azwidth
95,0.0030256439931690693,0.6884850263595581,0.2961776852607727,2079,1306,0.9347773369119575,7.311782900792955,13.008345896293894
