event id,p_spot,p_track,p_worm,x_coord,y_coord,width,length,azwidth
43,0.0002636911522131413,0.9012624025344849,0.09836030006408691,1609,1332,0.8822140288686527,4.244609406861791,6.150423818938901
73,0.011100751347839832,0.6190657615661621,0.3682878613471985,1328,326,0.9004764940590801,3.7446210168705356,14.01274615802457
93,0.06864915043115616,0.6159307956695557,0.30010727047920227,1598,777,0.9897499857123124,3.2122206695276994,9.44563654421057
