event id,p_spot,p_track,p_worm,x_coord,y_coord,width,length,azwidth
1,-1.0,-1.0,-1.0,27,1126,1.180063663855098,10.010500566378004,1.4267669076982237
31,0.00018351705512031913,0.9811567664146423,0.018636420369148254,1333,1071,1.5319515094045082,39.528831206499355,997.4011887059413
49,0.000619161466602236,0.07815232127904892,0.9212257266044617,1573,935,1.0012277590023657,35.78548813470226,947.6450701710235
50,8.65867332322523e-06,0.9823552966117859,0.01760263368487358,838,1102,0.8959173221539745,35.13891028169227,427.4132278070335
54,-1.0,-1.0,-1.0,1239,16,0.9461713255276075,37.28704902852874,1388.43388734209
76,0.0007595058414153755,0.818885326385498,0.1801290065050125,235,1819,0.9197252905202805,37.272718727475855,14.216627730413105
84,4.909744529868476e-05,0.9444882869720459,0.0554233081638813,1288,1222,0.8676094575521417,40.731039685343205,831.3805838510913
