event id,p_spot,p_track,p_worm,x_coord,y_coord,width,length,azwidth
6,2.974225026264321e-05,0.9689617156982422,0.030930176377296448,954,790,1.354166062712288,43.86327949975613,229.28309263955805
8,0.0004961311933584511,0.39448416233062744,0.6049986481666565,1942,1435,1.0593503946740037,42.43256242715743,221.0670680587092
9,6.806603323639138e-06,0.9979850053787231,0.002002343302592635,708,1324,0.9649422585674007,41.44776647927374,637.6454881924047
17,0.0008355281897820532,0.09119615703821182,0.9079409241676331,2106,966,0.9414776320983353,39.00519177937706,38.27522228986694
19,3.494085467536934e-05,0.9485020637512207,0.05143855884671211,2210,153,0.8929606349839896,40.322935639385825,72.24511104420168
31,0.0006530169630423188,0.3963658809661865,0.6029579043388367,1861,1422,0.9267798662003529,35.87402103848414,158.11141175790536
45,0.00014124253357294947,0.38081541657447815,0.6190422773361206,236,1625,1.765512504928886,28.937556600961134,599.2642534549242
54,0.0011979179689660668,0.02253101021051407,0.9762685298919678,1757,372,0.9678482999787532,38.8707911579447,17.5957726040121
