event id,p_spot,p_track,p_worm,x_coord,y_coord,width,length,azwidth
48,0.0025333105586469173,0.8750701546669006,0.11732132732868195,212,1463,0.9422069275289994,65.7985806493619,3713.361272794789
