event id,p_spot,p_track,p_worm,x_coord,y_coord,width,length,azwidth
88,6.878184194647474e-06,0.9629439115524292,0.03657635673880577,390,1133,0.821323917341138,13.504047687215335,95.97784667550222
