event id,p_spot,p_track,p_worm,x_coord,y_coord,width,length,azwidth
90,0.8436696529388428,0.06881066411733627,0.08555427938699722,1634,786,0.8239220809728022,7.324145498995005,4.929137197696995
