event id,p_spot,p_track,p_worm,x_coord,y_coord,width,length,azwidth
12,-1.0,-1.0,-1.0,658,2,0.7977502021508152,26.362941143815284,197.31671203687597
16,2.0550203316815896e-06,0.9968012571334839,0.0031958213075995445,570,1261,0.8753353444570371,41.54068050525603,571.6050834663304
36,-1.0,-1.0,-1.0,1492,10,1.0574936317426489,34.75875350463767,295.27832073646675
38,1.937646402438986e-06,0.9866195917129517,0.013378293253481388,1122,533,1.0039548415593933,36.78379942469915,17.2191717402799
48,-1.0,-1.0,-1.0,1181,1926,1.0395493254333317,23.55131259330915,134.4856848755269
53,-1.0,-1.0,-1.0,14,647,1.1435629357005668,10.466930701647309,67.39392951763811
59,3.911191379302181e-05,0.8907822966575623,0.10916871577501297,2195,383,5.6753738678917465,33.880148528419774,177.81912063684823
61,8.400860679103062e-06,0.9941779375076294,0.00581358140334487,1092,124,0.9239571535417755,40.88606374133088,386.7007690130902
