event id,p_spot,p_track,p_worm,x_coord,y_coord,width,length,azwidth
20,8.082747081061825e-05,0.7361096739768982,0.26380911469459534,910,874,1.5934031562820201,30.565604270192544,79.86679223349455
40,9.555818905937485e-06,0.9877190589904785,0.01227115560323,1260,473,0.9540101719246988,39.15724490908914,642.2943980593915
51,2.1150166503502987e-05,0.9624712467193604,0.037493996322155,159,850,0.9376109715281312,34.708658656920164,142.29067859568008
62,-1.0,-1.0,-1.0,2277,1922,0.993642505258898,28.565698397517835,64.74083263649756
71,2.097332526318496e-06,0.9950343370437622,0.004963293205946684,231,1833,0.9187543975373121,47.307644207363815,288.2448429527975
74,0.00931609608232975,0.14868736267089844,0.8419803977012634,225,171,1.0944730218739758,32.40978084606594,196.27765549390656
77,1.7813415524869924e-06,0.06050463020801544,0.9394087195396423,1234,1704,4.5156818126074505,43.57673410269938,53.71104522358999
79,0.001254224218428135,0.03299788758158684,0.9657369256019592,301,404,1.0222560192214183,42.47684595876173,14.1050444534072
98,5.286000828164106e-07,0.9983437061309814,0.0016557088820263743,1176,634,0.8940180661439265,42.76779796497728,534.7435615757822
