event id,p_spot,p_track,p_worm,x_coord,y_coord,width,length,azwidth
11,0.0026351388078182936,0.2311207354068756,0.7588928937911987,2224,1715,1.4939682207692149,34.048421901419005,248.31891916483096
14,0.001958506414666772,0.7292789816856384,0.26867082715034485,2254,534,0.961080704125517,37.37491679311258,968.92942433461
19,3.5614029911812395e-05,0.9953125715255737,0.004650705959647894,2121,797,0.8779437518041351,41.835565133447524,1008.5773750484764
27,8.396031262236647e-06,0.9825711846351624,0.017416032031178474,2213,959,11.524877945757792,49.79919909583989,273.53922155599673
39,8.425481792073697e-05,0.9655921459197998,0.03430391848087311,1032,1020,0.9060297024436637,39.061568749750926,282.7473162664517
78,1.8611248151501059e-06,0.9923795461654663,0.007618102245032787,2003,373,0.8710090857533829,38.20667802066174,1107.313257799143
79,-1.0,-1.0,-1.0,1962,1925,1.0439596753943527,29.081870648523882,117.91816387919395
82,8.691894208823214e-07,0.9965583682060242,0.0034405237529426813,594,550,0.9352772974342584,41.29642247024367,383.90539207600233
94,4.815478682473895e-09,0.0007644814904779196,0.9992351531982422,485,1725,4.8142519795178815,28.888704141533253,25.94435601561923
