event id,p_spot,p_track,p_worm,x_coord,y_coord,width,length,azwidth
3,0.00558210676535964,0.15202568471431732,0.841400146484375,752,1194,2.2724415286573576,36.74346180613375,721.6416463196591
12,0.0017621064325794578,0.09990451484918594,0.8983173966407776,2038,380,1.0321252152901834,32.63587984382426,7.959638250173281
14,1.4297320376499556e-05,0.9838882088661194,0.015600617043673992,2240,1902,0.8994548346768774,43.2950561766344,621.2541219013391
41,0.045019473880529404,0.49538642168045044,0.4556150436401367,1016,757,0.9393631146264665,11.467973184716845,31.724222653614696
53,8.047134542721324e-06,0.9735479354858398,0.02632858231663704,1526,1113,0.8912360584665221,45.04446480619768,359.10083545755725
73,0.0007465610979124904,0.0878748819231987,0.9113483428955078,1575,508,0.9680838699913574,36.49272159499632,51.60952800502034
84,1.330556915490888e-05,0.9732656478881836,0.026616115123033524,1047,1820,0.8837278160873827,37.81045908941398,813.6041161432686
89,0.00174506357870996,0.3055693805217743,0.6926059722900391,1554,465,0.9623703529006565,36.60339958625278,21.398210627722168
