event id,p_spot,p_track,p_worm,x_coord,y_coord,width,length,azwidth
1,9.774618774827104e-06,0.997007429599762,0.002982140053063631,308,1024,0.8974045934895792,40.571847837999826,396.89288500653316
15,9.582178108757944e-07,0.9955542683601379,0.004444808233529329,1269,742,0.8754535367020224,37.016769725523204,46.408347226563706
22,-1.0,-1.0,-1.0,2565,451,0.6956432364801441,22.55495849845916,122.71463328551516
28,9.713307917991187e-06,0.9882275462150574,0.011762119829654694,990,254,5.374219365660204,99.97353620700234,615.900917627916
33,4.071886507972522e-07,0.9993516802787781,0.0006478846771642566,1519,638,0.8754429627018359,38.60474958810678,138.62068565319865
45,7.932386552056414e-07,0.9994187355041504,0.0005803898675367236,2484,76,0.8419930228145057,31.213259736816333,400.9447504381053
77,3.1012809813546482e-06,0.16437292098999023,0.8356209397315979,1194,1881,9.234359640093766,24.295410357345727,94.07780224001556
82,4.555252962745726e-05,0.8502805829048157,0.14967374503612518,1722,1159,1.0761597682751087,34.474247949594755,12.683321015548362
87,4.851328867516713e-07,0.9993566870689392,0.000642824568785727,837,322,0.8924474882010892,41.263230247049556,229.48342535385066
