event id,p_spot,p_track,p_worm,x_coord,y_coord,width,length,azwidth
1,1.8695487597142346e-05,0.9754029512405396,0.02453676052391529,2407,689,0.891981967171518,39.031480968409824,195.8382849326334
13,0.0028280720580369234,0.7018810510635376,0.29450681805610657,1992,1760,0.9123259177210373,39.386533966043714,733.197275100275
14,0.0001993799232877791,0.7956771850585938,0.20401859283447266,253,98,0.9531599545330839,20.09223948282481,47.814336863838875
23,0.9999994039535522,2.4563502165619866e-07,3.477397569895402e-07,1469,442,1.2307535669061132,108.7293727413365,3383.6999387005167
35,0.0027727566193789244,0.05187592655420303,0.9452977180480957,1105,1658,1.0146987310116982,31.868596620386818,718.4845097174284
55,0.003609397215768695,0.007837187498807907,0.9885369539260864,668,218,1.5134874284517676,40.27767480459246,143.01346070504547
64,0.0011044144630432129,0.7020156979560852,0.29341208934783936,1007,285,0.9049702447247031,36.3172462242512,69.02509199172246
81,-1.0,-1.0,-1.0,1126,1,0.5033118085653764,3.7387606782856406,0.2725626044072477
82,0.000996785587631166,0.337965190410614,0.660849392414093,583,1818,0.8532425236374273,41.2179347316744,1509.5070607294172
