event id,p_spot,p_track,p_worm,x_coord,y_coord,width,length,azwidth
99,0.00011904146958841011,0.9492181539535522,0.05039937421679497,901,824,0.8443425963866017,5.261358403388272,0.7414092531659149
