event id,p_spot,p_track,p_worm,x_coord,y_coord,width,length,azwidth
83,0.00046234106412157416,0.9244815707206726,0.07350672036409378,1699,929,0.8704307671446854,7.742024928009263,1.5800103750072456
