event id,p_spot,p_track,p_worm,x_coord,y_coord,width,length,azwidth
49,0.13351069390773773,0.7187728881835938,0.14110742509365082,1854,952,0.8791837546006127,7.448624701761284,23.36294166709258
