event id,p_spot,p_track,p_worm,x_coord,y_coord,width,length,azwidth
64,0.23492693901062012,0.5898677110671997,0.15857140719890594,1274,840,0.9495543485660057,11.688664779910289,123.77812819306341
