event id,p_spot,p_track,p_worm,x_coord,y_coord,width,length,azwidth
35,0.006834161002188921,0.16692042350769043,0.8259491324424744,2298,722,0.7917994698514578,5.094156147768421,0.7786354265384041
