event id,p_spot,p_track,p_worm,x_coord,y_coord,width,length,azwidth
13,0.012162487953901291,0.2744043469429016,0.7117435336112976,931,407,0.951037135953825,3.8974680106269264,2.1489703204408492
69,0.017133986577391624,0.1430829018354416,0.8383597135543823,1916,936,3.862873231864848,287.78074709147893,47990.90377323083
