event id,p_spot,p_track,p_worm,x_coord,y_coord,width,length,azwidth
47,4.484230430534808e-06,0.9381468296051025,0.06183446943759918,1858,1367,0.9267934871313883,4.86930909119086,0.9006126526448365
