event id,p_spot,p_track,p_worm,x_coord,y_coord,width,length,azwidth
37,-1,-1,-1,13,1584,0.8311704470432727,21.945114229554,389.96981665917724
