event id,p_spot,p_track,p_worm,x_coord,y_coord,width,length,azwidth
84,2.924628859091172e-07,0.9995323419570923,0.00046713760821148753,2444,881,0.7434641371481304,13.921005154137758,21.34023743923074
