event id,p_spot,p_track,p_worm,x_coord,y_coord,width,length,azwidth
19,0.0018270602449774742,0.8032398223876953,0.19238044321537018,912,1707,0.9041179661046143,4.635875396396423,3.207873552245237
