event id,p_spot,p_track,p_worm,x_coord,y_coord,width,length,azwidth
14,-1,-1,-1,806,1942,0.9850990579622845,1.0811137413505234,1.0285526101812192
