event id,p_spot,p_track,p_worm,x_coord,y_coord,width,length,azwidth
22,0.02366066537797451,0.21936048567295074,0.063368059694767,2052,1655,0.9319745575424583,8.027779946988748,1.0215648877740506
