event id,p_spot,p_track,p_worm,x_coord,y_coord,width,length,azwidth
40,0.017535340040922165,0.4971276819705963,0.48296400904655457,107,380,1.0361684118977117,3.4024662383757054,8.330134696219355
