event id,p_spot,p_track,p_worm,x_coord,y_coord,width,length,azwidth
57,0.42184212803840637,0.4418153166770935,0.1345285177230835,894,1177,0.893398623080279,2.4731424431098064,4.334004812752404
61,-1.0,-1.0,-1.0,2561,904,0.8520633140807882,1.1145768572107901,1.226346846450636
88,0.0047246976755559444,0.014596877619624138,0.9806481003761292,1354,1682,1.2529977270687331,4.2131578847043025,4.821190810262669
