event id,p_spot,p_track,p_worm,x_coord,y_coord,width,length,azwidth
84,2.837218744389247e-06,0.98832768201828,0.011660231277346611,363,1573,0.8860968040379038,4.521553234637356,13.036854225243413
