event id,p_spot,p_track,p_worm,x_coord,y_coord,width,length,azwidth
44,0.01815023086965084,0.8243479132652283,0.14903295040130615,1910,305,0.9138266704565001,5.228588096079932,2.5761569003485945
