event id,p_spot,p_track,p_worm,x_coord,y_coord,width,length,azwidth
84,0.8695091009140015,0.09112081676721573,0.03870934247970581,2545,802,0.9075197788822896,2.4440310151014955,2.163559774936465
