event id,p_spot,p_track,p_worm,x_coord,y_coord,width,length,azwidth
55,0.02551804855465889,0.6926221251487732,0.27738508582115173,2477,347,0.839249401706581,6.742204449254825,3.012055330109096
