event id,p_spot,p_track,p_worm,x_coord,y_coord,width,length,azwidth
78,0.00040070473914965987,0.9086453318595886,0.08756252378225327,2365,1276,0.9420790017665445,5.236910702127615,14.19707166442963
