event id,p_spot,p_track,p_worm,x_coord,y_coord,width,length,azwidth
33,0.00015378081297967583,0.8879220485687256,0.11131513118743896,2223,1709,0.8885172629463731,5.9510653222058005,10.76244592828434
42,0.007256628014147282,0.8283987045288086,0.16364794969558716,2385,843,0.8286175355639314,9.235496384426238,34.261431975812386
