event id,p_spot,p_track,p_worm,x_coord,y_coord,width,length,azwidth
59,0.0077598923817276955,0.686739444732666,0.30327069759368896,774,1409,0.8562073545250923,3.3154078324579577,4.6921832238213685
