event id,p_spot,p_track,p_worm,x_coord,y_coord,width,length,azwidth
88,0.12226948887109756,0.3547157347202301,0.521849513053894,1228,413,1.0098225385127861,7.019586027876674,49.086930996372885
