event id,p_spot,p_track,p_worm,x_coord,y_coord,width,length,azwidth
66,0.0002065099833998829,0.9593428373336792,0.014454228803515434,1291,1459,0.8322528728930956,14.176352537219074,57.68896124339604
