event id,p_spot,p_track,p_worm,x_coord,y_coord,width,length,azwidth
49,1.3524366693218326e-07,2.9347336749196984e-05,0.999970555305481,840,987,1.8087877603730702,5.478231658573463,15.734536322155556
