event id,p_spot,p_track,p_worm,x_coord,y_coord,width,length,azwidth
97,-1,-1,-1,20,1005,1.0249564533690452,6.908499801190531,2.7755446571036684
