event id,p_spot,p_track,p_worm,x_coord,y_coord,width,length,azwidth
15,0.0005271948175504804,0.9819621443748474,0.015768365934491158,1336,616,0.8917086469392141,10.162880263807908,18.277152282480763
