event id,p_spot,p_track,p_worm,x_coord,y_coord,width,length,azwidth
39,0.00022655904467683285,0.8871977925300598,0.11244051903486252,736,1055,0.8431779597474728,4.712873914833672,5.521454290329787
