event id,p_spot,p_track,p_worm,x_coord,y_coord,width,length,azwidth
96,9.82566416496411e-05,0.9728879928588867,0.018656518310308456,2064,558,0.975043738352011,8.069188904643662,3.745640612518326
