event id,p_spot,p_track,p_worm,x_coord,y_coord,width,length,azwidth
97,3.8048533768098025e-10,2.1155842659936752e-06,0.9999978542327881,2548,53,3.4143562520795894,12.220432680177362,148.6256392527064
