event id,p_spot,p_track,p_worm,x_coord,y_coord,width,length,azwidth
45,0.0023495133500546217,0.8878322839736938,0.10973050445318222,118,32,1.741994416141117,10.35381326311367,95.97217492839397
