event id,p_spot,p_track,p_worm,x_coord,y_coord,width,length,azwidth
18,0.9999082088470459,7.638722308911383e-06,8.393244934268296e-05,1510,1809,1.2045105051921374,2.4081152402695856,4.146436468860784
20,4.2658164602471516e-05,0.004821310751140118,0.995133101940155,1756,724,1.7754638611441904,7.005768241321938,3.153592013421716
49,2.180120873163105e-06,0.007835782133042812,0.992144763469696,635,797,4.152888829844287,9.192079985470006,60.48614670643078
56,3.46041040266698e-09,6.124051196820801e-06,0.9999939203262329,1692,100,6.173164356365015,6.942440565948482,48.18912119414267
