event id,p_spot,p_track,p_worm,x_coord,y_coord,width,length,azwidth
39,0.004185782745480537,0.22192959487438202,0.7713428735733032,1767,1784,1.478262009423682,9.336800195962075,44.22493411183589
