event id,p_spot,p_track,p_worm,x_coord,y_coord,width,length,azwidth
25,0.14627599716186523,0.35785025358200073,0.38404330611228943,291,122,1.2673678888373978,5.3582867183169745,13.636787011864453
