event id,p_spot,p_track,p_worm,x_coord,y_coord,width,length,azwidth
6,0.9999998807907104,3.713203611255267e-08,7.41240100410323e-08,388,1350,1.2338556561474403,1.27639039780948,1.5264461005673942
