event id,p_spot,p_track,p_worm,x_coord,y_coord,width,length,azwidth
26,0.21819433569908142,0.3507682681083679,0.27970966696739197,2536,1872,1.2785513732273703,3.883940866073064,2.969246075424955
