event id,p_spot,p_track,p_worm,x_coord,y_coord,width,length,azwidth
81,0.1576261967420578,0.0030041872523725033,0.8393668532371521,163,1884,1.1797571086663026,19.19894576923265,360.9821884832601
