event id,p_spot,p_track,p_worm,x_coord,y_coord,width,length,azwidth
7,0.002628599526360631,0.8842063546180725,0.11289419233798981,1235,1090,0.8633600297463344,14.526349704353755,22.156451231477153
10,0.0014067082665860653,0.7904053926467896,0.20693330466747284,2213,1718,2.214514008166152,14.264208256238469,56.24505152244674
64,0.0358799584209919,0.3449511229991913,0.16115900874137878,2097,1009,0.8961520464856197,16.424456144798814,2.7193552339358273
76,0.006192721426486969,0.8155961036682129,0.15538951754570007,2534,1848,0.9487764961233923,19.722618072080255,56.3962974976073
83,0.002302861772477627,0.834682285785675,0.03066069632768631,907,1793,0.8011152093326491,14.594682201128437,117.39909622563339
