event id,p_spot,p_track,p_worm,x_coord,y_coord,width,length,azwidth
7,0.006448020692914724,0.7749677896499634,0.21234934031963348,210,216,0.9151296035196265,4.368755018618143,0.8674029474981211
