event id,p_spot,p_track,p_worm,x_coord,y_coord,width,length,azwidth
69,6.325526101136347e-06,0.9960779547691345,0.002192750107496977,1581,1660,0.9026183075051948,31.97871065258955,68.67109795758607
