event id,p_spot,p_track,p_worm,x_coord,y_coord,width,length,azwidth
23,0.0001807240187190473,0.7526373863220215,0.24706685543060303,1586,893,0.9333773236300035,6.820528099319004,34.25662901183713
73,0.994422972202301,0.0007069273269735277,0.004685934167355299,637,1226,1.0093168004757704,16.481098426843268,229.42455856362986
92,0.2007642537355423,0.6083880066871643,0.1887226551771164,826,1836,0.8041561795273964,3.169480552304833,9.946489324625905
