event id,p_spot,p_track,p_worm,x_coord,y_coord,width,length,azwidth
10,0.036235958337783813,0.8121510148048401,0.0759010761976242,1445,1673,0.9353313640630738,9.353358757329815,25.28297907091292
23,0.00397521210834384,0.8079566359519958,0.04299477860331535,1165,410,0.9600736200561713,19.88576881895143,343.0375924877208
33,0.000461832620203495,0.9801751971244812,0.018924526870250702,39,1175,0.9304332771245953,16.258117465610358,3.6506396968959445
78,0.01028389111161232,0.5828886032104492,0.4054132401943207,2153,940,0.8695791393350711,17.437139137068392,217.92142428212424
