event id,p_spot,p_track,p_worm,x_coord,y_coord,width,length,azwidth
61,1.0329106771678198e-05,0.9896043539047241,0.010309174656867981,1875,1587,0.8853608484057969,47.99371206935221,95.59133814591131
