event id,p_spot,p_track,p_worm,x_coord,y_coord,width,length,azwidth
16,0.0015127008082345128,0.8817496299743652,0.0738014429807663,373,674,0.961538954869738,27.060059278099715,17.022525729809757
