event id,p_spot,p_track,p_worm,x_coord,y_coord,width,length,azwidth
45,6.759561983926687e-06,0.9936610460281372,0.006310626864433289,1004,820,0.9014096950644894,25.329284074997013,78.63768359023825
