event id,p_spot,p_track,p_worm,x_coord,y_coord,width,length,azwidth
19,0.0012364651774987578,0.6098805665969849,0.3871273994445801,1548,697,0.9959559051899002,9.046212703041771,78.58920682013124
44,-1.0,-1.0,-1.0,2587,27,0.4679428909440533,1.6790234543648697,2.6476602012904316
75,0.07571205496788025,0.24815240502357483,0.6755239367485046,1557,509,0.7957285687874802,12.841786666224055,164.6931406480608
79,0.0004394283751025796,0.9484726786613464,0.04920979589223862,2362,839,0.9219894017740068,8.057975459497092,62.01800439707197
83,0.05813668295741081,0.7233959436416626,0.21723750233650208,1014,319,0.7561692911073348,9.0497984028154,77.92008164488735
86,0.0003127832314930856,0.9779755473136902,0.021558012813329697,1167,148,0.838415081961015,11.551374174172317,132.45759202205193
95,-1.0,-1.0,-1.0,1,1461,1.1478259428594162,1.3278620951341993,1.6305938086109377
96,0.03528638929128647,0.644628643989563,0.2812277376651764,1641,270,0.8622201129401159,12.347266183924209,152.37092835655093
100,0.008011162281036377,0.7373369932174683,0.24589422345161438,1996,1045,0.9469579489663464,9.078999716200505,67.95824365044396
