event id,p_spot,p_track,p_worm,x_coord,y_coord,width,length,azwidth
9,0.0017498433589935303,0.6581507921218872,0.3388310968875885,2065,401,5.2893961208543825,75.63054207516606,2734.820643103339
36,0.005966068711131811,0.838350236415863,0.15422432124614716,2532,772,0.8915213475413643,7.769924186450725,58.92143710970492
