event id,p_spot,p_track,p_worm,x_coord,y_coord,width,length,azwidth
7,0.0004403097846079618,0.9465056657791138,0.051112182438373566,521,756,0.8772000409741727,13.12149086182209,28.97163357908444
20,0.001259951968677342,0.9509655833244324,0.0358046218752861,1237,1346,0.9546511345296189,11.295706163727004,23.92153779131471
44,9.779329047887586e-06,0.9404981732368469,0.059310801327228546,1943,642,0.9444665053123146,7.237885683141268,30.642996449771083
50,0.03277774527668953,0.8056495189666748,0.15671761333942413,1490,1678,0.9329895581017491,12.941701397380763,13.42214054204255
71,6.429460427170852e-06,0.9978741407394409,0.00195335503667593,1244,708,0.8688820561095522,10.153318538053732,52.46995509942646
