event id,p_spot,p_track,p_worm,x_coord,y_coord,width,length,azwidth
39,0.9999926090240479,4.183493729215115e-06,3.177978442181484e-06,1620,1325,0.4098611485608013,0.7751601408554003,0.21825535019136064
86,1.3359433978621382e-05,0.9935083389282227,0.006311049684882164,872,826,0.8376072678329265,12.231081384260557,72.1908915592004
94,0.00016829783271532506,0.5150938034057617,0.4843124747276306,873,661,0.8592178726576797,13.570491506224984,111.85309158955978
