event id,p_spot,p_track,p_worm,x_coord,y_coord,width,length,azwidth
16,0.0008490335312671959,0.028229499235749245,0.9707075357437134,2412,1464,1.0484753795620096,8.50635808636162,8.71113008212303
29,0.0007045234087854624,0.8108702301979065,0.18835684657096863,1393,401,0.9363885434050382,13.968232214762509,57.64866773718582
41,0.026136966422200203,0.793914794921875,0.1789073795080185,2420,331,0.8157497092433899,11.082150961122807,31.843683072040193
74,0.007936181500554085,0.9696722030639648,0.022281991317868233,2305,783,0.8776168539692142,16.029252988291326,23.70775135055205
