event id,p_spot,p_track,p_worm,x_coord,y_coord,width,length,azwidth
14,2.488441350578796e-05,0.0009273944888263941,0.9990466237068176,818,591,1.9363777155399933,5.355691500043215,28.656137807319592
16,0.0007642576238140464,0.973615288734436,0.025230426341295242,434,1685,0.8946453000796586,16.38797167963856,14.110649150731684
86,6.29861597190029e-06,0.979925274848938,0.01997685618698597,967,1393,0.7969826309918061,20.866065573357258,8.818455936106082
