event id,p_spot,p_track,p_worm,x_coord,y_coord,width,length,azwidth
4,0.0024455569218844175,0.863842785358429,0.12639781832695007,1319,1746,0.9546657308426568,4.075457619954732,3.858368892975728
11,-1.0,-1.0,-1.0,2572,96,0.9607505747581865,11.81595686105322,89.45275207508455
14,0.0015474500833079219,0.10819517076015472,0.8896790742874146,912,1026,0.892770806028597,10.57905615564062,3.5804037500824992
29,0.28755319118499756,0.5671256184577942,0.1433301419019699,76,1402,0.9427492468245287,16.619703690491267,121.19781402789806
41,0.007991996593773365,0.9724780321121216,0.01945812627673149,2436,873,0.8420876809930818,10.775432015527096,15.349449051536624
51,0.0001183768326882273,0.9525617957115173,0.04704854264855385,2059,689,0.8976742419379315,10.50720823246829,19.68653469788621
58,0.0032813430298119783,0.9561127424240112,0.03958342969417572,555,1603,0.9298501471155317,7.8697253627954495,2.9605217478952044
91,0.00028310948982834816,0.9818119406700134,0.01781444065272808,1701,201,0.8320976321020898,14.819187002217049,115.3954654857763
