event id,p_spot,p_track,p_worm,x_coord,y_coord,width,length,azwidth
26,2.2547887965629343e-06,0.9932551383972168,0.006738175172358751,800,1564,0.8914905147806523,10.580448133658953,6.100487710036895
65,0.00020949909230694175,0.9600875973701477,0.03965679183602333,1623,1609,0.8215986528117607,7.833802520212184,40.12754951514619
71,1.7631098671699874e-05,0.5170058608055115,0.48297610878944397,985,467,2.060197693486057,13.277557622057838,27.926195734354867
87,0.0014627913478761911,0.15373001992702484,0.8445162773132324,983,470,0.9965893434730557,15.491105829980594,196.2452394996565
