event id,p_spot,p_track,p_worm,x_coord,y_coord,width,length,azwidth
47,0.006760212127119303,0.052380409091711044,0.9408540725708008,524,348,2.307073252239428,18.035567182253036,52.11950753058757
