event id,p_spot,p_track,p_worm,x_coord,y_coord,width,length,azwidth
42,0.0007867533713579178,0.9290696382522583,0.056501053273677826,1961,337,0.9009158123107007,13.573386333010184,176.2037596273758
43,0.0017967929597944021,0.9128550291061401,0.06516049057245255,2201,866,0.9184771196325603,13.395587327369615,162.64228043499782
75,0.004218019545078278,0.6360464096069336,0.35759076476097107,492,1383,0.9436965968700198,15.048966403774186,34.696034528074605
