event id,p_spot,p_track,p_worm,x_coord,y_coord,width,length,azwidth
22,7.312904199352488e-05,0.9682594537734985,0.031589820981025696,569,468,0.8122117973260276,16.633748949283156,3.3304126206765123
25,0.00037444167537614703,0.9786273837089539,0.020949741825461388,1507,776,0.9508493555687865,16.987263651481303,0.9901446556954835
76,0.0005321823991835117,0.9894189834594727,0.009726294316351414,2407,534,0.8528842814733423,14.450538156322555,13.179513688055993
