event id,p_spot,p_track,p_worm,x_coord,y_coord,width,length,azwidth
30,5.730615981747178e-08,0.9994683861732483,0.0005298579344525933,2508,1664,0.8852522897482249,24.64071609614025,72.74565289745341
81,0.9965119957923889,0.001989421434700489,0.0014973239740356803,1873,93,0.9173725781112194,13.869194590764799,133.84085068779845
91,-1.0,-1.0,-1.0,2493,1940,0.9491344858662955,8.769674979731308,7.690248685627875
92,8.10481869848445e-05,0.9803615808486938,0.019535260275006294,2071,396,0.934585853225096,16.64808283230085,198.62033906031937
93,5.8906143749482e-06,0.9954349398612976,0.0038747063372284174,1741,1151,0.8860089257346043,17.042665042743582,33.2685891456223
