event id,p_spot,p_track,p_worm,x_coord,y_coord,width,length,azwidth
69,7.697663932049181e-06,0.9971018433570862,0.002887945855036378,1456,964,0.982659283496024,29.997834318947312,20.229441049558147
