event id,p_spot,p_track,p_worm,x_coord,y_coord,width,length,azwidth
13,0.06535132229328156,0.7957209944725037,0.11889879405498505,2126,1107,0.9264139945170728,7.735113297396662,1.180558244047276
