event id,p_spot,p_track,p_worm,x_coord,y_coord,width,length,azwidth
35,0.001435801386833191,0.9209285974502563,0.06604261696338654,2006,869,0.9179748277344777,8.13450675982133,1.0033717844671743
36,-1.0,-1.0,-1.0,2474,4,0.4759583976041723,1.7901097362449712,0.3874138285731036
41,1.2320890164119191e-05,0.040024787187576294,0.9599615931510925,1647,916,4.1756987193809225,7.454349946358977,23.020289219474066
50,6.032176679582335e-05,0.9838017821311951,0.00833818968385458,581,1161,0.8673049716438311,13.74306985710467,45.402492915412566
70,0.0011271624825894833,0.9108436107635498,0.029384393244981766,722,830,0.8518976674695361,11.050635040127819,9.520969974286976
81,0.0004438975884113461,0.9833278656005859,0.01599571295082569,504,1892,0.944111460849919,13.568741625900467,76.06503570971006
84,-1.0,-1.0,-1.0,163,1943,1.0200853546055269,7.5352433841918485,34.98512121066321
98,0.001817598007619381,0.888867974281311,0.04181753098964691,1813,1301,0.8439415543303019,7.443258089254816,4.769725125250086
100,0.7477452158927917,0.08120864629745483,0.17088082432746887,1554,277,0.8224760856066917,10.152182950032191,18.630290978566922
