event id,p_spot,p_track,p_worm,x_coord,y_coord,width,length,azwidth
15,0.0021132759284228086,0.9759690165519714,0.016410378739237785,113,1775,0.9653492640410752,15.83428831193452,137.00082730216658
51,0.017294127494096756,0.8293513655662537,0.15147589147090912,1785,191,0.7846384108811526,13.635837158563106,24.301479047022827
79,0.00035830074921250343,0.9112061262130737,0.017840208485722542,741,1083,0.9227382284458014,17.098736984924596,62.40705183569302
