event id,p_spot,p_track,p_worm,x_coord,y_coord,width,length,azwidth
8,0.9999990463256836,5.221718311076984e-07,4.847277068620315e-07,2307,1266,0.6130557882926109,0.6748914835807897,0.38819004803038
11,0.013147829100489616,0.8599005937576294,0.12123899161815643,832,217,0.9437132060357398,22.6628433854796,141.54523996879306
42,0.000599399209022522,0.8324723839759827,0.02994461916387081,1588,259,0.9334127022593641,17.522575452160286,93.17754093909414
67,3.126920546492329e-06,0.9816256761550903,0.018369954079389572,1934,300,1.0024148861363307,13.365057969000953,59.925241582450575
