event id,p_spot,p_track,p_worm,x_coord,y_coord,width,length,azwidth
4,-1.0,-1.0,-1.0,23,318,0.9066980441176136,15.274571477962645,180.61365253467292
19,8.841150702210143e-06,0.9977885484695435,0.0021954821422696114,978,54,0.934729609775888,11.006956080941434,26.715674914473663
37,0.5167074799537659,0.23191441595554352,0.23706623911857605,1793,265,1.017146404255663,9.397894932527652,3.427568239762028
42,0.00014415544865187258,0.9931082725524902,0.006689979694783688,606,250,0.8681422218222444,15.106492030591049,3.2979743371583514
55,5.5775850341888145e-05,0.9776046872138977,0.01643722876906395,570,423,0.8407995276458431,14.461158805275158,4.7769678754815095
63,0.7675753235816956,0.06210216134786606,0.04509086161851883,2446,1027,0.916339359565785,12.473567832869293,12.414426624931645
67,0.00425818283110857,0.8565959930419922,0.13458041846752167,95,282,0.8804923584938938,11.966028117916672,54.60256533221353
75,-1.0,-1.0,-1.0,5,348,0.9022989635869939,9.115917114879892,63.96921730868409
86,0.00016823857731651515,0.7955218553543091,0.20025481283664703,1939,753,0.8955510381055263,9.432993540224155,4.2579048642834465
