event id,p_spot,p_track,p_worm,x_coord,y_coord,width,length,azwidth
14,0.0001579764939378947,0.9667037129402161,0.033116526901721954,677,1392,0.8988099973937845,12.346704551891799,1.3959532484038446
29,4.240810994815547e-06,0.9696928262710571,0.030240831896662712,2528,366,0.9412596634638717,10.184822889187465,31.098700471262248
49,5.18625347467605e-06,0.001670420286245644,0.9983243346214294,1977,616,3.8698097115803063,17.164179388414645,25.663691187830956
