event id,p_spot,p_track,p_worm,x_coord,y_coord,width,length,azwidth
36,0.004523037932813168,0.28577566146850586,0.706815779209137,1716,1284,0.9220426926068903,9.941721254846197,22.514461626488856
45,0.3981078863143921,0.4430970549583435,0.1333906352519989,706,367,0.8766472935700764,8.57904598727418,10.770358371049278
88,0.0017958581447601318,0.7779467105865479,0.0710630714893341,654,676,0.9288045780497168,13.715761965916672,60.634956195097
