event id,p_spot,p_track,p_worm,x_coord,y_coord,width,length,azwidth
50,0.5028426051139832,0.2161327451467514,0.28020432591438293,791,1386,0.9865345637795755,37.88120479892491,580.0583228915349
