event id,p_spot,p_track,p_worm,x_coord,y_coord,width,length,azwidth
43,0.00010542925883783028,0.9854624271392822,0.014286388643085957,1336,210,0.9629320127643267,37.8470551313657,674.0634077590862
