event id,p_spot,p_track,p_worm,x_coord,y_coord,width,length,azwidth
2,-1.0,-1.0,-1.0,1863,13,0.9254380106962515,6.450503057172205,1.0405227152879113
12,0.0007155403727665544,0.09274934232234955,0.9058866500854492,790,1417,0.847640496738032,7.519485314639867,39.95027468027165
24,0.013220912776887417,0.05222729966044426,0.9340726137161255,1790,652,0.8364920314117197,8.435502276657576,9.32855693362069
26,0.06058273836970329,0.6728166341781616,0.23109100759029388,678,192,0.9320485170897774,10.59349291835611,6.9551250651189465
28,0.07110796868801117,0.8152957558631897,0.11326146125793457,410,473,0.8480350802496062,10.801212477782835,19.47100117085941
36,0.008519054390490055,0.3864609897136688,0.6033058762550354,238,1248,0.829045291256282,13.384606351192167,115.0644855466994
40,0.0001346719654975459,0.3570389151573181,0.6423422694206238,2018,1208,0.9644873114214598,12.352872216169558,71.67217701720578
69,2.0916057110298425e-05,0.9397146105766296,0.059896714985370636,1887,1412,0.932796737330158,8.21090525764044,33.43785464447181
97,-1.0,-1.0,-1.0,2494,16,0.708319612439509,6.030208606672133,1.1648345339797612
