event id,p_spot,p_track,p_worm,x_coord,y_coord,width,length,azwidth
72,4.606434958986938e-05,0.0033377420622855425,0.9966159462928772,2009,560,0.952742684268882,7.438922183774764,10.773196070698809
78,0.01060242298990488,0.4609009027481079,0.5265697836875916,301,940,0.8586223729675754,6.21236542234876,36.766163036578256
85,-1.0,-1.0,-1.0,1590,1914,0.9464255545646868,17.447941437450577,170.74703828689294
90,0.17634420096874237,0.4178163707256317,0.3937057852745056,702,986,0.9284618044164639,12.410045023926251,79.31157542295217
