event id,p_spot,p_track,p_worm,x_coord,y_coord,width,length,azwidth
19,8.630668162368238e-06,0.9942716360092163,0.005394441541284323,592,483,0.8305846800960354,14.247552250195593,23.687508618527794
31,-1.0,-1.0,-1.0,1227,1915,1.1604936539751398,18.554662990476263,186.96614614401685
38,0.0019793626852333546,0.34263673424720764,0.6463483572006226,588,1652,0.9383535962884716,16.93930635860486,173.6177169520292
61,0.003071656683459878,0.028730187565088272,0.9680743217468262,185,1742,0.9244812399042784,15.598005514630199,210.17173682664676
100,0.004911819938570261,0.4182285964488983,0.12945903837680817,906,913,0.8237882556359847,11.208325456640058,40.54160810914787
