event id,p_spot,p_track,p_worm,x_coord,y_coord,width,length,azwidth
26,5.8017976698465645e-05,0.9825682044029236,0.017149657011032104,1994,1110,1.4888268395545807,47.864321448716446,1563.841324178439
