event id,p_spot,p_track,p_worm,x_coord,y_coord,width,length,azwidth
14,0.0023700313176959753,0.30675607919692993,0.07630455493927002,1962,1462,0.8924208686728916,15.119896878609056,21.754927457438146
16,-1.0,-1.0,-1.0,1734,1939,1.135395471567474,8.238835064141494,2.8790573632932204
19,3.946852302760817e-06,0.9965636134147644,0.0032550219912081957,1436,1747,0.8854537599810408,14.94570238903997,9.0854611813532
22,-1.0,-1.0,-1.0,2590,1016,0.38762952399072453,0.6814216516171647,0.22663655338177713
41,0.005189118441194296,0.5822604894638062,0.3500432074069977,2410,281,0.8920770770481055,10.49423883654997,57.93793587794017
46,0.00014233354886528105,0.9618158936500549,0.0380060039460659,186,321,0.872214296504747,19.3192356147038,8.113049101309244
70,0.0663990005850792,0.4798651933670044,0.27542412281036377,1107,806,0.9732769146313214,13.027134711359508,32.47376389050601
79,1.0972860764013603e-05,0.8707522749900818,0.12921731173992157,1942,1874,0.9156207776762604,13.575584561672143,8.016989081138139
98,1.834251088439487e-05,0.9638969302177429,0.03599191829562187,1019,298,0.8511320004522975,9.324033428506661,38.79755716959756
