event id,p_spot,p_track,p_worm,x_coord,y_coord,width,length,azwidth
2,0.03923614323139191,0.7777240872383118,0.1794055700302124,2196,451,0.8799316130837621,4.080572941460978,1.0904505376832352
10,0.7335675358772278,0.20013517141342163,0.06213369220495224,593,35,0.9128384527924284,8.868259682743195,10.193888198208807
13,0.0007906457176432014,0.8273689150810242,0.1709238439798355,1085,931,0.8181773695905785,7.060051284230453,4.575148763074968
19,2.915587629104266e-06,0.994300365447998,0.005684321280568838,516,300,0.8832500314492542,6.56213516840979,9.032241757497712
64,0.24787846207618713,0.46673065423965454,0.23480211198329926,2092,966,0.918546020603594,5.582223853367073,0.9332012875443183
79,0.0001315104018431157,0.6391878724098206,0.3605309724807739,418,1643,0.9320705980009355,7.34260225751873,30.559582583277738
80,6.549428690050263e-06,0.009217718616127968,0.9907756447792053,2114,1206,1.0401513017866797,3.1611678175589195,1.6221692060093986
87,0.1372670829296112,0.5321034789085388,0.17092351615428925,1793,1034,0.8667377024352252,6.112181488130624,2.547382104629329
94,7.287284097401425e-05,0.4415743052959442,0.5583077669143677,654,1480,0.8941729254839387,6.003845962833478,5.516568689459225
