event id,p_spot,p_track,p_worm,x_coord,y_coord,width,length,azwidth
9,0.0011136221000924706,0.9154546856880188,0.08136206865310669,2294,1111,0.899396436147886,9.245826002326385,47.68228469462086
16,0.000673029338940978,0.9301749467849731,0.05733143538236618,2330,494,0.9618007775972076,6.617866448470936,10.383209202728175
35,2.245101859443821e-05,0.9731783866882324,0.026268411427736282,606,1271,0.9388982398823222,13.529066869357857,4.4298028625176675
73,1.2159614016127307e-05,0.9853794574737549,0.014546459540724754,189,1581,0.8631197194258021,4.81920519839636,8.49086279127323
89,0.00029039185028523207,0.9826834201812744,0.016496863216161728,534,1762,1.0289922163337526,8.570061809802752,12.323366526176414
97,0.00017366620886605233,0.9560660719871521,0.034882139414548874,1939,186,0.9499669797632851,5.861909036612808,10.343813175891732
