event id,p_spot,p_track,p_worm,x_coord,y_coord,width,length,azwidth
27,-1.0,-1.0,-1.0,1754,13,0.9220398859871018,3.588101676515667,0.8757118891504041
35,0.5544551610946655,0.17924639582633972,0.11690518260002136,1369,1747,0.9188821387852374,8.37616131573596,34.546445980215864
41,0.014565573073923588,0.7741503715515137,0.20935775339603424,363,1504,0.9384493634596394,9.894760411819966,61.223469423232686
60,0.01132943481206894,0.49339279532432556,0.4741903245449066,1044,387,0.955025243444494,5.317611611990292,5.650887680443398
82,0.007701232098042965,0.6290072202682495,0.32841798663139343,2383,337,0.9276025880651675,4.972300735469547,1.9090464555450155
