event id,p_spot,p_track,p_worm,x_coord,y_coord,width,length,azwidth
35,0.023456459864974022,0.010619932785630226,0.021405929699540138,1689,665,1.0086339868551983,9.961433901165476,12.168690275520104
