event id,p_spot,p_track,p_worm,x_coord,y_coord,width,length,azwidth
79,0.9994939565658569,0.0003260539087932557,0.00016673067875672132,904,1216,0.884749003195312,1.8134045755652992,1.1150725419225027
