event id,p_spot,p_track,p_worm,x_coord,y_coord,width,length,azwidth
16,0.001245187595486641,0.8730496764183044,0.05391174182295799,835,1439,0.9207059123715671,8.602165413533232,1.5551277842273041
