event id,p_spot,p_track,p_worm,x_coord,y_coord,width,length,azwidth
3,0.0002870541356969625,0.9357588887214661,0.061049044132232666,1494,285,0.9374429215037298,5.346887762182031,1.7905211398989682
