event id,p_spot,p_track,p_worm,x_coord,y_coord,width,length,azwidth
25,0.014253905974328518,0.540949821472168,0.40054377913475037,850,926,0.9596762839212848,6.729477981008508,8.95317261895501
28,0.00366850639693439,0.6387929320335388,0.35706427693367004,941,430,0.9087579721820772,5.625155482880792,31.642354222827574
36,0.03971370309591293,0.4038591980934143,0.5532205104827881,2254,270,0.9146044522565119,4.705788202047377,22.128306641977467
37,0.003945678938180208,0.8503466248512268,0.1440378725528717,1737,721,0.8491610660525271,5.805446661308286,30.36055131824544
48,0.007314641494303942,0.5983374714851379,0.39208221435546875,1716,1894,0.9059508564881041,4.253312806893308,8.526963625310282
85,0.03237411007285118,0.8066646456718445,0.1467544287443161,897,664,1.0563324325242778,8.525441260674965,53.49494469017863
96,0.00042090730858035386,0.8069325685501099,0.19208456575870514,1421,1725,0.9934527215914755,5.411625654969914,7.108163704098723
