event id,p_spot,p_track,p_worm,x_coord,y_coord,width,length,azwidth
47,1.237549713550834e-05,0.9952564835548401,0.004712080582976341,1330,712,0.881917756147453,16.03081129797778,207.157731817557
