event id,p_spot,p_track,p_worm,x_coord,y_coord,width,length,azwidth
29,0.2552190124988556,0.011500819586217403,0.7332633137702942,1627,882,2.257814139744644,423.29977501801164,17201.6756753631
