event id,p_spot,p_track,p_worm,x_coord,y_coord,width,length,azwidth
10,4.097535200031643e-09,3.2863987144082785e-05,0.9999669790267944,1505,1198,3.6215230369998057,14.890161830621622,221.54723907907703
