event id,p_spot,p_track,p_worm,x_coord,y_coord,width,length,azwidth
58,0.02961731143295765,0.31990188360214233,0.6503098011016846,1838,562,0.8894160448618018,8.498911460556661,15.065510904753964
67,0.00547366589307785,0.9201191663742065,0.07338348031044006,1319,1813,0.90304884544666,3.0227727561572806,0.8187908647466117
68,0.022250333800911903,0.8514158725738525,0.12553715705871582,1818,1119,0.8427955408170713,13.84974760579327,1.9104961632812154
74,0.00013280316488817334,0.9704290628433228,0.029365336522459984,1608,885,0.8863131882410125,5.536030781805165,1.9742627700180282
80,0.0685654953122139,0.5523004531860352,0.376623272895813,1775,787,0.8300147053614431,6.050533919835933,3.5316105255062533
96,0.0002205356431659311,0.9131343364715576,0.06263870745897293,2118,1409,0.898442845112269,6.091680884706903,5.172704944261647
97,0.0012773805065080523,0.9502546787261963,0.04841039329767227,1519,1668,0.8945122301965299,8.057876309046584,1.886467621738398
100,0.1847238689661026,0.5450257658958435,0.1920086145401001,2508,334,0.927907313963992,6.888371106433815,2.097234907346909
