event id,p_spot,p_track,p_worm,x_coord,y_coord,width,length,azwidth
21,0.5645043253898621,0.15714363753795624,0.27356505393981934,2131,1645,1.002684805630087,12.162225294812194,133.12308063619227
27,0.00022761123545933515,0.7522168755531311,0.24579808115959167,1801,706,0.8422519894773206,5.9335648857607755,6.1098064425160254
45,0.004185201600193977,0.1545000523328781,0.8408098816871643,1822,1819,1.0336430643047503,4.390085480720739,12.745976725261794
52,0.4317980110645294,0.34712332487106323,0.07530304789543152,1514,1671,0.8864523886820622,10.653905941680677,66.29355522446134
