event id,p_spot,p_track,p_worm,x_coord,y_coord,width,length,azwidth
41,0.0003268209402449429,0.4788741171360016,0.5201781988143921,2128,971,0.9873653961674803,5.7408672236240355,1.1649699476868098
50,0.8865269422531128,0.02727910690009594,0.0856132060289383,766,1678,1.5179359670649035,18.87162593102324,6.156673876424856
