event id,p_spot,p_track,p_worm,x_coord,y_coord,width,length,azwidth
42,0.0004827800439670682,0.9417849779129028,0.05692240223288536,1373,234,0.9553452229269499,5.016064129735902,8.268903500216792
