event id,p_spot,p_track,p_worm,x_coord,y_coord,width,length,azwidth
3,0.0017827103147283196,0.5246480107307434,0.4730416536331177,1343,921,0.8330472410849772,4.584273844598799,4.892127265564847
15,7.429566176142544e-05,0.9580159783363342,0.040851008147001266,1179,1810,0.9061233083505812,7.345924661909149,0.8500941805602827
46,4.468428232939914e-05,0.18854743242263794,0.8113927841186523,1564,700,0.944028461631659,4.781358102374649,17.42772771346346
62,2.6269308364135213e-05,0.9845549464225769,0.014517332427203655,1307,113,0.9408006100313464,21.971191546772623,459.7584125606383
65,0.0021989592351019382,0.9197095036506653,0.07780957967042923,724,1230,0.882154812274279,8.29642306134724,1.0447047872113568
70,0.11967235058546066,0.7072139978408813,0.1716097742319107,925,1096,0.8414029619651119,2.9970123809399842,2.5046777739255974
