event id,p_spot,p_track,p_worm,x_coord,y_coord,width,length,azwidth
6,0.002088237786665559,0.3366033136844635,0.6609386205673218,94,416,0.7895584059843873,7.364581115692711,0.7015191536676452
26,2.0139506887062453e-05,0.8681524395942688,0.13173936307430267,719,513,0.8978065825904238,5.89314297098687,14.232584176197438
36,0.0026095735374838114,0.9496392607688904,0.03666007146239281,740,854,0.9578873800854362,13.895215343040727,42.81424238065708
