event id,p_spot,p_track,p_worm,x_coord,y_coord,width,length,azwidth
11,6.037146158632822e-05,0.9798106551170349,0.019683489575982094,1344,693,0.902823198028462,5.178091540623924,1.4261729533696248
