event id,p_spot,p_track,p_worm,x_coord,y_coord,width,length,azwidth
23,9.915128430293407e-06,0.9820660948753357,0.01791573502123356,1484,1392,14.247272722261107,290.13371446347304,39198.541966949306
