event id,p_spot,p_track,p_worm,x_coord,y_coord,width,length,azwidth
14,-1,-1,-1,249,1913,1.1074968672423227,16.393385067305346,98.86147506923996
