event id,p_spot,p_track,p_worm,x_coord,y_coord,width,length,azwidth
8,6.532956467708573e-05,0.9521564841270447,0.04324101656675339,2080,1269,0.9373496271866698,6.330513734847082,2.0554873395793702
39,1.2670761861954816e-05,0.931891143321991,0.0680084377527237,1789,1242,0.9152870903549268,6.293755978807438,5.952384377827922
42,0.9289445281028748,0.05154495686292648,0.015389996580779552,656,1818,0.9668721543053929,9.005274873289034,15.8086469842456
46,0.030353199690580368,0.8154559135437012,0.14082136750221252,2294,1023,0.958961104682659,5.494278937893483,29.993397584668553
50,0.0006975971045903862,0.9439808130264282,0.054370492696762085,1834,894,0.883069373262004,7.603106951997674,40.330748809549576
60,0.08112378418445587,0.32659202814102173,0.5859389305114746,1144,547,1.0137363443426222,2.857956937138272,7.022173445857824
