event id,p_spot,p_track,p_worm,x_coord,y_coord,width,length,azwidth
6,-1,-1,-1,604,1936,1.1590077354639454,36.5980403688711,45.31025005091653
