event id,p_spot,p_track,p_worm,x_coord,y_coord,width,length,azwidth
29,0.004765179939568043,0.7351961731910706,0.1894632875919342,2163,542,0.9729779632547414,7.407876259120991,2.295347463685786
39,0.007362849079072475,0.8410125374794006,0.15105104446411133,159,643,0.8689619472941118,9.18423282615871,1.0230113273591273
53,-1.0,-1.0,-1.0,2566,853,0.8220614425646255,5.583635965974267,8.385179066724062
95,0.9999940395355225,1.7900089233080507e-06,4.068006091983989e-06,721,546,0.9470795394522138,1.5179266719248972,1.2298304209602628
