event id,p_spot,p_track,p_worm,x_coord,y_coord,width,length,azwidth
52,0.23614580929279327,0.6186649203300476,0.14366185665130615,1874,319,0.8989933042516217,3.1471200674514628,6.071688041966992
58,0.0002691764966584742,0.7541373372077942,0.24493156373500824,482,78,0.911977137591035,6.651960660577188,38.408621011704895
