event id,p_spot,p_track,p_worm,x_coord,y_coord,width,length,azwidth
18,2.5919434847310185e-05,0.9965439438819885,0.0026785254012793303,2264,542,1.437285745635896,22.978599194193105,70.52469841219188
