event id,p_spot,p_track,p_worm,x_coord,y_coord,width,length,azwidth
59,0.00031446153298020363,0.9725385308265686,0.02476809360086918,2547,667,0.719551728043104,16.534895112848233,188.3706802352848
