event id,p_spot,p_track,p_worm,x_coord,y_coord,width,length,azwidth
64,0.0014709148090332747,0.0030379891395568848,0.9954906105995178,2366,975,7.131643667879902,14.603115141369004,83.24658779672538
78,0.0002668504894245416,0.9857363104820251,0.011509706266224384,597,1482,0.918343901366196,35.138708545417984,648.8430228821674
82,0.03655337169766426,0.154486745595932,0.8084074258804321,2012,673,0.9715505940772854,31.5130079566086,1.038641893171051
85,0.0006140714976936579,0.7144966721534729,0.28280898928642273,177,1052,0.8851136426186403,40.091608285054114,1028.9807588762424
