event id,p_spot,p_track,p_worm,x_coord,y_coord,width,length,azwidth
10,0.22354821860790253,0.6902617812156677,0.0852493867278099,595,840,0.8420097515280884,20.344504266048556,152.9960039422736
21,0.030363041907548904,0.11408903449773788,0.8106933236122131,1560,375,0.9521432279730108,25.841385254410596,648.2657235729102
27,0.9415115714073181,0.0367526039481163,0.021620530635118484,2371,784,1.1200543388045936,113.08316303243207,7202.346516548243
47,0.7574591040611267,0.21699689328670502,0.025030964985489845,1496,1658,0.8869484334829261,25.20751268368917,287.07362919219037
63,0.0007451398414559662,0.9812532067298889,0.01735156774520874,2008,270,0.9237958184929516,24.8302511104005,610.3239063307718
65,0.01350126788020134,0.08824611455202103,0.8978658318519592,860,909,0.946232152373006,14.028537236544075,85.86973370279253
68,-1.0,-1.0,-1.0,2035,1937,0.9563180848514915,26.837826598019234,305.5876208959086
77,0.0004227750760037452,0.9846915602684021,0.014836188405752182,952,1448,1.7459316460811785,21.048101953057174,179.11428340480816
89,0.008660235442221165,0.8062095046043396,0.18212853372097015,377,392,0.9366370937543391,26.32978080466342,401.2782335251048
