event id,p_spot,p_track,p_worm,x_coord,y_coord,width,length,azwidth
10,0.011178500019013882,0.3901675045490265,0.5737504959106445,2346,480,0.9878745165185628,27.33275136504599,67.1113381235167
16,0.012085923925042152,0.28779688477516174,0.6647933721542358,307,1258,0.9037262859656079,24.223036474630057,537.3479107594746
37,0.000582006701733917,0.9204452037811279,0.02499757520854473,425,368,0.8771686099445317,25.368354018820074,216.59547605967566
42,0.052834272384643555,0.8383579254150391,0.059335678815841675,774,417,0.903219684733356,21.467765710536515,74.51471756712299
67,0.9699735641479492,0.009004422463476658,0.02099611610174179,1122,1757,0.9886531891760094,23.91614570834575,381.57111658887754
77,0.971510112285614,0.00038414623122662306,0.02810232900083065,510,607,1.0356875999126818,29.776868745486308,477.1992536150462
81,0.011305992491543293,0.036270033568143845,0.033018652349710464,1274,561,0.9574574395338168,19.183001510996046,52.10140417286284
95,8.514574005857867e-07,0.00204368494451046,0.9979536533355713,953,155,1.6085966704388137,17.60351833448882,7.50486832621193
96,0.0013707733014598489,0.807778537273407,0.12785781919956207,1365,534,0.9174329638797751,26.297995558421707,71.60533749364855
