event id,p_spot,p_track,p_worm,x_coord,y_coord,width,length,azwidth
10,0.00026293619885109365,0.9066058397293091,0.015650013461709023,1630,1870,0.9217191406250221,29.825421238443692,221.70358699874103
24,0.0003952057450078428,0.9733639359474182,0.024836523458361626,762,415,0.8839326583528457,25.578662987677767,6.888592299960202
28,4.2804444092325866e-05,0.9844022989273071,0.014122268185019493,640,1196,0.9040891535704072,23.57699668497003,227.49644378752402
40,-1.0,-1.0,-1.0,1002,1935,1.110233293143455,4.338963007394404,10.40004493687217
45,5.449071613838896e-05,0.9770734310150146,0.02231014147400856,1611,854,0.8326748465419829,26.188357649961112,16.677904120254745
60,0.024559900164604187,0.26406723260879517,0.707921028137207,217,1578,0.9383982131004303,26.940124459902314,560.0411216085097
99,-1.0,-1.0,-1.0,1911,1919,0.9120423917298999,30.2890227858387,224.51951394839358
