event id,p_spot,p_track,p_worm,x_coord,y_coord,width,length,azwidth
37,0.003217696212232113,0.9419315457344055,0.05447283759713173,1333,804,0.8832440914142494,16.71910683868297,212.8963836993192
