event id,p_spot,p_track,p_worm,x_coord,y_coord,width,length,azwidth
21,0.0010567842982709408,0.8940392136573792,0.08867117017507553,1015,905,0.8186189232464908,21.271700733098175,74.87807102716371
37,0.0007798441220074892,0.06552765518426895,0.9336384534835815,2099,434,0.9477882645876821,20.816920177907154,4.620006625630383
57,0.0046359882690012455,0.7292119264602661,0.26367542147636414,130,1121,0.8798128672247124,27.309086356206866,649.5903245552527
61,0.2051885575056076,0.6607473492622375,0.13335376977920532,1579,1326,0.8011254727869499,25.278412946473072,148.40238281157204
70,-1.0,-1.0,-1.0,1418,1941,1.2364722244002617,3.4782831524704965,6.537070296327472
