event id,p_spot,p_track,p_worm,x_coord,y_coord,width,length,azwidth
5,0.0006356954108923674,0.9694691300392151,0.02975340001285076,2396,46,0.7933512456221128,22.733511753520112,107.14548116962979
38,0.0011056900257244706,0.2392030507326126,0.758883535861969,947,1153,1.1459328247185299,43.142460616080314,201.6272582954123
41,2.2292229004960973e-06,0.9323010444641113,0.06769519299268723,695,1085,0.9167411448391446,47.316923669916214,388.022509300788
53,0.14668646454811096,0.017100000753998756,0.83619225025177,607,1743,1.4317508963048677,45.83992754746094,954.6928060365841
71,0.00020824544481001794,0.9692028760910034,0.030508162453770638,1822,847,0.8139202846713858,37.36429003800675,4.045744963498995
