event id,p_spot,p_track,p_worm,x_coord,y_coord,width,length,azwidth
19,7.373625521722715e-06,0.9970243573188782,0.002964617917314172,447,1362,0.8577935183187575,18.956283133649983,81.65383604083175
24,0.6242446303367615,0.24649076163768768,0.1291465014219284,1814,1526,0.8671075741104886,25.993343441864543,0.8886738935850376
27,0.006781258154660463,0.8423764705657959,0.15058232843875885,1028,98,0.9441226555672286,22.852395023044114,194.7997146519363
28,0.00034544029040262103,0.165841743350029,0.8334532976150513,2074,56,1.4003381115304816,8.139292083821916,12.003188628583375
42,2.6750126380648e-06,0.9940798878669739,0.005903128534555435,959,1287,0.8802614029400496,26.29678001430409,35.02728846863354
45,4.484567853069166e-06,0.9572368264198303,0.042753614485263824,265,334,0.7300823727145835,18.130602313875464,4.9159046297154285
76,0.25696641206741333,0.6852201223373413,0.05107666179537773,1536,1277,0.9549563694755787,21.125004380961823,1.299307144712457
