event id,p_spot,p_track,p_worm,x_coord,y_coord,width,length,azwidth
22,0.9479135870933533,0.005078537855297327,0.034028831869363785,2320,848,0.9385984868923337,39.88006660646727,184.03206506567872
26,0.0007840387988835573,0.7781689167022705,0.22002996504306793,2087,864,0.7565412596424764,38.34815190492223,61.35956792270017
59,2.505149950593477e-06,0.993026852607727,0.006716615054756403,674,1180,0.889351328307537,41.17837710334463,910.0690729567243
