event id,p_spot,p_track,p_worm,x_coord,y_coord,width,length,azwidth
10,5.578843229159247e-06,0.9917570948600769,0.0069730160757899284,2134,594,0.8610813915168822,22.547198666768264,19.157686516659563
31,1.5649773558834568e-05,0.9798634648323059,0.020112555474042892,1393,1069,0.8099261885206213,25.616873230836184,16.21892689784862
44,0.0014759193873032928,0.6784945130348206,0.31978246569633484,2273,993,0.8682557437829533,25.489730279964782,1.3504700921569583
56,0.0036845384165644646,0.8006869554519653,0.1932985931634903,2057,1344,0.8574312989817755,22.308376067588803,5.364176447991568
