event id,p_spot,p_track,p_worm,x_coord,y_coord,width,length,azwidth
24,2.5333200028399006e-05,0.9288983345031738,0.07070738822221756,809,1490,0.8977013438378052,24.287170156418355,132.92002061403144
34,4.616600199369714e-05,0.9719980955123901,0.027747947722673416,1538,1787,0.9041582119664898,30.386591956745995,333.74100721598785
57,0.00010047066461993381,0.9218942523002625,0.07770975679159164,1400,1005,0.9306691419967805,28.870560076338858,601.8494315861738
