event id,p_spot,p_track,p_worm,x_coord,y_coord,width,length,azwidth
5,0.0024678807239979506,0.8206386566162109,0.1738840937614441,695,1297,0.8574839601047022,42.39284088376214,169.064410327624
7,0.999991774559021,1.482889615544991e-06,6.6730826802086085e-06,281,1417,1.044192740526058,1.5063394549509777,1.0914187493532668
90,0.0012203226797282696,0.8473029732704163,0.14869852364063263,1124,42,0.8447528308534764,49.69355231003422,2418.061161036195
