event id,p_spot,p_track,p_worm,x_coord,y_coord,width,length,azwidth
5,0.09125173091888428,0.7551530003547668,0.15010806918144226,2080,1093,0.8871929087817798,25.805077330574967,272.69795173617604
12,0.6021945476531982,0.04202330857515335,0.35561296343803406,373,283,1.0067216346663914,31.546300266166586,263.6261341201749
22,1.579488184688671e-06,0.006794651970267296,0.9932036399841309,1759,1034,5.250348519765771,21.387736016970678,239.91113125122078
25,0.32728397846221924,0.540643572807312,0.13067522644996643,2156,270,6.332906483311912,1241.3172226087559,224503.0983669694
29,0.0003172217111568898,0.9524179697036743,0.04032614082098007,2331,751,0.9296545657455284,21.409754506389206,288.51866740452016
34,5.17754278916982e-06,0.9935291409492493,0.006457841489464045,387,1074,0.8632178130267766,29.691809773063756,2.184051001831772
74,0.00010575913620414212,0.9838621020317078,0.015875767916440964,1262,1814,0.8830907702492016,26.419394322374067,27.692508602039712
84,0.00014318553439807147,0.772373616695404,0.2273547500371933,311,255,0.8973703452913944,16.47073065909518,108.82004855349288
87,0.0008401981322094798,0.9564616680145264,0.042355045676231384,2200,699,0.8716522534714074,20.43336179687677,251.43560105323448
