event id,p_spot,p_track,p_worm,x_coord,y_coord,width,length,azwidth
31,6.591622877749614e-06,0.9987832903862,0.0012085911585018039,2111,1095,0.876635455187652,30.216817020079272,15.138963419793015
46,8.017470099730417e-05,0.9156413674354553,0.08371331542730331,2159,635,0.9277332541052636,6.303674844888619,11.389851461697585
