event id,p_spot,p_track,p_worm,x_coord,y_coord,width,length,azwidth
27,1.3530762998925638e-06,0.9869465827941895,0.013048260472714901,1068,883,0.8220117970983053,27.94439139422108,37.539745643929734
40,0.9997894167900085,3.644325988716446e-05,0.00017269093950744718,991,508,88.10452491887244,119.68274512797525,9663.024746995248
57,0.048503320664167404,0.730185329914093,0.21950510144233704,263,963,0.9401656137269238,25.41012802355725,67.46119063021767
88,0.024000978097319603,0.922051191329956,0.0532810315489769,435,961,0.9469248815526108,27.720891022164302,59.18536616745485
89,9.834431935473731e-09,8.784158853814006e-05,0.9999121427536011,601,1770,2.513587779848564,5.323605524991353,6.357108197906467
93,-1.0,-1.0,-1.0,1358,19,0.6625780679402422,11.780853525826327,89.33668511689267
