event id,p_spot,p_track,p_worm,x_coord,y_coord,width,length,azwidth
8,0.00010424290667288005,0.9776526689529419,0.018756765872240067,1036,889,0.9284487689039653,17.691538031961148,44.08061401367842
22,0.004783141426742077,0.9097459316253662,0.08470012992620468,1456,1408,0.8770343664106408,20.4426588457432,44.74055043950992
27,0.00020781843340955675,0.8641905784606934,0.13528506457805634,575,1563,3.5585374881820173,436.26586086894474,5492.9253254984005
38,1.1156786285937415e-06,0.9989032745361328,0.0010937689803540707,641,1893,0.8734299071933789,28.395714458799837,26.665776831972874
42,0.002264291513711214,0.8759790062904358,0.1212242990732193,1995,777,0.9087766208601675,21.944463041784488,176.6000093127324
62,4.170902684563771e-06,0.9964924454689026,0.003335796296596527,1017,529,0.8879383510468601,22.80842832257773,175.40377156859552
64,0.003132358193397522,0.8766738176345825,0.11996505409479141,2237,752,0.8488282777391551,22.367181281147488,217.09516626005097
79,6.199477411428234e-06,0.9560151100158691,0.04383934661746025,145,1772,0.8105793428071139,25.93745736383169,105.09715735687452
93,0.0035492239985615015,0.03475184366106987,0.9616972208023071,1919,1343,1.0832106480360866,27.374519635970337,73.48215396652363
