event id,p_spot,p_track,p_worm,x_coord,y_coord,width,length,azwidth
89,9.182826943288092e-06,0.9920841455459595,0.007903626188635826,815,474,0.8338896344217954,42.666925191476075,312.53298421685173
