event id,p_spot,p_track,p_worm,x_coord,y_coord,width,length,azwidth
38,0.0013671189080923796,0.7928302884101868,0.20532457530498505,1107,1864,1.0056186729112409,39.04265980459723,15.911753326145481
44,0.006719808094203472,0.03920195996761322,0.9540441632270813,1769,322,1.8679200829478524,62.607951824867,2213.692111985992
