event id,p_spot,p_track,p_worm,x_coord,y_coord,width,length,azwidth
8,0.00040745799196884036,0.8495414853096008,0.1499485820531845,122,1336,6.753790936156545,83.83081067337893,1849.5788729601225
9,0.0018048395868390799,0.6499322652816772,0.3479107618331909,1509,330,1.033790153551781,6.680767405308945,2.0992121148229472
32,0.002795581240206957,0.04731259122490883,0.02637803554534912,1483,1667,3.030974149405769,35.79275007653953,490.2858303232706
47,0.9650300741195679,0.0055411807261407375,0.028718603774905205,2114,1439,3.5593630920843444,62.6328050177406,1163.3197134597924
55,0.5932475328445435,0.005010337568819523,0.026072511449456215,1191,425,1.2538589632078285,7.4885753100921715,2.383698378851734
74,0.9954942464828491,2.5904779249685816e-05,7.161718531278893e-05,99,281,1.1442338950604887,2.195465983160882,3.40685914786521
