event id,p_spot,p_track,p_worm,x_coord,y_coord,width,length,azwidth
15,0.0001796056458260864,0.03140891343355179,0.9683964252471924,578,726,18.01549442218867,68.37814879614595,1642.0818821607713
17,0.00060063018463552,0.7525670528411865,0.24639670550823212,1062,943,18.279980818053392,34.23139294944811,837.406059755775
44,0.0029629117343574762,0.8995155692100525,0.09541825205087662,1505,1028,3.1120841172272935,22.918769310600332,380.65550703409735
46,3.287004437879659e-05,0.9945746064186096,0.005390285514295101,1889,305,1.2011937165697677,18.315635134751613,163.70165806170144
58,0.9934953451156616,0.0007507728296332061,0.001132533187046647,829,1682,1.188492874672181,3.879844019942072,1.706163838283526
85,0.0011034468188881874,0.8885614275932312,0.11028004437685013,166,1680,2.951227186793115,33.155855567863966,77.48178844500778
87,0.5580469369888306,0.19310717284679413,0.24785475432872772,2459,1771,3.471510435224892,24.98731315529464,88.40908994656094
91,0.5548153519630432,0.02692878618836403,0.41821053624153137,2009,1113,3.2690641102119193,32.666667632364145,651.3576695059214
100,0.0027167631778866053,0.7726477384567261,0.22402848303318024,1597,157,12.634743705650978,52.66664320253806,168.96785115035553
