event id,p_spot,p_track,p_worm,x_coord,y_coord,width,length,azwidth
12,0.9973905682563782,0.000249107921263203,0.0008792924927547574,1145,259,1.2516357871675128,3.8582799998480537,14.73445565400437
39,0.013099580071866512,0.016596725210547447,0.4934206008911133,2012,165,1.2028422036404849,9.212457843511094,78.03925958208276
46,0.021324781700968742,0.07205801457166672,0.906580924987793,2301,1509,1.3203424289976688,23.50074609876624,427.4466160378563
67,0.22431278228759766,0.12220822274684906,0.11682548373937607,1930,1721,1.2728013409387193,12.552804204753743,65.83364917569807
84,0.13616271317005157,0.4987059533596039,0.36310943961143494,2458,409,0.9260095902198676,2.783346478147437,7.710396376893026
98,0.0029796643648296595,0.07751674205064774,0.9189977645874023,1289,298,1.2214551223787016,5.062911631896915,24.13797418852132
100,0.9844775199890137,0.004120652563869953,0.01129691582173109,1533,893,1.30425179129862,2.1687705790267073,4.518153979973767
