event id,p_spot,p_track,p_worm,x_coord,y_coord,width,length,azwidth
2,-1.0,-1.0,-1.0,2021,22,0.8787260106239637,8.266727427533914,14.09837053987675
13,0.00777497747913003,0.0027941951993852854,0.004960889462381601,229,1876,1.2275715179059459,11.139412806244673,102.07972075314143
26,1.2024358397866308e-07,0.998684823513031,0.0013123613316565752,1871,303,1.040260549665043,12.786426518274354,44.154083947377465
32,-1.0,-1.0,-1.0,2157,13,3.3074982938855473,39.14384062225181,407.8367304509205
50,0.02620914950966835,0.2838071584701538,0.5441170334815979,2438,90,1.6748591525803018,16.086737909589907,17.512002857415837
54,-1.0,-1.0,-1.0,1569,3,14.439273977447838,53.21895931451476,2820.9757822705774
80,-1.0,-1.0,-1.0,1897,20,2.7972780056530753,11.576652725744065,100.17153678596168
