event id,p_spot,p_track,p_worm,x_coord,y_coord,width,length,azwidth
14,9.01752983395454e-09,0.0013664097059518099,0.9986334443092346,2077,207,1.8071277710896116,13.722110025624398,166.30537914206633
25,0.001770558999851346,0.8390332460403442,0.158400297164917,979,109,1.6613422800083497,9.065723753006349,82.07187837200925
48,0.12344063818454742,0.07408734411001205,0.8018462657928467,227,533,1.7058057293571307,18.70892680496895,274.07023921751903
54,0.008860562928020954,0.8565001487731934,0.13421662151813507,1670,1681,2.86931836926491,33.931837671492985,817.8822737880439
81,6.550138641614467e-05,0.9793168902397156,0.02054169587790966,520,1790,0.9460349952639481,14.924299826930074,123.79219079812803
96,0.5297959446907043,0.00730443699285388,0.027028482407331467,2069,1773,1.2605781976423536,4.479650242879178,6.357780335768224
