event id,p_spot,p_track,p_worm,x_coord,y_coord,width,length,azwidth
23,0.0012614676961675286,0.9147005677223206,0.08373503386974335,2320,1850,1.127871402570381,24.002479907004506,28.155544964875602
50,0.0014636577107012272,0.9371364116668701,0.06128482148051262,2460,490,3.0727056261419476,53.97226522234334,2912.3226038826006
53,0.0001814825227484107,0.9168486595153809,0.08296853303909302,618,1888,1.038888667144596,23.499242645632222,99.12836742291233
56,6.99750501098606e-07,0.00043163986993022263,0.9995676875114441,1148,1533,20.287043357235007,47.60069191665696,1676.419922721946
59,1.4677003491669893e-05,0.006538210436701775,0.9934468865394592,2250,1231,1.236426206314995,18.058717834126742,114.88024519692027
74,0.011135222390294075,0.35909685492515564,0.07041517645120621,1376,1862,1.1954906814920527,9.063911962826781,1.4450032494591145
87,0.00013101637887302786,0.8492688536643982,0.15047356486320496,2515,693,0.9584264002344723,4.797698839970808,19.23987863993477
