event id,p_spot,p_track,p_worm,x_coord,y_coord,width,length,azwidth
12,0.00596510199829936,0.5663294792175293,0.4269718527793884,99,887,1.1837274488824512,11.302221997467045,39.150059575947296
32,8.626476528661442e-07,0.9703913331031799,0.029606321826577187,2509,1603,4.947715301007984,120.10322588584557,427.36440025864425
33,6.258107168832794e-05,0.9956386685371399,0.004298251587897539,2389,136,4.504537147478656,81.98201525700738,3705.134920486931
47,0.02660255692899227,0.549681544303894,0.42232272028923035,1738,361,39.471815911356316,109.12866625669072,8406.900986227141
65,-1.0,-1.0,-1.0,1320,5,0.4301309324778358,3.348324276697149,5.197784658976289
93,0.011291291564702988,0.17671184241771698,0.8116998076438904,1360,992,2.1846859430163863,6.752383810019894,31.46273401296022
96,8.533077675565437e-07,0.9972099661827087,0.002783937845379114,1415,255,4.310862302414118,27.508447339482196,102.68298881650865
98,0.0054300399497151375,0.582747220993042,0.4114433228969574,2462,227,1.0756344769788635,9.385914844273861,21.924845611994176
