,event id,width,length,azwidth,p_spot,p_track,p_worm
0,79,1.0086014952904363,1.2749613382962124,1.2323388445685104,0.9999269247055054,2.623593536554836e-05,4.666822496801615e-05
