,event id,width,length,azwidth,p_spot,p_track,p_worm
0,25,0.21030066391518826,1.1822589853874823,0.733560835808845,0.14627599716186526,0.35785025358200073,0.38404330611228943
