,event id,width,length,azwidth,p_spot,p_track,p_worm
0,45,1.4602458294014389,9.348583857303508,80.40583464692747,0.0023495133500546217,0.8878322839736938,0.10973050445318222
