,event id,width,length,azwidth,p_spot,p_track,p_worm
0,7,1.2352449712498137,2.7466876988748576,7.212275020133588,0.0007752369856461883,0.005781560204923153,0.9934424161911012
1,95,2.9809863870848288,11.466502341063794,55.65896356189985,0.8849281072616577,0.021118398755788803,0.03720396757125855
