,event id,width,length,azwidth,p_spot,p_track,p_worm
0,26,0.28644124593580844,1.2193105034744252,0.2179161645216778,0.21819433569908145,0.3507682681083679,0.27970966696739197
