,event id,width,length,azwidth,p_spot,p_track,p_worm
0,18,0.9110915967796313,1.1482165038903491,1.154148037567212,0.9999082088470459,7.638722308911383e-06,8.393244934268296e-05
1,20,1.7330472713906178,6.184134078393872,3.019142466565284,4.265816460247152e-05,0.004821310751140118,0.995133101940155
2,49,3.124083445813824,9.05395141725004,62.30485830444993,2.180120873163105e-06,0.007835782133042812,0.992144763469696
3,56,5.034416880141364,6.909661051641339,42.58886555749315,3.46041040266698e-09,6.124051196820801e-06,0.9999939203262328
