,event id,width,length,azwidth,p_spot,p_track,p_worm
0,97,3.1452119287695317,11.258368020224873,126.4426608445937,3.8048533768098025e-10,2.1155842659936752e-06,0.999997854232788
