,event id,width,length,azwidth,p_spot,p_track,p_worm
0,39,1.0296905155502365,8.851738432526853,38.454411291516855,0.0041857827454805365,0.221929594874382,0.7713428735733032
