,event id,width,length,azwidth,p_spot,p_track,p_worm
0,6,0.7967242103461049,0.9022995748101932,0.7641609061363666,0.9999998807907104,3.7132036112552675e-08,7.41240100410323e-08
