,event id,width,length,azwidth,p_spot,p_track,p_worm
0,2,0.578109498266036,6.149697777160858,1.6090062454391425,0.00016160283121280372,0.4674930572509766,0.5317785143852234
1,15,0.3303115590783087,15.308940280978911,19.61335998100708,0.051736362278461456,0.8827028870582581,0.05947663635015488
2,16,115.26613987721431,172.0545961187629,21690.38325787406,0.0031633162871003147,0.016632530838251114,0.9802025556564332
3,19,0.6786494526816356,2.3592373673660854,0.5415790965484404,0.007378903217613697,0.240424320101738,0.7454144954681396
4,31,0.3970475083573132,8.384183683031216,38.36902323383821,0.005659328773617744,0.9045825004577636,0.08784239739179611
5,38,0.6151973404280058,5.384630941784148,1.1904072235046912,0.000904199783690274,0.22292520105838776,0.7721524834632874
6,42,0.4365189506198837,4.51878063842141,5.226139111291904,1.0688367183320224e-05,0.9608080983161926,0.03914780169725418
7,72,0.7793940423310558,4.7513854406766365,4.6159836122504325,0.00021357787773013115,0.2401542067527771,0.7595916390419006
8,92,0.4227509981516581,13.456314056021421,40.352538528164686,-1.0,-1.0,-1.0
