,event id,width,length,azwidth,p_spot,p_track,p_worm
0,16,0.5209463031500621,22.111910713589374,8.95585028495653,0.0015127008082345126,0.8817496299743652,0.0738014429807663
