,event id,width,length,azwidth,p_spot,p_track,p_worm
0,7,0.366734540663504,4.612685010038737,2.3850732991502523,0.002628599526360631,0.8842063546180725,0.1128941923379898
1,10,0.932635862500448,8.326448181592715,6.163559743768983,0.0014067082665860653,0.7904053926467896,0.20693330466747284
2,64,0.3635650767840315,10.40297314457484,0.8513555425361717,0.0358799584209919,0.3449511229991913,0.16115900874137878
3,76,0.4351077937420772,16.425286988879318,40.393008802710064,0.006192721426486969,0.8155961036682129,0.15538951754570007
4,83,0.2224830881489212,3.661926375856184,7.398192200880429,0.002302861772477627,0.834682285785675,0.03066069632768632
