,event id,width,length,azwidth,p_spot,p_track,p_worm
0,14,0.5907140190049875,6.3063427724429415,0.5708041622958422,0.00015797649393789467,0.966703712940216,0.033116526901721954
1,29,0.6716535142136137,8.05360186316181,19.331924225718808,4.240810994815547e-06,0.9696928262710572,0.030240831896662712
2,49,2.9991887960195776,15.24503374755061,14.940532178163815,5.186253474676049e-06,0.0016704202862456439,0.9983243346214294
