,event id,width,length,azwidth,p_spot,p_track,p_worm
0,14,0.28994027190620225,6.821984676477856,4.284980916569334,0.0023700313176959753,0.30675607919692993,0.07630455493927002
1,19,0.4355264211959136,11.759966638233044,5.007219357679946,-1.0,-1.0,-1.0
2,41,0.4194142142057202,6.519038523893562,21.93097068564923,3.946852302760817e-06,0.9965636134147644,0.003255021991208196
3,46,0.34966378433825035,16.71940882674231,3.2527676625365247,-1.0,-1.0,-1.0
4,70,0.4189914289858304,9.484041173652344,16.892507031764627,0.005189118441194296,0.5822604894638062,0.3500432074069977
5,79,0.6323631618106899,8.86734344653339,3.4239178827661365,0.00014233354886528102,0.9618158936500548,0.0380060039460659
6,98,0.5920028123940312,4.755970613969108,10.034751371250756,0.0663990005850792,0.4798651933670044,0.27542412281036377
