,event id,width,length,azwidth,p_spot,p_track,p_worm
0,4,0.3917171788208487,17.90973296723245,252.67651435561584,-1.0,-1.0,-1.0
1,19,0.4855879972762698,10.576752694296898,23.595247806946663,8.841150702210143e-06,0.9977885484695436,0.0021954821422696114
2,37,0.6947886150231614,10.031585725235294,3.034595440138176,0.5167074799537659,0.2319144159555435,0.23706623911857605
3,42,0.368132409162497,11.685936293789089,1.394256279783322,0.00014415544865187258,0.9931082725524902,0.006689979694783689
4,55,0.4166979639393216,5.4796739659607505,0.7648713955769016,5.5775850341888145e-05,0.9776046872138976,0.01643722876906395
5,67,0.5788947776885712,1.000712528537395,0.5385252956024692,0.7675753235816956,0.06210216134786607,0.04509086161851883
6,75,0.7803379658879317,3.0464326458928634,7.265233520701503,0.00425818283110857,0.8565959930419922,0.13458041846752167
7,86,0.5313057489045419,5.094013336294184,1.464787895015083,-1.0,-1.0,-1.0
