,event id,width,length,azwidth,p_spot,p_track,p_worm
0,14,2.0355397869984646,26.028908242710074,621.1184906300742,0.0013103305827826262,0.026466440409421917,0.9722036719322203
1,63,0.7420550432532218,8.789371290442817,3.2522359490266517,0.4025838375091553,0.1676820069551468,0.04833267256617546
2,71,0.14378074122607398,1.3373672864049,0.04807650277967882,0.032729752361774445,0.01798924058675766,0.9492456316947936
3,74,0.7240829154589977,7.761726946647407,4.988383776676847,0.7746148705482483,0.12194394320249555,0.034519147127866745
4,76,0.6221096360767346,7.435966066903068,4.267111163837739,0.0002281538618262857,0.03264473378658295,0.9671087861061096
5,86,0.6112827372225316,5.340343713659053,2.5548824461302657,0.004063631873577833,0.07626169919967651,0.9196434020996094
6,90,0.4109948066513196,10.201363676290008,26.114829437751716,0.0001729939685901627,0.15412293374538422,0.8454862833023071
7,91,0.6459698936987845,4.132695132008165,2.087390688729576,0.004705649334937334,0.2793271839618683,0.10000772774219513
8,95,0.4372737755157183,5.253382289819443,11.873736816480815,0.0008724771323613822,0.062318146228790276,0.9366068840026855
