,event id,width,length,azwidth,p_spot,p_track,p_worm
0,69,0.4885700068804846,29.645588543659372,60.705724220677745,6.325526101136347e-06,0.9960779547691344,0.002192750107496977
