,event id,width,length,azwidth,p_spot,p_track,p_worm
0,16,0.8562441320076346,4.052851527964349,2.4285560835353377,0.0008490335312671959,0.028229499235749245,0.9707075357437134
1,29,0.6588085719278846,14.922406912596806,65.76656530389117,0.0007045234087854624,0.8108702301979065,0.18835684657096866
2,41,0.4998360608983417,0.7844835490691561,0.28994281867932503,0.026136966422200203,0.793914794921875,0.1789073795080185
3,74,0.4156181250567478,11.991678067813348,12.900062450386233,0.007936181500554085,0.9696722030639648,0.02228199131786824
