,event id,width,length,azwidth,p_spot,p_track,p_worm
0,19,0.4311075053645975,10.619719195321183,108.13117858268991,0.0012364651774987578,0.6098805665969849,0.3871273994445801
1,44,0.0,0.4964540310972883,0.24643975237366555,-1.0,-1.0,-1.0
2,75,0.4330614605732892,5.675061670902858,32.203648500247404,0.07571205496788025,0.2481524050235749,0.6755239367485046
3,79,0.2455233690522625,6.451851245850773,39.630313053873216,0.0004394283751025797,0.9484726786613464,0.04920979589223862
4,83,0.2877690987506977,3.953906611189492,14.914176009315375,0.05813668295741081,0.7233959436416626,0.21723750233650208
5,86,0.4685526153380512,4.226261932787593,17.7262053128722,0.0003127832314930856,0.9779755473136902,0.021558012813329697
6,96,0.35440320378932394,7.409170469069108,54.88766573454004,-1.0,-1.0,-1.0
7,100,0.3678366751469389,8.430552925470561,58.084032917803285,0.03528638929128647,0.644628643989563,0.2812277376651764
