,event id,width,length,azwidth,p_spot,p_track,p_worm
0,72,0.7732527586803102,7.162214423659574,10.419058041949524,4.606434958986938e-05,0.0033377420622855425,0.9966159462928772
1,78,0.5504305646067191,5.165619255029633,25.32314736473927,0.01060242298990488,0.4609009027481079,0.5265697836875916
2,85,0.5977753496394916,15.340629243990376,130.78935346903714,-1.0,-1.0,-1.0
3,90,0.5148948666821417,13.581645157540185,95.73565570809014,0.17634420096874234,0.4178163707256317,0.3937057852745056
