,event id,width,length,azwidth,p_spot,p_track,p_worm
0,81,0.9883021470606572,10.745716593942973,112.82316203891642,0.1576261967420578,0.0030041872523725037,0.8393668532371521
