,event id,width,length,azwidth,p_spot,p_track,p_worm
0,39,0.38171211594239707,0.7567230046737048,0.20132166900301868,0.999992609024048,4.183493729215115e-06,3.177978442181484e-06
1,86,0.3946085991862723,11.707472902740548,64.99311105267074,1.3359433978621382e-05,0.9935083389282228,0.006311049684882164
2,94,0.6218471873614548,8.533992019060012,44.472741369371796,0.00016829783271532506,0.5150938034057617,0.4843124747276306
