,event id,width,length,azwidth,p_spot,p_track,p_worm
0,4,0.449672410756367,1.7230372664548883,0.7901458602477258,0.002445556921884417,0.8638427853584291,0.12639781832695007
1,11,0.2759695863821076,14.62755700209312,137.02433943360342,-1.0,-1.0,-1.0
2,14,0.6982034033537067,7.209631606658128,1.7691347890153883,0.001547450083307922,0.10819517076015472,0.8896790742874146
3,29,0.5218218408917227,17.577883225939182,134.71219590585682,0.2875531911849976,0.5671256184577942,0.1433301419019699
4,41,0.256855219904126,2.245656231062986,0.6435708348941203,0.007991996593773365,0.9724780321121216,0.01945812627673149
5,51,0.4149091886444691,10.524361526868963,18.35137144849028,0.0001183768326882273,0.9525617957115172,0.04704854264855385
6,58,0.19520609786933865,6.343012857709351,0.9039807501187792,0.0032813430298119783,0.9561127424240112,0.03958342969417572
7,91,0.3528320060447266,2.9276865368254725,4.2608528074281535,0.00028310948982834816,0.9818119406700134,0.01781444065272808
