,event id,width,length,azwidth,p_spot,p_track,p_worm
0,10,2.4126264461623085e-05,1.581022595540224,0.3636054102258099,0.036235958337783813,0.8121510148048401,0.0759010761976242
1,23,0.12647963734302886,11.136737359860053,104.41965233743211,0.00397521210834384,0.8079566359519958,0.04299477860331535
2,33,0.4706999663604159,16.625598404519966,3.539871058471572,0.000461832620203495,0.9801751971244812,0.018924526870250702
3,78,0.5151560501579399,15.611800469452302,174.57948440303716,0.01028389111161232,0.5828886032104492,0.4054132401943207
