,event id,width,length,azwidth,p_spot,p_track,p_worm
0,9,3.6148205574357,67.87258569711206,2188.5649658196094,0.0017498433589935305,0.6581507921218872,0.3388310968875885
1,36,0.32632053144219,7.145506714407537,49.88802263579175,0.005966068711131811,0.8383502364158629,0.15422432124614716
