,event id,width,length,azwidth,p_spot,p_track,p_worm
0,22,0.4667670176211616,7.450674721282357,0.6335064241973556,7.312904199352488e-05,0.9682594537734984,0.031589820981025696
1,25,0.5842760396916816,20.041117590146747,0.4500609015294004,0.00037444167537614703,0.9786273837089542,0.020949741825461388
2,76,0.2758910465651246,2.0703308883712745,0.391151002101807,0.0005321823991835117,0.9894189834594728,0.009726294316351414
