,event id,width,length,azwidth,p_spot,p_track,p_worm
0,7,0.30892058179025805,6.6406431187698844,6.854757210742383,0.0004403097846079617,0.9465056657791138,0.051112182438373566
1,20,0.1191344643677726,3.223333346107645,2.330217993615147,0.001259951968677342,0.9509655833244324,0.0358046218752861
2,44,0.548767408273569,7.4181337818940625,31.623761167644464,9.779329047887588e-06,0.9404981732368468,0.05931080132722855
3,50,0.1788962121896528,10.55992463246645,7.4530990883559465,0.03277774527668953,0.8056495189666748,0.15671761333942413
4,71,0.4102150569181361,7.952662248819323,31.72404047073977,6.429460427170853e-06,0.9978741407394408,0.00195335503667593
