,event id,width,length,azwidth,p_spot,p_track,p_worm
0,47,1.5840235938367502,9.301960394444304,20.067616745166163,0.006760212127119303,0.05238040909171104,0.9408540725708008
