,event id,width,length,azwidth,p_spot,p_track,p_worm
0,26,0.6838392761011965,39.13620885061072,1003.6643106148108,5.801797669846565e-05,0.9825682044029236,0.017149657011032104
