,event id,width,length,azwidth,p_spot,p_track,p_worm
0,42,0.43888927644971776,2.8483890380664016,7.6609742581382525,0.0007867533713579178,0.9290696382522584,0.05650105327367784
1,43,0.4018585308635924,9.361681230107283,79.5631953682299,0.001796792959794402,0.91285502910614,0.06516049057245255
2,75,0.5593176056669178,10.210174696393887,16.374973853114682,0.004218019545078279,0.6360464096069336,0.3575907647609711
