,event id,width,length,azwidth,p_spot,p_track,p_worm
0,35,0.4380227606748467,8.612748293545799,0.2859510428248266,0.001435801386833191,0.9209285974502563,0.06604261696338654
1,41,2.8310671470832487,6.221425703379243,18.86218863409811,-1.0,-1.0,-1.0
2,50,0.3802361618976036,4.935362550730592,6.1473042851172295,1.2320890164119193e-05,0.04002478718757629,0.9599615931510924
3,70,0.2683404030266173,3.501476624723539,1.073266135764395,6.032176679582335e-05,0.9838017821311952,0.00833818968385458
4,81,0.5391123242057844,15.483766645747412,99.14261162825971,0.0011271624825894833,0.9108436107635498,0.02938439324498177
5,98,0.4057549971048415,2.064244793992194,0.4766541379188234,0.0004438975884113461,0.9833278656005859,0.01599571295082569
6,100,0.42668818847358986,0.5040410724580685,0.22349935272523824,-1.0,-1.0,-1.0
