,event id,width,length,azwidth,p_spot,p_track,p_worm
0,7,0.6388783102589111,2.483177618155089,0.4240758787307862,0.006448020692914724,0.7749677896499634,0.21234934031963348
