,event id,width,length,azwidth,p_spot,p_track,p_worm
0,23,0.7465233765313017,5.305017504814226,20.796783531955427,0.0001807240187190473,0.7526373863220215,0.24706685543060306
1,73,0.6539552741366282,19.672290669108037,326.1488482024565,0.9944229722023008,0.0007069273269735278,0.004685934167355299
2,92,0.33878959980820883,2.2343365341210295,4.948909823517298,0.2007642537355423,0.6083880066871643,0.1887226551771164
