,event id,width,length,azwidth,p_spot,p_track,p_worm
0,14,1.812332106946888,4.3831106075508295,19.207840126631545,2.488441350578796e-05,0.000927394488826394,0.9990466237068176
1,16,0.3067229365396988,10.366806269285227,5.7732373320820844,0.0007642576238140464,0.973615288734436,0.025230426341295242
2,86,0.4521018487347251,7.872093670978777,1.1967034646221282,6.29861597190029e-06,0.979925274848938,0.01997685618698597
