,event id,width,length,azwidth,p_spot,p_track,p_worm
0,26,0.4148630603834679,7.029184102726541,2.5579253358363974,2.2547887965629343e-06,0.9932551383972168,0.00673817517235875
1,65,0.479404053472329,6.350014434066112,26.014263130402234,0.00020949909230694167,0.9600875973701476,0.03965679183602333
2,71,1.1923763063489687,9.773609175720347,21.279859821577435,1.7631098671699874e-05,0.5170058608055115,0.48297610878944397
3,87,0.731902137586887,15.384858264884615,191.0170603824369,0.0014627913478761911,0.15373001992702484,0.8445162773132324
