,event id,width,length,azwidth,p_spot,p_track,p_worm
0,19,0.5480254975974681,3.2510056561520853,1.4246447873408168,8.630668162368238e-06,0.9942716360092164,0.005394441541284323
1,31,0.3045246573726009,22.635937822914205,277.5263805201197,-1.0,-1.0,-1.0
2,38,0.5821190240681602,13.68353422783528,112.73976371166422,0.0019793626852333546,0.34263673424720764,0.6463483572006226
3,61,0.7543869158226622,11.716689489864391,117.6733072447719,0.003071656683459878,0.028730187565088283,0.9680743217468262
4,100,0.3746332916136175,3.9806095654662688,5.8305125129596105,0.004911819938570261,0.4182285964488983,0.12945903837680814
