,event id,width,length,azwidth,p_spot,p_track,p_worm
0,43,0.4261713123251401,27.04547502537209,323.32529185919367,0.00010542925883783029,0.9854624271392822,0.014286388643085957
