,event id,width,length,azwidth,p_spot,p_track,p_worm
0,30,0.3716048293291595,12.949587998380975,19.156138580119368,5.730615981747178e-08,0.9994683861732484,0.0005298579344525933
1,81,0.4133916339244703,13.924848641159878,133.67573510441653,0.9965119957923888,0.001989421434700489,0.0014973239740356805
2,92,0.6398625943285242,17.370656370252984,216.0299508418832,-1.0,-1.0,-1.0
3,93,0.2795908673663947,10.210614397631645,10.621397414298123,8.104818698484449e-05,0.9803615808486938,0.01953526027500629
