,event id,width,length,azwidth,p_spot,p_track,p_worm
0,15,0.09281776056631068,8.290138338579968,42.46611064512865,0.0021132759284228086,0.9759690165519714,0.016410378739237785
1,51,0.4681682476721058,3.258758304240877,1.5613889057300503,0.017294127494096756,0.8293513655662537,0.15147589147090912
2,79,0.21506599991777828,4.491117267377148,4.63959671717529,0.00035830074921250343,0.9112061262130736,0.017840208485722542
