,event id,width,length,azwidth,p_spot,p_track,p_worm
0,50,0.5067096017349854,30.180063641952863,392.5980318668548,0.5028426051139832,0.2161327451467514,0.2802043259143829
