,event id,width,length,azwidth,p_spot,p_track,p_worm
0,45,0.15462011433251793,6.138030916287818,4.8691779610775825,6.759561983926687e-06,0.9936610460281372,0.0063106268644332894
