,event id,width,length,azwidth,p_spot,p_track,p_worm
0,2,0.465632561498945,3.983046067278005,0.2458980890288865,-1.0,-1.0,-1.0
1,12,0.6700127395326739,3.568954225410352,9.384047744568203,0.0007155403727665544,0.09274934232234956,0.9058866500854492
2,24,0.7504728436624827,3.49126412584152,1.9147856602487048,0.013220912776887415,0.05222729966044426,0.9340726137161256
3,28,0.3834008625940069,6.228834055834428,6.47492550310076,0.060582738369703286,0.6728166341781616,0.2310910075902939
4,36,0.28303821679883395,9.381699153288274,56.363719758522855,0.07110796868801117,0.8152957558631897,0.11326146125793456
5,40,0.6504549670016839,12.134878634865807,68.75583460227989,0.008519054390490055,0.3864609897136688,0.6033058762550354
6,69,0.4439116992857354,8.525302823266692,35.85291130280871,0.0001346719654975459,0.3570389151573181,0.6423422694206238
7,97,0.4972824258543444,6.154507969028343,0.9615423148942877,2.0916057110298425e-05,0.9397146105766296,0.059896714985370636
