,event id,width,length,azwidth,p_spot,p_track,p_worm
0,69,0.6161683726682896,6.537543735800357,1.2259113604423846,7.697663932049181e-06,0.9971018433570862,0.0028879458550363783
