,event id,width,length,azwidth,p_spot,p_track,p_worm
0,36,0.6167027593872522,6.031146806776077,8.872284679461819,0.004523037932813168,0.28577566146850586,0.7068157792091371
1,45,0.15308907308762393,5.487695427273437,3.75615398750884,0.3981078863143921,0.4430970549583435,0.1333906352519989
2,88,0.4559195101984998,5.539660915555881,10.546598703837137,0.0017958581447601316,0.7779467105865479,0.0710630714893341
