,event id,width,length,azwidth,p_spot,p_track,p_worm
0,61,0.3863848186610234,11.658913866843426,7.147133522083019,1.0329106771678198e-05,0.9896043539047241,0.01030917465686798
