,event id,width,length,azwidth,p_spot,p_track,p_worm
0,8,0.5661376841412068,0.5982124797153704,0.32051251597367536,0.9999990463256836,5.221718311076985e-07,4.847277068620315e-07
1,11,0.3836981730018086,23.552118976324852,146.1993174482061,0.013147829100489616,0.8599005937576294,0.12123899161815645
2,42,0.27932338264738626,19.47589491872381,115.89521888710308,0.000599399209022522,0.8324723839759827,0.02994461916387081
3,67,0.73323051638549,10.255645995497634,35.19494807930412,3.1269205464923284e-06,0.9816256761550904,0.01836995407938957
