,event id,width,length,azwidth,p_spot,p_track,p_worm
0,21,0.7115319365505314,3.56145082617054,12.052677777569412,0.5645043253898621,0.15714363753795624,0.2735650539398193
1,27,0.4258106047773116,3.2906120123690403,2.017071251802278,0.00022761123545933515,0.7522168755531311,0.2457980811595917
2,45,0.5898406223067393,4.201977250057873,11.6785658031174,0.004185201600193977,0.1545000523328781,0.8408098816871643
