,event id,width,length,azwidth,p_spot,p_track,p_worm
0,11,0.5327268052544575,3.1558839588212666,0.5033597813570101,6.037146158632822e-05,0.9798106551170348,0.01968348957598209
