,event id,width,length,azwidth,p_spot,p_track,p_worm
0,79,0.41351265562179024,1.5233705806540006,0.3083456261722391,0.9994939565658568,0.0003260539087932557,0.00016673067875672132
