,event id,width,length,azwidth,p_spot,p_track,p_worm
0,5,0.4866101671328886,7.410010358981316,9.415648789406903,0.07138348370790483,0.21173931658267967,0.7163868546485901
1,26,5.31077414110925,654.1638571680163,93903.39653950554,0.018200818449258804,0.1853047460317612,0.7963947057723999
2,44,1.7662717580967708,190.11512999496586,34042.204181834364,0.0016219333047047255,0.9388772249221802,0.05940457805991173
3,54,0.35362502712517585,3.0491167235134635,1.6440659843973295,0.004414874594658613,0.783321738243103,0.20833510160446167
4,70,1.4348072056364898,2.722147725341012,6.768508913276206,0.0036170911043882366,0.8476758003234863,0.07938496023416519
5,74,0.338177405812319,1.0893833549136562,0.2877485410716749,0.00021482429292518648,0.003906369674950838,0.9958706498146056
6,77,0.5027900441373979,1.93414594340215,0.2572867786135096,0.6365903615951538,0.19268327951431274,0.07283952832221985
7,87,1.1873576471651353,414.0288007644525,109556.84871259663,0.22199974954128265,0.4476534724235535,0.16689452528953552
8,98,0.5547114376096172,1.1299948823642108,1.104879086632694,0.9999995231628418,2.071545850412804e-07,1.8207225593869225e-07
