,event id,width,length,azwidth,p_spot,p_track,p_worm
0,29,0.3868040589289635,6.726843631031634,1.1114856979684895,0.004765179939568043,0.7351961731910706,0.1894632875919342
1,39,0.29882424227603543,5.339645245776798,0.16526638492694515,0.007362849079072475,0.8410125374794006,0.15105104446411133
2,53,0.4772486857848535,0.9155278628222286,0.4431491375396966,-1.0,-1.0,-1.0
3,95,0.4841751547642995,1.049781118970632,0.4932385277370696,0.9999940395355223,1.790008923308051e-06,4.068006091983989e-06
