,event id,width,length,azwidth,p_spot,p_track,p_worm
0,25,0.3428570298533993,5.396076053790011,6.376659742759898,0.014253905974328518,0.540949821472168,0.4005437791347504
1,28,0.7443271120527368,3.1002585566538308,9.609710414704095,0.0036685063969343896,0.6387929320335388,0.35706427693367004
2,36,0.4200553543268163,3.736020952264637,13.945667311493196,0.03971370309591293,0.4038591980934143,0.5532205104827881
3,37,0.2657094854966406,3.4723169273831176,10.740847258719304,0.003945678938180208,0.8503466248512268,0.1440378725528717
4,48,0.3989104913246432,3.753892310912899,6.553612974720309,0.0073146414943039435,0.5983374714851379,0.3920822143554688
5,85,0.4029672812322387,3.0461517816878407,5.736169061741342,0.03237411007285118,0.8066646456718445,0.1467544287443161
6,96,0.34582636649403603,4.0861132527342585,4.837883174595702,0.00042090730858035386,0.8069325685501099,0.19208456575870514
