,event id,width,length,azwidth,p_spot,p_track,p_worm
0,16,0.3944934330813836,3.8139420952136622,0.3158429317726479,0.001245187595486641,0.8730496764183044,0.05391174182295799
