,event id,width,length,azwidth,p_spot,p_track,p_worm
0,9,0.06888408599513783,2.747371726499836,4.945909380087652,0.0011136221000924706,0.9154546856880188,0.08136206865310669
1,16,0.474282121965422,4.291179109747965,3.026996352691344,0.000673029338940978,0.9301749467849731,0.05733143538236616
2,35,0.5854924363424898,15.108849728196475,4.87289808241712,2.245101859443821e-05,0.9731783866882324,0.026268411427736282
3,73,0.5759584929209859,3.6312970406794056,4.683922697132903,1.2159614016127307e-05,0.9853794574737548,0.014546459540724753
4,89,0.4431983260785685,9.65940478255135,14.594395394084062,0.00029039185028523207,0.9826834201812744,0.016496863216161728
5,97,0.3095857926129079,2.5188135295829315,2.225570642612921,0.00017366620886605233,0.956066071987152,0.034882139414548874
