,event id,width,length,azwidth,p_spot,p_track,p_worm
0,29,1.4732258036693189,312.3312173584956,6228.06720622111,0.2552190124988556,0.011500819586217405,0.7332633137702942
