,event id,width,length,azwidth,p_spot,p_track,p_worm
0,3,0.35863580757979485,3.1697227631902565,0.8778627228885217,0.0002870541356969625,0.935758888721466,0.06104904413223266
