,event id,width,length,azwidth,p_spot,p_track,p_worm
0,2,0.3703270236945981,1.994620803736313,0.2111128986032452,0.03923614323139192,0.7777240872383118,0.1794055700302124
1,10,0.3699593678670698,6.349452928566786,5.308295988987213,0.7335675358772278,0.2001351714134217,0.06213369220495224
2,13,0.2656499366637992,2.366532960211936,0.3787540846875921,0.0007906457176432014,0.8273689150810242,0.1709238439798355
3,19,0.2958615034053844,2.8234018952751527,1.8567196380853577,2.9155876291042664e-06,0.994300365447998,0.005684321280568838
4,64,0.18700439950296305,2.8120420053243094,0.25680823630134103,0.2478784620761872,0.4667306542396546,0.2348021119832993
5,79,0.4966594701291901,8.130086615246867,37.065660943048364,0.0001315104018431157,0.6391878724098206,0.3605309724807739
6,80,0.8636322774097207,2.6623614850976955,1.0682941498236471,6.549428690050262e-06,0.00921771861612797,0.9907756447792052
7,87,0.3874554310809203,0.9710870673465336,0.2151633053429637,0.1372670829296112,0.5321034789085388,0.17092351615428925
8,94,0.3221725319724426,5.0162034263221225,2.8674022904609804,7.287284097401424e-05,0.4415743052959442,0.5583077669143677
