,event id,width,length,azwidth,p_spot,p_track,p_worm
0,6,0.4727815799357413,3.5031954645109176,0.2366593582768065,0.002088237786665559,0.3366033136844635,0.6609386205673218
1,26,0.3325170734997453,4.821715786096663,9.653211239349114,2.0139506887062453e-05,0.8681524395942688,0.13173936307430267
2,36,0.17415960943029266,16.655321182154978,61.165725707838796,0.0026095735374838114,0.9496392607688904,0.03666007146239282
