,event id,width,length,azwidth,p_spot,p_track,p_worm
0,52,0.6429051102046869,0.8526170111570475,0.6022944950862315,0.2361458092927933,0.6186649203300476,0.14366185665130615
1,58,0.3540092332770077,6.023972168112872,30.99103535446313,0.0002691764966584741,0.7541373372077942,0.24493156373500824
