,event id,width,length,azwidth,p_spot,p_track,p_worm
0,10,3.3030214229179347,12.497110981213725,156.15781338749642,4.097535200031643e-09,3.2863987144082785e-05,0.9999669790267944
