,event id,width,length,azwidth,p_spot,p_track,p_worm
0,8,0.38252487645703176,7.653744559621887,1.5023727136881684,6.532956467708573e-05,0.9521564841270448,0.04324101656675339
1,39,0.3668012485763972,5.128383952624807,3.9667862834061536,1.2670761861954816e-05,0.931891143321991,0.0680084377527237
2,46,0.19296628863697365,1.6100627171701205,2.591355424150144,0.9289445281028748,0.05154495686292648,0.015389996580779552
3,50,0.1951763957501461,3.9084233228391736,11.495043461948395,0.030353199690580368,0.8154559135437012,0.14082136750221252
4,60,0.5589719583015543,2.6831365725896004,6.031514435274072,0.0006975971045903863,0.9439808130264282,0.054370492696762085
