,event id,width,length,azwidth,p_spot,p_track,p_worm
0,6,0.5178141841046766,24.57127952663173,25.844553692493434,-1,-1,-1
