,event id,width,length,azwidth,p_spot,p_track,p_worm
0,42,0.4490272277543829,2.0178639496087456,1.0543517512237952,0.00048278004396706814,0.9417849779129028,0.05692240223288536
