,event id,width,length,azwidth,p_spot,p_track,p_worm
0,41,0.6032988113220338,6.450407008992318,0.5676218194452519,0.00032682094024494285,0.4788741171360016,0.5201781988143921
1,50,1.4544426760645992,7.1693503790114335,2.7240595117285547,0.8865269422531128,0.02727910690009594,0.0856132060289383
