,event id,width,length,azwidth,p_spot,p_track,p_worm
0,14,0.5085456648719424,20.79704128504761,154.8904609455725,-1,-1,-1
