,event id,width,length,azwidth,p_spot,p_track,p_worm
0,23,14.591750319436624,278.06250344809655,35812.885994849545,9.915128430293409e-06,0.9820660948753356,0.01791573502123356
