,event id,width,length,azwidth,p_spot,p_track,p_worm
0,18,0.14012507067825736,10.417575755274266,24.882858723371744,2.5919434847310182e-05,0.9965439438819884,0.0026785254012793303
