,event id,width,length,azwidth,p_spot,p_track,p_worm
0,47,0.26840109258553074,4.753178960085415,18.284626258145146,1.237549713550834e-05,0.99525648355484,0.0047120805829763395
