,event id,width,length,azwidth,p_spot,p_track,p_worm
0,3,0.5697413333919629,2.93343114185287,2.0261188456301285,0.0017827103147283194,0.5246480107307434,0.4730416536331177
1,15,0.40905670413413503,4.280807645592684,0.16831832435688932,7.429566176142544e-05,0.9580159783363342,0.040851008147001266
2,46,0.6438993396767421,4.607529161085632,15.948133992814753,4.468428232939914e-05,0.18854743242263794,0.8113927841186523
3,62,0.3595792888313664,17.684684718380296,298.2911172724685,2.626930836413521e-05,0.9845549464225768,0.014517332427203657
4,65,0.2934290638131697,2.1941093302830765,0.0961617775473554,0.0021989592351019387,0.9197095036506652,0.07780957967042923
5,70,0.5158773200282986,1.5915842236732167,0.6202573830823619,0.11967235058546065,0.7072139978408813,0.1716097742319107
