,event id,width,length,azwidth,p_spot,p_track,p_worm
0,27,0.4837422738168705,3.375507290820564,0.2439677155646576,-1.0,-1.0,-1.0
1,41,0.30303465351788983,8.718461172960637,48.15192794904437,0.5544551610946655,0.17924639582633972,0.11690518260002135
2,60,0.4925960704053624,0.8036591254461003,0.27409518410104144,0.014565573073923588,0.7741503715515137,0.20935775339603424
3,82,0.30375899111704785,4.535809425269202,0.7365761752889146,0.011329434812068941,0.4933927953243256,0.4741903245449066
