,event id,width,length,azwidth,p_spot,p_track,p_worm
0,58,0.32861978806130554,2.6790656777214497,1.4219039597646659,0.02961731143295765,0.31990188360214233,0.6503098011016846
1,67,0.42310214904317206,2.2898200122491863,0.2008813454783592,0.00547366589307785,0.9201191663742064,0.07338348031044006
2,68,0.4073338797728758,7.576421967527,0.6122163785309671,0.022250333800911903,0.8514158725738525,0.12553715705871582
3,74,0.30614923650740794,1.4901713869076187,0.1483883292318314,0.00013280316488817334,0.9704290628433228,0.02936533652245998
4,80,0.2609780385682823,3.2229050616532926,0.6620324862164279,0.0685654953122139,0.5523004531860352,0.376623272895813
5,96,0.4550017229937509,3.9620170058431317,2.23986784141276,0.0002205356431659311,0.9131343364715576,0.06263870745897293
6,97,0.3910658781888369,7.605094343521526,1.3806645395531365,0.0012773805065080526,0.9502546787261964,0.04841039329767227
7,100,0.19754118062943732,2.0570463215755144,0.3671613248757801,0.1847238689661026,0.5450257658958435,0.1920086145401001
