,event id,width,length,azwidth,p_spot,p_track,p_worm
0,38,0.6502292625381739,36.71874005566453,15.383500709223863,0.0013671189080923796,0.7928302884101868,0.20532457530498505
1,44,1.8686011518338523,50.35472684710327,1392.981655153241,0.006719808094203472,0.03920195996761322,0.9540441632270812
