,event id,width,length,azwidth,p_spot,p_track,p_worm
0,8,0.250621491857785,7.563550854064063,7.242626194614973,0.00010424290667288004,0.977652668952942,0.01875676587224007
1,22,0.3671125349697907,14.7333423918836,20.70408063310041,0.004783141426742078,0.9097459316253662,0.08470012992620468
2,27,4.370100456282247,421.26036134773005,85.84041621709814,0.0002078184334095568,0.8641905784606934,0.13528506457805636
3,38,0.3701238124339506,10.337412089250106,4.385543469292533,1.1156786285937417e-06,0.9989032745361328,0.0010937689803540707
4,42,0.601499615596954,12.390696079065812,56.876644544834356,0.002264291513711214,0.8759790062904358,0.1212242990732193
5,62,0.4374396389072373,11.237044237028284,41.15556379654277,4.170902684563771e-06,0.9964924454689026,0.003335796296596527
6,64,0.5422655418522743,11.916147878730932,61.13350300750963,0.003132358193397522,0.8766738176345825,0.1199650540947914
7,79,0.4555179884666557,10.197080876157688,17.171378069655283,6.1994774114282345e-06,0.9560151100158693,0.04383934661746025
8,93,0.9742801503212944,28.34847556687495,78.45467385577416,0.0035492239985615006,0.03475184366106987,0.9616972208023072
