,event id,width,length,azwidth,p_spot,p_track,p_worm
0,89,0.5281442271858092,24.193281093174033,88.13968126694073,9.182826943288092e-06,0.9920841455459596,0.007903626188635826
