,event id,width,length,azwidth,p_spot,p_track,p_worm
0,21,0.4828784439952923,2.646028665311078,1.4272398775441888,0.0010567842982709408,0.8940392136573792,0.08867117017507553
1,37,0.7857665567829302,18.176976685390933,3.3940956384720047,0.0007798441220074892,0.06552765518426895,0.9336384534835817
2,57,0.5357017699540255,12.567777988826716,137.52219288813998,0.004635988269001246,0.7292119264602661,0.2636754214763641
3,61,0.3874741319479769,15.936984607245732,59.924782481647185,0.2051885575056076,0.6607473492622375,0.13335376977920532
