,event id,width,length,azwidth,p_spot,p_track,p_worm
0,10,0.22642939383106914,23.113480224847173,136.20420567293138,0.00026293619885109365,0.9066058397293092,0.015650013461709026
1,24,0.3025209240397531,9.292761955748672,1.9723665650866544,0.00039520574500784283,0.9733639359474182,0.024836523458361626
2,28,0.3453856061519295,22.383202813791925,209.14798981982395,4.2804444092325866e-05,0.9844022989273072,0.014122268185019491
3,45,0.427070754236284,9.49267717654955,2.424274462035932,-1.0,-1.0,-1.0
4,60,0.6843222868551602,21.60934408545298,361.6387704556457,5.449071613838896e-05,0.9770734310150146,0.02231014147400856
5,99,0.4794570366965709,27.801462174503154,191.64035868631942,0.024559900164604187,0.2640672326087952,0.707921028137207
