,event id,width,length,azwidth,p_spot,p_track,p_worm
0,24,0.3731154408772056,18.299849302503517,74.11591352595794,2.5333200028399012e-05,0.9288983345031738,0.07070738822221756
1,34,0.5608879000141662,24.206831319528824,208.469746315716,4.616600199369714e-05,0.97199809551239,0.027747947722673416
2,57,0.4869784121209117,31.63701192304679,721.6266636145302,0.0001004706646199338,0.9218942523002625,0.07770975679159164
