,event id,width,length,azwidth,p_spot,p_track,p_worm
0,59,0.4026980930050715,16.88318125775369,195.7730024987026,0.00031446153298020374,0.9725385308265686,0.024768093600869186
