,event id,width,length,azwidth,p_spot,p_track,p_worm
0,5,0.4445924788534393,18.12150958749034,24.77737031587688,0.0024678807239979506,0.8206386566162109,0.1738840937614441
1,7,0.9499982085389715,0.9780906907621276,0.9500976908085442,0.999991774559021,1.4828896155449909e-06,6.673082680208609e-06
2,90,0.4473894187856482,35.439379472578494,1228.736841917135,0.0012203226797282696,0.8473029732704163,0.14869852364063266
