,event id,width,length,azwidth,p_spot,p_track,p_worm
0,64,7.030812816547438,14.712731710578508,84.96284121148999,0.0014709148090332749,0.003037989139556885,0.9954906105995178
1,78,0.3433100779904667,35.814523082265204,685.8051932424742,0.0002668504894245416,0.9857363104820251,0.011509706266224384
2,82,0.8332211677993953,26.1084194857726,0.6989641200474973,0.03655337169766426,0.154486745595932,0.8084074258804321
3,85,0.44559300102838106,39.98650168373364,1038.0981057980425,0.0006140714976936579,0.7144966721534729,0.28280898928642273
