,event id,width,length,azwidth,p_spot,p_track,p_worm
0,37,0.7686421092809971,19.43601623714432,288.36331539878535,0.003217696212232113,0.9419315457344056,0.05447283759713173
