,event id,width,length,azwidth,p_spot,p_track,p_worm
0,19,0.4495804710669141,14.461232547221925,49.13234685428646,7.373625521722715e-06,0.9970243573188782,0.002964617917314172
1,24,0.3130373117645524,19.2594199762663,0.4138484612357707,0.6242446303367615,0.2464907616376877,0.1291465014219284
2,27,0.3966725392949637,21.81177291443316,174.20724405371303,0.006781258154660463,0.8423764705657959,0.15058232843875885
3,28,0.9616630069254152,7.725708630177968,10.236355232066707,0.00034544029040262103,0.165841743350029,0.8334532976150513
4,42,0.5401115250076544,4.2608989319254515,1.5987034878040822,2.6750126380648e-06,0.9940798878669742,0.005903128534555435
5,45,0.5242728906507387,8.046359425784424,1.4771503918080433,4.484567853069167e-06,0.9572368264198304,0.042753614485263824
6,76,0.24963173528817484,1.0279094125483057,0.062318448269567686,0.2569664120674133,0.6852201223373413,0.05107666179537773
