,event id,width,length,azwidth,p_spot,p_track,p_worm
0,22,0.5236762957306375,45.969410586100814,248.64038454902507,0.9479135870933532,0.005078537855297327,0.03402883186936378
1,26,0.5244234393525969,7.1235379810802675,2.45460949395621,0.0007840387988835572,0.7781689167022705,0.220029965043068
2,59,0.4280573227040453,30.880117041957515,523.0453742662835,2.5051499505934767e-06,0.993026852607727,0.006716615054756403
