,event id,width,length,azwidth,p_spot,p_track,p_worm
0,27,0.5234550832580023,7.0547299934321535,2.251459531813088,1.3530762998925638e-06,0.9869465827941896,0.0130482604727149
1,40,87.61082212249576,93.32919388830652,8326.37295417698,0.9997894167900084,3.644325988716446e-05,0.00017269093950744716
2,57,0.3951189121807899,18.44272127570071,39.1416190900659,0.048503320664167404,0.730185329914093,0.21950510144233704
3,88,0.6055170275833175,35.074159543786266,93.74030707892858,0.024000978097319603,0.922051191329956,0.0532810315489769
4,89,2.4102237412739624,5.286894354663762,5.816435499836367,9.834431935473733e-09,8.784158853814006e-05,0.9999121427536012
5,93,0.37229981767009457,12.219867411497777,96.12447279026638,-1.0,-1.0,-1.0
