,event id,width,length,azwidth,p_spot,p_track,p_worm
0,10,0.4956230238558056,32.892532158648294,96.29648147579702,0.011178500019013882,0.3901675045490265,0.5737504959106445
1,16,0.4549240785748284,14.24695166812556,186.87585331895215,0.012085923925042152,0.2877968847751617,0.6647933721542358
2,37,0.3720876214357832,5.939091115976102,13.757129236144705,0.000582006701733917,0.9204452037811279,0.02499757520854473
3,42,0.378260196121924,17.47350580412099,52.98697125054261,0.05283427238464356,0.8383579254150391,0.059335678815841675
4,67,0.6587255629397142,30.298735311098792,609.8620077694596,0.9699735641479492,0.009004422463476658,0.02099611610174179
5,77,0.8125583414862253,30.55687988285501,496.0019211222725,0.971510112285614,0.00038414623122662317,0.02810232900083065
6,81,0.3643168785748892,11.74828276332168,19.54244827108843,0.011305992491543293,0.03627003356814385,0.033018652349710464
7,95,1.7836725916393557,9.496211448843646,3.647095978264303,8.514574005857867e-07,0.0020436849445104603,0.9979536533355712
8,96,0.2525880452230337,21.63242125467802,51.43541845574386,0.0013707733014598489,0.807778537273407,0.12785781919956207
