,event id,width,length,azwidth,p_spot,p_track,p_worm
0,10,0.3199462887905131,10.058423410600561,3.1300237697030724,5.578843229159247e-06,0.9917570948600768,0.0069730160757899284
1,31,0.4242791792829298,10.217216562496228,2.890986251362029,1.5649773558834568e-05,0.9798634648323059,0.02011255547404289
2,44,0.5967158950067654,16.470625940960055,0.5138247536128316,0.0014759193873032928,0.6784945130348206,0.31978246569633484
3,56,0.5611871756491639,18.602152687803198,3.546485325837084,0.003684538416564465,0.8006869554519653,0.1932985931634903
