,event id,width,length,azwidth,p_spot,p_track,p_worm
0,10,0.46062294653494895,17.158282266251767,104.3773015828628,0.22354821860790253,0.6902617812156677,0.0852493867278099
1,21,0.4956953252260721,28.59883578174877,793.5606325713009,0.030363041907548908,0.11408903449773787,0.8106933236122131
2,27,0.7920062138872309,116.19544138893231,7537.816573150624,0.941511571407318,0.0367526039481163,0.021620530635118484
3,63,0.1287647703267771,13.221875698376367,172.58273254707558,0.7574591040611267,0.21699689328670504,0.025030964985489845
4,65,0.8235856970870026,2.495783811136357,3.133515852585004,0.0007451398414559662,0.9812532067298888,0.01735156774520874
5,68,0.6928396718806745,26.877079168598623,307.33085688223684,0.013501267880201341,0.08824611455202103,0.8978658318519592
6,77,1.5090294104906208,18.812517092075538,137.22203242275154,-1.0,-1.0,-1.0
7,89,0.5685149824213015,24.512121811494946,341.4690374100589,0.00042277507600374514,0.984691560268402,0.014836188405752182
