,event id,width,length,azwidth,p_spot,p_track,p_worm
0,5,0.4188717355297688,20.992533184933976,177.53324938049468,0.09125173091888428,0.7551530003547668,0.15010806918144226
1,12,0.8524970925265244,36.77728013417428,372.07833429674866,0.6021945476531982,0.04202330857515335,0.3556129634380341
2,22,4.735144017177189,14.061619938014363,110.27153413307128,1.579488184688671e-06,0.006794651970267296,0.9932036399841307
3,25,6.6871859557918665,1201.633339992907,42151.58251854002,0.32728397846221924,0.540643572807312,0.13067522644996646
4,29,0.3701684457030498,24.060715537406587,361.8548670601442,0.0003172217111568898,0.9524179697036744,0.04032614082098007
5,34,0.4419294570577068,20.28114292659591,0.35135659353012705,5.17754278916982e-06,0.9935291409492492,0.0064578414894640454
6,74,0.2498975303669969,19.31121564488269,12.811894366283074,0.00010575913620414211,0.9838621020317078,0.015875767916440964
7,84,0.6446545107809503,14.011838999071431,77.33782969128623,0.00014318553439807152,0.772373616695404,0.2273547500371933
8,87,0.4104553650425822,16.194071573492035,155.3674642957277,0.0008401981322094798,0.9564616680145264,0.042355045676231384
