,event id,width,length,azwidth,p_spot,p_track,p_worm
0,31,0.3635837430873575,20.684687193411342,6.171156450594605,6.5916228777496136e-06,0.9987832903862,0.0012085911585018039
1,46,0.4283369922101486,4.686116815465227,6.132841520741753,8.017470099730417e-05,0.9156413674354552,0.08371331542730331
