,event id,width,length,azwidth,p_spot,p_track,p_worm
0,5,0.5000210350117333,11.667007879098165,27.63218910697145,0.0006356954108923674,0.9694691300392152,0.02975340001285076
1,38,0.9700214791144364,41.1618991151732,175.56469527553998,0.0011056900257244706,0.2392030507326126,0.7588835358619691
2,41,0.4072786723650909,40.84725442801818,319.2878165623796,2.2292229004960973e-06,0.9323010444641112,0.06769519299268723
3,53,1.4243230757575909,45.097570696894216,938.7521850865137,0.14668646454811096,0.017100000753998756,0.83619225025177
4,71,0.5031097801793889,25.497825947360386,1.3734821889383173,0.000208245444810018,0.9692028760910034,0.030508162453770638
