,event id,width,length,azwidth,p_spot,p_track,p_worm
0,23,0.5825743168245721,27.80747753061685,36.43292552997072,0.0012614676961675284,0.9147005677223206,0.08373503386974335
1,50,3.139696870537036,45.168489391802595,2040.1887345638377,0.0014636577107012276,0.93713641166687,0.06128482148051264
2,53,0.767965310353452,23.710612788461837,104.14819428732378,0.0001814825227484107,0.9168486595153807,0.08296853303909303
3,56,12.749938767619152,39.24178511632565,1472.1006006466125,6.99750501098606e-07,0.00043163986993022263,0.9995676875114441
4,59,1.1594632087137702,18.129532782761586,116.37151461121351,1.4677003491669892e-05,0.006538210436701775,0.9934468865394592
5,74,0.4946069591012127,0.5044723412491824,0.2448723982047188,0.011135222390294077,0.35909685492515564,0.07041517645120621
6,87,0.602000281846272,4.666337162369828,18.361152626343767,0.00013101637887302786,0.8492688536643982,0.15047356486320496
