,event id,width,length,azwidth,p_spot,p_track,p_worm
0,26,1.5101941651884316,28.32203633527769,251.37259656659438,0.00014510258915834132,0.963996648788452,0.03555513173341751
1,47,2.497786168414452,17.230222063357488,266.3109304272236,0.4147521555423737,0.10652144253253937,0.1810700595378876
2,51,4.4443876693849536,58.75995788913793,2759.302111840473,0.001166410860605538,0.7342023253440857,0.26445329189300537
3,52,2.903449703568843,18.87834753896114,341.39418892390506,0.03241342306137085,0.13847863674163818,0.8288365006446838
4,77,0.861282253192636,7.727843433881763,21.646944095624228,4.1593997593736276e-05,0.028788825497031205,0.9711672067642212
5,83,18.69793733376786,84.13848667974372,6543.256112190794,0.0009195618331432344,0.7673642039299011,0.231280580163002
6,92,1.4292370253132702,48.816669449080216,2079.6170937212405,0.20097115635871887,0.2675287127494812,0.4030807614326477
