,event id,width,length,azwidth,p_spot,p_track,p_worm
0,12,0.7309093477732759,1.6487389939066008,1.0978143840964762,0.00596510199829936,0.5663294792175293,0.4269718527793884
1,32,5.122786864758392,103.15037716729454,305.6795334878452,8.626476528661442e-07,0.97039133310318,0.029606321826577187
2,33,4.490610157388739,82.32849388550426,3705.3495333939477,6.258107168832794e-05,0.99563866853714,0.004298251587897539
3,47,34.955840925671346,96.86262690153536,5682.479467654397,0.026602556928992268,0.5496815443038939,0.4223227202892304
4,93,0.8689970511251777,1.9075629932080311,0.9543412154699568,-1.0,-1.0,-1.0
5,96,0.9460033356380768,12.913408686408546,51.93207592097791,0.011291291564702988,0.17671184241771698,0.8116998076438904
6,98,0.6740453595958619,8.53712363666939,16.931061384488675,8.533077675565437e-07,0.9972099661827089,0.002783937845379114
