,event id,width,length,azwidth,p_spot,p_track,p_worm
0,34,10.562764218549107,99.50618490236084,9701.662118620568,0.07164613902568817,0.17159263789653778,0.7555997371673584
1,48,2.671394578382481,28.219611693911578,7.57188588465364,1.6057467746577458e-06,0.9908876419067384,0.009110680781304836
2,57,1.1346053747218656,13.380010663060926,119.49312811876892,0.005149413365870714,0.2781756520271301,0.7155848741531372
3,58,2.16156599962876,22.503951489056007,271.0418281127345,0.0004069394781254232,0.4000786542892456,0.5990663170814514
4,71,1.5667098255940752,14.561385949367747,165.63469600949904,0.00013520782522391528,0.842192530632019,0.15730200707912445
5,76,1.3733248345323603,19.68550742298095,229.04821848846046,0.01677977479994297,0.04783690720796585,0.9353577494621276
6,81,1.4843627787650682,26.730168361722164,649.9421789097787,0.0010125283151865003,0.006722951773554087,0.9922608733177184
