,event id,width,length,azwidth,p_spot,p_track,p_worm
0,15,15.011210615432296,52.29643164518684,704.5311003689294,0.0001796056458260864,0.03140891343355179,0.9683964252471924
1,17,13.390672350820351,29.97989027239517,579.2730596154421,0.00060063018463552,0.7525670528411865,0.2463967055082321
2,44,2.0049735586247834,23.14659146605647,408.4025077365709,0.0029629117343574762,0.8995155692100525,0.09541825205087663
3,46,0.8817598578916926,21.64876321778693,228.2232732098001,3.287004437879658e-05,0.9945746064186096,0.005390285514295101
4,85,2.0438034343342064,22.76182522289206,48.30465149948037,0.9934953451156616,0.0007507728296332061,0.001132533187046647
5,87,0.4474034296967913,21.463432231927744,94.27752386445937,0.0011034468188881874,0.8885614275932312,0.11028004437685013
6,91,2.270489933395728,24.771379905982364,351.6375948128932,0.5580469369888306,0.19310717284679413,0.2478547543287277
7,100,12.286251528349053,51.39043106256745,158.02557195971633,0.5548153519630432,0.026928786188364032,0.41821053624153137
