,event id,width,length,azwidth,p_spot,p_track,p_worm
0,8,5.851348491875933,67.61213875354767,1101.1139810939192,0.00040745799196884036,0.8495414853096008,0.1499485820531845
1,9,0.4895038222318045,4.535372372204456,1.8993519328643205,0.00180483958683908,0.6499322652816772,0.3479107618331909
2,32,2.3457496639006763,27.364746260132407,276.58401736798385,0.002795581240206957,0.04731259122490883,0.026378035545349118
3,47,3.4625358663053722,58.40328947323104,1006.6284203739416,0.965030074119568,0.005541180726140738,0.028718603774905205
