,event id,width,length,azwidth,p_spot,p_track,p_worm
0,12,0.5968547958362149,0.6076764082005774,0.3563706254700795,0.9973905682563782,0.00024910792126320297,0.0008792924927547574
1,39,0.2870452314000555,8.211045620552834,61.4292079064961,0.013099580071866512,0.016596725210547447,0.4934206008911133
2,46,1.047159112021098,22.52392045190244,400.1318370738951,0.021324781700968742,0.07205801457166673,0.906580924987793
3,84,0.6850456649705782,2.5701349315656365,6.5501566133533835,0.22431278228759768,0.12220822274684905,0.11682548373937607
4,98,0.6702921736107769,3.8395232185267116,14.076544480340214,0.13616271317005155,0.4987059533596039,0.3631094396114349
5,100,1.0167570420352787,1.8136253634042712,2.878936074208207,0.0029796643648296595,0.07751674205064774,0.9189977645874025
