,event id,width,length,azwidth,p_spot,p_track,p_worm
0,60,2.9519676264160664,15.617304643114732,155.61667467830043,6.363803928266518e-10,3.6807716696785054e-07,0.9999996423721312
1,70,3.25857465913271,44.95906907413264,734.7521266611989,0.6224337816238403,0.1473906636238098,0.16316404938697815
2,90,0.8758952869323197,1.9389854005847649,0.8506417865161346,-1.0,-1.0,-1.0
3,94,6.824323618292091,58.39051336127425,2061.7491509073616,0.7178568243980408,0.08811751753091812,0.19335928559303284
4,100,0.499640435845823,7.509069161639425,56.32529391103378,0.06180452182888985,0.02377087436616421,0.9143204092979432
