,event id,width,length,azwidth,p_spot,p_track,p_worm
0,14,1.6446819608130443,14.880218399025965,192.09328516492104,9.01752983395454e-09,0.0013664097059518099,0.9986334443092346
1,25,1.165174771488005,8.610902605544293,73.7803450142761,0.001770558999851346,0.8390332460403442,0.158400297164917
2,48,0.9371478511785112,11.65671165394861,101.87525472002235,0.12344063818454742,0.07408734411001205,0.8018462657928467
3,54,2.1922847185163503,30.10037094499367,659.7893601302046,0.008860562928020954,0.8565001487731934,0.13421662151813507
4,81,0.5927306006570537,15.5501707666699,133.69615206589555,6.550138641614467e-05,0.9793168902397156,0.02054169587790966
