,event id,width,length,azwidth,p_spot,p_track,p_worm
0,2,0.2720635542757476,2.8876039310848483,3.0017892013174086,-1.0,-1.0,-1.0
1,13,9.147322697525664e-06,0.7070959952745458,0.3102397900917865,0.00777497747913003,0.002794195199385285,0.0049608894623816005
2,26,0.6749301056410092,14.387237452170568,56.501274629924495,1.2024358397866303e-07,0.9986848235130308,0.0013123613316565752
3,32,2.9756563162011047,35.47439260526433,307.6265993537657,-1.0,-1.0,-1.0
4,50,0.5097138145381289,5.967790792638558,0.8495781791893935,0.02620914950966835,0.2838071584701538,0.5441170334815979
5,54,12.174399024884002,46.082917849659935,2113.922160212217,-1.0,-1.0,-1.0
6,80,2.8554518884025164,11.669344029581964,105.31885335863292,-1.0,-1.0,-1.0
