,event id,width,length,azwidth,p_spot,p_track,p_worm
0,7,0.4058105303004976,7.112542076713513,1.7383717335583604,0.0006448572385124862,0.5601086616516113,0.3913842737674713
