,event id,width,length,azwidth,p_spot,p_track,p_worm
0,62,0.34420141055761017,15.929377849940698,177.0389397540804,0.0017739107133820653,0.7943996787071228,0.1383168399333954
