,event id,width,length,azwidth,p_spot,p_track,p_worm
0,64,0.6322774127053868,0.7587780609003529,0.4615360102306927,1.0,4.741141879094357e-08,5.9329586576950526e-08
