,event id,width,length,azwidth,p_spot,p_track,p_worm
0,63,0.33869038423786124,10.315158008379184,99.93177800921214,0.00738554960116744,0.5618723630905151,0.42424049973487854
