,event id,width,length,azwidth,p_spot,p_track,p_worm
0,90,0.4198209672920847,7.662428158510082,15.159026991813814,0.00015617895405739546,0.9333898425102234,0.06400055438280106
