,event id,width,length,azwidth,p_spot,p_track,p_worm
0,59,2.337917565263292,56.52430597092291,3186.987631215428,0.0001282562006963417,0.9970768690109252,0.00278807757422328
