,event id,width,length,azwidth,p_spot,p_track,p_worm
0,82,0.6313204800448061,1.128881339807411,0.5143020581548876,0.9999976158142092,1.0463435273777577e-06,1.2968466762686148e-06
