,event id,width,length,azwidth,p_spot,p_track,p_worm
0,14,0.4916318773017666,10.598599888942415,26.166030355317073,4.12336839872296e-06,0.9967350363731384,0.003134440165013075
