,event id,width,length,azwidth,p_spot,p_track,p_worm
0,61,0.4206705428464951,21.70326942581016,156.4908160905245,5.632968509416968e-07,0.9990111589431764,0.0009852013317868114
