,event id,width,length,azwidth,p_spot,p_track,p_worm
0,91,0.6650454274480581,3.6267855250043097,0.6873687078448921,0.0008808465208858252,0.16011743247509005,0.8389701247215271
