,event id,width,length,azwidth,p_spot,p_track,p_worm
0,65,0.44394137732135214,2.1200106546429605,2.1142207838406293,0.013326454907655716,0.7577362060546875,0.22212186455726626
