,event id,width,length,azwidth,p_spot,p_track,p_worm
0,52,0.9344516773339944,16.739725657365426,20.473467018791485,0.0005229379166848958,0.0213690996170044,0.9780996441841124
