,event id,width,length,azwidth,p_spot,p_track,p_worm
0,31,0.7125924274300399,0.9409906913093448,0.6205630411343284,0.9999988079071044,4.750407640585763e-07,6.703033932353719e-07
