,event id,width,length,azwidth,p_spot,p_track,p_worm
0,20,1.8490564940645675,5.410282345114193,29.27062575903856,1.6396956709074928e-11,1.3180705593640596e-07,0.9999998807907104
