,event id,width,length,azwidth,p_spot,p_track,p_worm
0,46,0.4036985761925904,7.1137502128670524,9.682551288863207,3.085661955992691e-05,0.9024263620376588,0.09750066697597504
1,56,0.3318256932374793,6.678364836327393,32.88857999678312,0.04504526779055595,0.8560824990272522,0.07643015682697296
2,63,0.4135684790926714,8.503723727022576,4.871750598300715,8.573386003263295e-05,0.9874619841575624,0.012234849855303764
