,event id,width,length,azwidth,p_spot,p_track,p_worm
0,19,0.4219029596862853,8.342114537309907,2.0918001885014164,4.7982852265704416e-05,0.9611451029777528,0.00918337982147932
1,63,0.3434765205085205,7.814311342424848,47.739257087808596,0.003712485544383526,0.9750930070877076,0.0174136720597744
