,event id,width,length,azwidth,p_spot,p_track,p_worm
0,28,0.5289372964990985,10.436697219119758,1.0032468134665644,1.1723162060661709e-05,0.99378502368927,0.006201372481882572
