,event id,width,length,azwidth,p_spot,p_track,p_worm
0,68,0.8260844133856021,1.2790146746162832,0.8219221001311301,0.002031960524618625,0.8318795561790466,0.16600054502487185
1,84,0.3684159685145858,4.996472055113076,2.9295872177390514,1.0337099638491054e-06,0.9978203773498536,0.002177397720515728
