,event id,width,length,azwidth,p_spot,p_track,p_worm
0,29,0.3549560643875613,5.974363596167293,6.040019718029683,3.5949326502304765e-06,0.998241662979126,0.0017510323086753488
