,event id,width,length,azwidth,p_spot,p_track,p_worm
0,72,0.3105456363695725,6.8572249135164105,1.0205329837202175,0.00045446227886714036,0.9749009013175964,0.02405829168856144
