,event id,width,length,azwidth,p_spot,p_track,p_worm
0,52,0.3278644887289088,3.080467675657708,0.10948528739838716,0.0013600748497992756,0.9811385273933412,0.01738702319562435
1,96,0.461454972836385,5.221563873104756,16.01849132423948,7.992069186002483e-06,0.7222895622253418,0.2776809930801392
2,100,0.4016780300610615,5.780701495332012,0.3657483976663541,0.0013627525186166167,0.4208834171295166,0.5766789317131042
