,event id,width,length,azwidth,p_spot,p_track,p_worm
0,74,0.4407393025102219,6.876960906262815,18.11998633542327,0.00040352591895498335,0.963939368724823,0.03545651212334633
