,event id,width,length,azwidth,p_spot,p_track,p_worm
0,13,0.3738763851081591,8.797360554813887,17.080722874714425,0.0025442305486649275,0.868027925491333,0.12914031744003296
