,event id,width,length,azwidth,p_spot,p_track,p_worm
0,63,0.6551154347611354,3.5921128017427923,0.4837509733603096,0.009309570305049421,0.1699916571378708,0.8187150359153748
