,event id,width,length,azwidth,p_spot,p_track,p_worm
0,77,0.2579637759916181,11.046093732439774,17.36097084133771,0.005020939745008946,0.15035000443458554,0.07110457867383957
