,event id,width,length,azwidth,p_spot,p_track,p_worm
0,57,0.6011490282604155,1.0802768855752587,0.6828960199532791,0.9999991655349731,3.309748137780843e-07,4.742424550840951e-07
