,event id,width,length,azwidth,p_spot,p_track,p_worm
0,5,0.4238237786093128,7.547911468541429,2.2875734712879465,7.000603363849223e-05,0.9272065162658693,0.039336882531642914
1,34,0.53222345328668,3.1121031249728848,0.8391514946605304,1.4896898392180448e-05,0.9895695447921752,0.010124322958290577
2,55,0.44155540813465066,2.3724561900584082,0.20185744701102745,-1.0,-1.0,-1.0
