,event id,width,length,azwidth,p_spot,p_track,p_worm
0,56,0.5879069028471577,12.07142650942098,26.349746620998484,0.001774809556081891,0.9784320592880248,0.019783614203333855
1,97,0.3518208832286658,9.255219000057679,67.39819138882967,0.0013859719038009644,0.9038982987403872,0.09396480023860933
