,event id,width,length,azwidth,p_spot,p_track,p_worm
0,23,0.4178092720442567,10.731280433884553,24.420256350214572,2.2824575353297405e-05,0.991130232810974,0.008011549711227417
