,event id,width,length,azwidth,p_spot,p_track,p_worm
0,89,0.5958973420206958,2.986444343609456,8.12402517577145,0.00018637918401509523,0.95017409324646,0.04830774664878845
