,event id,width,length,azwidth,p_spot,p_track,p_worm
0,50,0.6125929629310909,1.9298442935495224,0.4124611018832399,0.49492916464805603,0.3624610900878906,0.14126227796077728
1,61,0.537862396056069,4.58494978699807,1.9561863267429644,3.8971800677245476e-05,0.9664979577064514,0.033362384885549545
