,event id,width,length,azwidth,p_spot,p_track,p_worm
0,60,0.7437075379836795,4.6718307335808085,12.725933836590555,0.0010412920964881778,0.1675254851579666,0.8312600255012512
