,event id,width,length,azwidth,p_spot,p_track,p_worm
0,10,0.32635142618192925,3.760822779902665,12.795433082894936,-1,-1,-1
