,event id,width,length,azwidth,p_spot,p_track,p_worm
0,38,8.519501060538646,243.71291272771103,2914.649770715333,0.9241453409194946,0.0117498729377985,0.0634760707616806
