,event id,width,length,azwidth,p_spot,p_track,p_worm
0,8,0.9506299309283242,2.86802578212848,2.518150674998021,0.005660551600158215,0.027252918109297752,0.9670703411102296
1,81,0.4086003624702671,1.6756967576427213,1.0183787981121917,0.9727024435997008,0.021094147115945816,0.005907533224672079
2,90,0.4747992626147295,1.830169264164414,2.410363807903261,0.00727127818390727,0.3595413863658905,0.6327827572822571
