,event id,width,length,azwidth,p_spot,p_track,p_worm
0,97,4.4224172181383065e-05,1.4479147041466731,0.18211688467649484,0.01925647258758545,0.9332975149154664,0.03713953867554665
