,event id,width,length,azwidth,p_spot,p_track,p_worm
0,61,0.7404346449345288,10.99190214752522,87.01233302649824,0.043287631124258034,0.17178025841712952,0.7843964099884033
