,event id,width,length,azwidth,p_spot,p_track,p_worm
0,40,0.2036141478794291,2.6872355681900064,0.7735992691406677,3.000762990268413e-05,0.9900550842285156,0.008541500195860863
1,66,0.5676279825474857,6.431782195539955,19.712647704602908,1.5242554582073352e-05,0.98943030834198,0.01054877508431673
