,event id,width,length,azwidth,p_spot,p_track,p_worm
0,80,0.5270012988713878,2.311945022619325,0.536683868137699,0.05745728313922883,0.7435168623924255,0.19517605006694794
