,event id,width,length,azwidth,p_spot,p_track,p_worm
0,58,0.36460870391314143,3.444837613563694,11.578103243922575,0.0005425593117251992,0.9577884078025818,0.0415465421974659
