,event id,width,length,azwidth,p_spot,p_track,p_worm
0,73,0.7536764453546068,871.1510474324608,45424.06071969766,0.974140465259552,0.01116372924298048,0.014656067825853825
