,event id,width,length,azwidth,p_spot,p_track,p_worm
0,28,0.7550445613346142,1.9387250229347013,1.4977082939327386,0.5272285342216492,0.04847875237464905,0.42384594678878784
