,event id,width,length,azwidth,p_spot,p_track,p_worm
0,94,0.2611325719555949,2.0969729992212667,4.251076819548551,0.0199152696877718,0.8352933526039124,0.1408974826335907
