,event id,width,length,azwidth,p_spot,p_track,p_worm
0,18,0.3559207135836929,1.3173527816267656,0.1399129624273103,0.0037232148461043843,0.6894527077674866,0.2025426924228668
1,96,0.3114248844476882,6.162761808682152,0.3084227414397948,0.2459564208984375,0.3597747683525085,0.3747958838939667
