,event id,width,length,azwidth,p_spot,p_track,p_worm
0,87,0.6195580924162258,6.644234969873049,3.2468949343725755,0.00012952866381965578,0.9504641890525818,0.04919050633907318
