,event id,width,length,azwidth,p_spot,p_track,p_worm
0,99,0.4238283376517967,4.660688263678215,20.259972898529554,7.23889172604686e-07,0.9928620457649232,0.00713493674993515
