,event id,width,length,azwidth,p_spot,p_track,p_worm
0,93,0.8557107380389034,1.636623904746766,2.4895728530444194,0.9820575714111328,0.0068196095526218406,0.010989196598529816
