,event id,width,length,azwidth,p_spot,p_track,p_worm
0,28,0.3840605445901776,5.138496329978556,3.4422064070573324,0.20702175796031952,0.700299859046936,0.08933211117982864
