,event id,width,length,azwidth,p_spot,p_track,p_worm
0,64,0.7377217901389876,0.9811195474996236,0.7195324196747281,0.9999980926513672,5.451863671623869e-07,1.3579492588178257e-06
1,76,0.6858798741364859,1.0322670152145392,0.7541888267719069,0.03322410583496094,0.036437053233385086,0.9290686249732972
2,98,0.5984135509835338,0.7524504866010876,0.5520837917435303,0.9999977350234984,1.0296490700056893e-06,1.1360898497514427e-06
