,event id,width,length,azwidth,p_spot,p_track,p_worm
0,58,0.6895549936841243,2.786123929965404,0.5253548244486737,0.002130732871592045,0.8706474304199219,0.12693488597869873
