,event id,width,length,azwidth,p_spot,p_track,p_worm
0,16,0.4990196219456258,1.0121641843060825,0.7616826423714728,0.9999977350234984,9.589398359821644e-07,1.2629139973796557e-06
