,event id,width,length,azwidth,p_spot,p_track,p_worm
0,51,0.40888904852616303,3.598324518922721,2.5259947599254087,0.002027287846431136,0.5107033252716064,0.4839050173759461
1,73,0.5766272848001002,1.8590591328856805,3.409638102773396,0.6218492984771729,0.16384567320346832,0.2129032462835312
2,92,0.35250560739481496,3.1884586164035285,4.295598131736574,0.01921382732689381,0.4891662001609802,0.4908797740936279
3,97,0.4575061710208919,3.4272146658232305,0.7322208396051246,0.0008124888408929112,0.7831552624702454,0.21068444848060608
