,event id,width,length,azwidth,p_spot,p_track,p_worm
0,25,0.4121129603263621,0.8882287764371347,0.2887457772290375,0.9999997615814208,1.2165317286871868e-07,1.1319204418214214e-07
