,event id,width,length,azwidth,p_spot,p_track,p_worm
0,16,8.357584962320735e-06,1.5662819099766587,0.7756713929587761,0.04501018673181534,0.6936095356941223,0.23814119398593905
1,36,0.4193755944168101,6.936474425196189,48.09313847622936,-1.0,-1.0,-1.0
