,event id,width,length,azwidth,p_spot,p_track,p_worm
0,56,0.3352253631393044,3.891758113598716,2.521540873996542,1.4182395489115152e-06,0.9645966291427612,0.035378508269786835
