,event id,width,length,azwidth,p_spot,p_track,p_worm
0,88,0.5405520367138114,1.1774887675125305,0.3072273841805114,0.9999924898147584,3.626461875683162e-06,3.932929757866076e-06
