,event id,width,length,azwidth,p_spot,p_track,p_worm
0,7,0.4336749538677555,0.7350965356965479,0.4249309849371942,0.006859017536044121,0.6565119028091431,0.33100447058677673
