,event id,width,length,azwidth,p_spot,p_track,p_worm
0,100,0.7556790365798055,9.902210885035393,62.579586747710216,0.007800306193530558,0.10418866574764253,0.8878748416900635
