,event id,width,length,azwidth,p_spot,p_track,p_worm
0,8,0.491152994046964,1.1193684813596736,0.5238797161717397,0.993851900100708,0.0033579259179532532,0.002634210046380759
1,39,0.6713993023725557,1.384960110539921,0.764274142082803,0.9997729659080504,0.0001414255384588614,8.460768731310965e-05
2,68,0.5541160921653323,1.7224204415749549,2.6036299750381304,0.9884214401245116,0.006367973051965237,0.00508474837988615
