,event id,width,length,azwidth,p_spot,p_track,p_worm
0,22,0.5026489272688561,5.547892673599951,0.5806279242064307,0.007856173440814018,0.3107019364833832,0.6770572066307068
