,event id,width,length,azwidth,p_spot,p_track,p_worm
0,40,0.5553592936280495,2.97682642355605,1.2325298704863414,0.023696105927228928,0.29161372780799866,0.6838433742523193
