,event id,width,length,azwidth,p_spot,p_track,p_worm
0,36,0.42752862899454025,9.92702532068979,27.35782824767363,0.00013525279064197093,0.9832947254180908,0.0162731371819973
