,event id,width,length,azwidth,p_spot,p_track,p_worm
0,21,0.36259066410238255,2.7938085746321084,1.2683180092560529,0.0007948258426040411,0.9342804551124572,0.05057882890105248
