,event id,width,length,azwidth,p_spot,p_track,p_worm
0,15,0.5450905986677826,4.826526933120599,0.3594274101051341,3.095689316978678e-05,0.9521138668060304,0.04782883450388909
