,event id,width,length,azwidth,p_spot,p_track,p_worm
0,7,0.5676284677919939,1.0389228182917976,0.5320973341436671,0.999996781349182,1.0088050430567819e-06,2.28530916501768e-06
1,33,0.42249584603149176,1.1374038628470884,0.3155855021053787,0.9999662637710572,1.8308914150111374e-05,1.5267560229403898e-05
2,61,0.5684070823392197,1.6118356268469152,1.0742124092996184,0.9951230883598328,0.003175751538947225,0.0016771958908066154
