,event id,width,length,azwidth,p_spot,p_track,p_worm
0,15,0.6948718276630268,3.7387187558136055,2.2878204812361345,1.706455623207148e-05,0.956027626991272,0.04391494765877724
1,35,0.5429642082529362,6.526586772464403,0.41678501682590907,6.56026677461341e-05,0.817264199256897,0.18200546503067014
