,event id,width,length,azwidth,p_spot,p_track,p_worm
0,19,0.4921518887853444,1.1725011291293712,0.7083532846665214,0.9998152852058412,0.00010242837743135168,8.137305121636018e-05
1,54,0.6924322766437887,1.5000752858865194,0.8566761800535362,0.9891353845596312,0.007766355760395527,0.0030626850202679643
2,72,0.4445560055744892,0.9602984021887556,0.6660628261467666,-1.0,-1.0,-1.0
