,event id,width,length,azwidth,p_spot,p_track,p_worm
0,4,0.3805626848744879,3.6758399259656422,4.221921438690816,4.837085725739598e-06,0.9900633692741394,0.009833244606852531
