,event id,width,length,azwidth,p_spot,p_track,p_worm
0,10,0.4762148268315154,6.773679150276068,14.317801707594647,0.0009138864697888496,0.7717598080635071,0.2126806229352951
