,event id,width,length,azwidth,p_spot,p_track,p_worm
0,95,0.3400494167413377,3.3736889455879657,2.4696034866042686,0.0030256439931690693,0.6884850263595581,0.2961776852607727
