,event id,width,length,azwidth,p_spot,p_track,p_worm
0,12,0.7891832691331293,2.182216835257161,1.3676133162265292,0.2363225370645523,0.4754780530929565,0.2864733934402466
1,61,0.4962076743803717,1.5930820231765717,1.8434550978714264,0.9976047277450562,0.0016322290757671,0.0007541055092588067
2,92,0.5887941289553542,2.1133741434174382,1.7000366631483899,0.07851898670196532,0.8385387063026428,0.08247372508049011
