,event id,width,length,azwidth,p_spot,p_track,p_worm
0,8,0.6741714508563723,1.167357337137353,1.0128696360126754,0.9999887943267822,2.19995308725629e-06,8.887008334568236e-06
