,event id,width,length,azwidth,p_spot,p_track,p_worm
0,93,1.0389850419697713,1.7619498348219276,1.1006074494098428,0.9780566692352296,0.007718565873801708,0.01369715854525566
1,98,0.6414935128682767,0.6970072735580041,0.4228932135962569,0.9999977350234984,1.06391848930798e-06,1.1572351468203124e-06
