,event id,width,length,azwidth,p_spot,p_track,p_worm
0,8,0.8707055483942671,0.9303828647167972,0.8487892715886919,0.999992609024048,2.399129243713105e-06,5.0593394007592005e-06
1,24,0.5036981162790056,3.159805348409768,0.971964927934732,0.00023352651624009013,0.7737342119216919,0.22583192586898804
2,74,0.6019932776229809,0.9558939630912424,0.3624235439741864,0.999984622001648,6.027147719578353e-06,9.305847925134005e-06
