,event id,width,length,azwidth,p_spot,p_track,p_worm
0,67,0.35043307544987506,1.8171905807986584,0.3776713884610856,0.0017945592990145085,0.9737083911895752,0.02431648969650269
