,event id,width,length,azwidth,p_spot,p_track,p_worm
0,73,0.44395912491207895,0.5407509065706434,0.25236335420008155,0.11530670523643495,0.6754061579704285,0.19707684218883514
