,event id,width,length,azwidth,p_spot,p_track,p_worm
0,86,0.6773387057683411,0.8128979205221537,0.592533229087106,0.9999997615814208,9.979498116763352e-08,1.0414989048967982e-07
