,event id,width,length,azwidth,p_spot,p_track,p_worm
0,66,0.3756014314974887,4.769691989081996,15.306276398231034,0.00030337346834130585,0.9306848645210266,0.06775003671646118
