,event id,width,length,azwidth,p_spot,p_track,p_worm
0,12,0.651421189895658,1.3546266564403648,1.4636101830569503,0.9999226331710817,3.883635508827865e-05,3.815320815192536e-05
1,94,0.8279431202931412,0.9916769110914004,0.7779871562079883,0.999984860420227,5.7768884289544076e-06,9.466431947657837e-06
