,event id,width,length,azwidth,p_spot,p_track,p_worm
0,69,0.579336299641479,0.9556451458391134,0.5801219597332289,-1.0,-1.0,-1.0
1,75,0.4029469890260305,1.9831461861084143,2.9568981238696272,0.7644877433776855,0.1489618420600891,0.08613657206296921
