,event id,width,length,azwidth,p_spot,p_track,p_worm
0,43,0.3546744490751372,2.242547177240658,1.6498298423668798,0.0002636911522131413,0.9012624025344848,0.09836030006408693
1,73,0.3715321937863373,3.8746119123795446,14.98844785752307,0.011100751347839829,0.6190657615661621,0.3682878613471985
2,93,0.419209125220204,2.5345133580075783,5.690681529115398,0.06864915043115616,0.6159307956695557,0.3001072704792023
