,event id,width,length,azwidth,p_spot,p_track,p_worm
0,39,0.4144340412799857,2.2314571731306967,4.790844195211258,0.004833637736737728,0.8287573456764221,0.16490773856639862
