,event id,width,length,azwidth,p_spot,p_track,p_worm
0,84,0.8829655116324993,1.0934026877792389,1.1201855301907404,0.9999892711639404,2.6749180506158163e-06,8.056488695729057e-06
