,event id,width,length,azwidth,p_spot,p_track,p_worm
0,73,0.3393890333489504,5.092265802117435,4.4410239316495765,0.00369773292914033,0.3802756071090698,0.5999781489372253
