,event id,width,length,azwidth,p_spot,p_track,p_worm
0,21,0.6415971184020712,0.7109021562265138,0.4160217367229655,0.9999980926513672,8.514150522387355e-07,1.0837538866326213e-06
