,event id,width,length,azwidth,p_spot,p_track,p_worm
0,1,0.5613272849704121,39.40862174803737,202.18114050647188,1.8695487597142346e-05,0.9754029512405396,0.02453676052391529
1,13,0.6049457129499195,38.10498001268082,688.2572207011802,0.0028280720580369234,0.7018810510635376,0.29450681805610657
2,14,0.7690531849167725,18.048482402758502,41.01874732865633,0.0001993799232877791,0.7956771850585938,0.20401859283447266
3,23,0.8375240176001304,70.22345835615336,1512.5365359710095,0.9999994039535522,2.4563502165619866e-07,3.477397569895402e-07
4,35,0.8086542801269638,31.59429584110993,705.5041949163734,0.002772756619378925,0.05187592655420303,0.9452977180480956
5,55,1.3350331558528412,41.52057204042868,147.47251464702308,0.0036093972157686953,0.007837187498807907,0.9885369539260864
6,64,0.5753173166987406,36.773444019460776,74.78140136909566,0.0011044144630432127,0.7020156979560852,0.29341208934783936
7,81,0.4748878428639112,3.205970207194672,0.2462529330935246,-1.0,-1.0,-1.0
8,82,0.5849561496640746,36.672232398419965,1196.393842082506,0.000996785587631166,0.337965190410614,0.660849392414093
