,event id,width,length,azwidth,p_spot,p_track,p_worm
0,99,0.6118494600775106,3.5982804715697427,0.3761759954655878,0.00011904146958841014,0.9492181539535522,0.05039937421679497
