,event id,width,length,azwidth,p_spot,p_track,p_worm
0,20,1.4896303437252876,24.36182324310769,54.57262093239446,8.082747081061825e-05,0.7361096739768982,0.2638091146945953
1,40,0.6590093965930677,39.918663150715886,660.8242940784858,9.555818905937484e-06,0.9877190589904784,0.01227115560323
2,51,0.7317044386068371,32.73696099202031,130.16422970849752,2.1150166503502987e-05,0.9624712467193604,0.037493996322155
3,62,0.5811895778955385,25.245026213645808,49.1173356228522,-1.0,-1.0,-1.0
4,71,0.5543385797295736,49.308746372917355,320.60644908251663,2.097332526318496e-06,0.9950343370437622,0.004963293205946685
5,74,0.9441255787276648,30.912722548903783,171.39449654226775,0.00931609608232975,0.14868736267089844,0.8419803977012634
6,77,4.136178427141512,44.83789037316882,61.443193736482975,1.7813415524869927e-06,0.060504630208015435,0.9394087195396424
7,79,0.8521023591438422,44.17039385420082,16.223733100617125,0.001254224218428135,0.03299788758158684,0.9657369256019592
8,98,0.4883264303866696,42.02021077878473,503.8333705481872,5.286000828164107e-07,0.9983437061309814,0.0016557088820263743
