,event id,width,length,azwidth,p_spot,p_track,p_worm
0,88,0.560469123244547,5.0144496868118935,13.532012079704312,6.878184194647473e-06,0.9629439115524292,0.03657635673880577
