,event id,width,length,azwidth,p_spot,p_track,p_worm
0,3,2.206508994351187,35.25266191795481,648.3854358291868,0.00558210676535964,0.15202568471431732,0.841400146484375
1,12,0.8494619084361654,29.88498780232209,7.453289926771842,0.0017621064325794578,0.09990451484918594,0.8983173966407776
2,14,0.554045983717752,42.44330831905821,602.1368553452312,1.4297320376499554e-05,0.9838882088661194,0.01560061704367399
3,41,0.22454940855188,1.0108414999817137,0.4221448509714382,0.045019473880529404,0.4953864216804504,0.4556150436401367
4,53,0.4911524632210023,45.137848221983994,371.9361447856393,8.047134542721324e-06,0.9735479354858398,0.02632858231663704
5,73,0.7097407099909391,36.174360042313474,50.7733303461838,0.0007465610979124904,0.0878748819231987,0.9113483428955078
6,84,0.5409238880783976,35.907657867334215,738.2748304885782,1.330556915490888e-05,0.9732656478881836,0.026616115123033524
7,89,0.6629688462561071,35.922460404272535,20.834844286927527,0.00174506357870996,0.3055693805217743,0.6926059722900391
