,event id,width,length,azwidth,p_spot,p_track,p_worm
0,11,1.4687440244035848,30.646538698546692,193.58797704470268,0.0026351388078182936,0.2311207354068756,0.7588928937911987
1,14,0.7469094777613207,38.79600088402317,1043.4269250053617,0.001958506414666772,0.7292789816856384,0.26867082715034485
2,19,0.5625014255530808,42.96541178507077,1059.2883861230366,3.5614029911812395e-05,0.9953125715255736,0.004650705959647894
3,27,10.240356390354558,45.087602844098136,161.73942551086097,8.396031262236647e-06,0.9825711846351624,0.017416032031178474
4,39,0.6192005574172263,36.22068948886521,236.47996573072032,8.425481792073697e-05,0.9655921459197998,0.03430391848087312
5,78,0.4884771548503589,33.30839991799162,836.7992570185222,1.8611248151501056e-06,0.9923795461654664,0.007618102245032787
6,79,0.7080077890536657,29.09878445218861,117.3838575912888,-1.0,-1.0,-1.0
7,82,0.6681781220912,39.06708499605366,335.79029039098566,8.691894208823212e-07,0.9965583682060242,0.003440523752942681
8,94,4.076220276298075,26.32477002480157,16.72852854347863,4.815478682473895e-09,0.0007644814904779196,0.9992351531982422
