,event id,width,length,azwidth,p_spot,p_track,p_worm
0,1,0.4726908887206033,38.492538183455245,374.8196186372349,9.774618774827104e-06,0.997007429599762,0.002982140053063631
1,15,0.5916322647397604,36.65424183786097,42.46678346973321,9.582178108757944e-07,0.9955542683601379,0.004444808233529329
2,22,0.4983658206323494,22.132034434244595,117.61015790266741,-1.0,-1.0,-1.0
3,28,5.328750927056047,93.43459994440701,480.05285166910863,9.713307917991187e-06,0.9882275462150574,0.011762119829654694
4,33,0.5129257334068942,35.7436531854385,113.4444726436116,4.071886507972522e-07,0.999351680278778,0.0006478846771642568
5,45,0.4605963747140971,32.09089035928736,421.0872274252158,7.932386552056414e-07,0.9994187355041504,0.0005803898675367236
6,77,8.032696182570815,20.99635082118052,64.52438193937284,3.1012809813546482e-06,0.16437292098999026,0.8356209397315979
7,82,0.8837166860285856,34.088925956786426,12.520765130159528,4.5552529627457254e-05,0.8502805829048157,0.14967374503612518
8,87,0.5795693886189762,38.878508677806906,190.8196604397281,4.851328867516713e-07,0.9993566870689392,0.0006428245687857268
