,event id,width,length,azwidth,p_spot,p_track,p_worm
0,1,0.4879228591094878,11.226260166334724,0.2701209992713894,-1.0,-1.0,-1.0
1,31,0.5751222789401726,35.71785736151007,797.822977795386,0.00018351705512031918,0.9811567664146424,0.018636420369148254
2,49,0.7638314945415257,36.0308822414219,958.5624869496567,0.000619161466602236,0.07815232127904892,0.9212257266044616
3,50,0.5636631329087233,34.07740351209177,395.9355367198538,8.65867332322523e-06,0.9823552966117859,0.01760263368487358
4,54,0.5554221440220374,37.94422827065832,1437.8160341806104,-1.0,-1.0,-1.0
5,76,0.7075456619570859,35.224672463150135,11.799294132529974,0.0007595058414153755,0.8188853263854979,0.1801290065050125
6,84,0.5402333783200536,35.65894640809131,626.8495224940978,4.909744529868476e-05,0.9444882869720459,0.0554233081638813
