,event id,width,length,azwidth,p_spot,p_track,p_worm
0,6,1.3092493285919289,39.84952588441715,195.5500357579581,2.9742250262643214e-05,0.9689617156982422,0.03093017637729645
1,8,0.8713550927099669,45.34380030595255,252.4358354508994,0.0004961311933584511,0.3944841623306273,0.6049986481666565
2,9,0.5230596496138741,42.04145820039329,665.0733997190264,6.806603323639138e-06,0.9979850053787231,0.002002343302592635
3,17,0.7140507038764554,39.82483533055281,39.98403729790309,0.0008355281897820532,0.09119615703821182,0.9079409241676332
4,19,0.5791859725130868,40.69762271084353,70.73808337193009,3.4940854675369344e-05,0.9485020637512208,0.05143855884671211
5,31,0.6775748110268871,32.47944160303773,130.90234132275307,0.0006530169630423187,0.3963658809661865,0.6029579043388367
6,45,1.7178481082249917,27.145824983234558,522.6234101735531,0.00014124253357294952,0.38081541657447815,0.6190422773361206
7,54,0.7648833213856345,39.812270093720215,17.979609160475547,0.0011979179689660668,0.02253101021051407,0.9762685298919678
