,event id,width,length,azwidth,p_spot,p_track,p_worm
0,48,0.5937046716345413,60.78617862233342,3179.722035785633,0.0025333105586469173,0.8750701546669006,0.11732132732868195
