,event id,width,length,azwidth,p_spot,p_track,p_worm
0,90,0.05173444852498622,3.0377759061477647,0.9964079525546876,0.8436696529388428,0.06881066411733627,0.08555427938699722
