,event id,width,length,azwidth,p_spot,p_track,p_worm
0,12,0.6235375991906335,27.22870250690255,209.69716416278374,-1.0,-1.0,-1.0
1,16,0.5015301852719656,37.919636479388366,488.3396363385225,2.0550203316815896e-06,0.996801257133484,0.0031958213075995445
2,36,0.8682349424271184,36.34756507795853,319.32806723071417,-1.0,-1.0,-1.0
3,38,0.7908289131612416,36.046327240161396,14.408106766854663,1.9376464024389853e-06,0.9866195917129515,0.013378293253481388
4,48,0.6811013095011421,23.32653417356709,131.74356267638206,-1.0,-1.0,-1.0
5,53,0.7336569690804191,9.23115026968118,52.2967313528345,-1.0,-1.0,-1.0
6,59,5.661132308535057,34.32306523892746,190.30947959070096,3.9111913793021806e-05,0.8907822966575623,0.10916871577501296
7,61,0.7072532217230777,38.09351614441094,325.8472830162145,8.400860679103063e-06,0.9941779375076294,0.005813581403344871
