,event id,width,length,azwidth,p_spot,p_track,p_worm
0,40,0.5979641337936059,3.478618240774373,8.528025495414314,0.017535340040922158,0.4971276819705963,0.4829640090465546
