,event id,width,length,azwidth,p_spot,p_track,p_worm
0,33,0.21567421464893285,3.9961360221874265,4.7701259660548665,0.00015378081297967583,0.8879220485687256,0.11131513118743896
1,42,0.2270572777129921,1.9729520348435765,1.4113893039075032,0.007256628014147282,0.8283987045288086,0.16364794969558716
