,event id,width,length,azwidth,p_spot,p_track,p_worm
0,39,0.20160131824452585,3.616727737391898,3.1831085675551005,0.00022655904467683285,0.8871977925300598,0.11244051903486252
