,event id,width,length,azwidth,p_spot,p_track,p_worm
0,55,0.4608445888115378,1.3159300852452251,0.3409002402545661,0.02551804855465889,0.6926221251487732,0.2773850858211517
