,event id,width,length,azwidth,p_spot,p_track,p_worm
0,49,0.2300113270026121,1.1253218506975484,0.6738362404513861,0.13351069390773773,0.7187728881835938,0.14110742509365082
