,event id,width,length,azwidth,p_spot,p_track,p_worm
0,37,0.4303749553788628,13.34445036950703,145.53333101534255,-1,-1,-1
