,event id,width,length,azwidth,p_spot,p_track,p_worm
0,96,0.4274746360769056,4.175829237036842,1.1382462206753583,9.825664164964108e-05,0.9728879928588868,0.018656518310308456
