,event id,width,length,azwidth,p_spot,p_track,p_worm
0,84,0.4685364296525311,4.170904475481058,2.0594418519182445,2.924628859091172e-07,0.9995323419570924,0.0004671376082114875
