,event id,width,length,azwidth,p_spot,p_track,p_worm
0,49,1.0891307589684944,5.1681577516709885,13.908636656572876,1.3524366693218323e-07,2.9347336749196984e-05,0.999970555305481
