,event id,width,length,azwidth,p_spot,p_track,p_worm
0,13,0.4710638408231942,3.635613287332201,1.4303358154622632,0.012162487953901293,0.2744043469429016,0.7117435336112976
1,69,3.1845895815714016,284.44812588189626,47394.059987447166,0.017133986577391624,0.1430829018354416,0.8383597135543823
