,event id,width,length,azwidth,p_spot,p_track,p_worm
0,57,0.4710849492500822,2.153663220879221,3.0226170089257187,0.4218421280384064,0.4418153166770935,0.1345285177230835
1,61,0.649102616201911,0.9373296211558806,0.8766469461498653,-1.0,-1.0,-1.0
2,88,1.0991136349904105,3.9987425156066303,3.9681664196378232,0.004724697675555944,0.014596877619624138,0.9806481003761292
