,event id,width,length,azwidth,p_spot,p_track,p_worm
0,97,0.4807697503582807,0.9669764570859009,0.2415437510419633,-1,-1,-1
