,event id,width,length,azwidth,p_spot,p_track,p_worm
0,15,0.18244905487858776,6.175906572647477,6.653379916218411,0.0005271948175504804,0.9819621443748474,0.01576836593449116
