,event id,width,length,azwidth,p_spot,p_track,p_worm
0,88,0.6874506953783756,5.443162466167399,29.523931125564125,0.12226948887109755,0.3547157347202301,0.5218495130538939
