,event id,width,length,azwidth,p_spot,p_track,p_worm
0,66,0.3552613242805201,4.710562081198287,6.123779117222518,0.0002065099833998829,0.9593428373336792,0.014454228803515434
