,event id,width,length,azwidth,p_spot,p_track,p_worm
0,78,0.4038970547485795,3.425562443423108,5.992538875356591,0.00040070473914965987,0.9086453318595886,0.08756252378225328
