,event id,width,length,azwidth,p_spot,p_track,p_worm
0,84,0.5299786493193648,3.641285800416485,8.201879657123625,2.8372187443892467e-06,0.98832768201828,0.011660231277346613
