,event id,width,length,azwidth,p_spot,p_track,p_worm
0,83,0.6286190423939094,4.284637934910915,0.6745803739415474,0.0004623410641215741,0.9244815707206726,0.07350672036409378
