,event id,width,length,azwidth,p_spot,p_track,p_worm
0,84,0.4256309646727837,1.8316779135584709,0.9435994074513184,0.8695091009140015,0.09112081676721573,0.03870934247970581
