,event id,width,length,azwidth,p_spot,p_track,p_worm
0,22,2.5392159861945706e-05,5.400650285028629,0.2496088763577946,0.02366066537797451,0.21936048567295074,0.063368059694767
