,event id,width,length,azwidth,p_spot,p_track,p_worm
0,59,0.4900061413151044,2.0288937165123166,1.6883887744211719,0.007759892381727694,0.686739444732666,0.30327069759368896
