,event id,width,length,azwidth,p_spot,p_track,p_worm
0,35,0.5588887937154178,2.0033074223504257,0.3689426505333969,0.006834161002188921,0.16692042350769046,0.8259491324424744
