,event id,width,length,azwidth,p_spot,p_track,p_worm
0,44,0.1916771732257863,1.268631120089265,0.10896576237386614,0.01815023086965084,0.8243479132652283,0.14903295040130615
