,event id,width,length,azwidth,p_spot,p_track,p_worm
0,64,0.4168878352385667,1.4841386532231566,2.0915597937942563,0.2349269390106201,0.5898677110671997,0.15857140719890594
