,event id,width,length,azwidth,p_spot,p_track,p_worm
0,47,0.4693499111269335,4.896645970844316,0.2388152735663839,4.484230430534808e-06,0.9381468296051024,0.061834469437599175
